eventDate ,eventID,occurrenceID ,decimalLatitude ,decimalLongitude ,eventTime ,habitat ,samplingProtocol ,scientificName ,taxonRank ,scientificNameID ,scientificNameAuthorship ,kingdom ,phylum ,class ,order ,family ,genus , measurementType , measurementUnit ,measurementValue
9/15/2023,SKQ202312S-DBO1.2,SKQ202312S-DBO1.2-Admete solida,62.048664,-175.198946,11:30:48,Benthos,"Plumb-staff beam trawl,  2.26m opening, 7-mm mesh net, 4-mm cod end liner",Admete solida,Species,urn:lsid:marinespecies.org:taxname:576338,"Aurivillius, 1885",Animalia,Mollusca,Gastropoda,Neogastropoda,Cancellariidae,Admete,biomass,Grams per 1000 square meter,13.414
9/15/2023,SKQ202312S-DBO1.2,SKQ202312S-DBO1.2-Amphipoda,62.048664,-175.198946,11:30:48,Benthos,"Plumb-staff beam trawl,  2.26m opening, 7-mm mesh net, 4-mm cod end liner",Amphipoda,Order,urn:lsid:marinespecies.org:taxname:1135,"Latreille, 1816",Animalia,Arthropoda,Malacostraca,Amphipoda,NA,NA,biomass,Grams per 1000 square meter,0.61
9/15/2023,SKQ202312S-DBO1.2,SKQ202312S-DBO1.2-Anonyx,62.048664,-175.198946,11:30:48,Benthos,"Plumb-staff beam trawl,  2.26m opening, 7-mm mesh net, 4-mm cod end liner",Anonyx,Genus,urn:lsid:marinespecies.org:taxname:101592,"Krøyer, 1838",Animalia,Arthropoda,Malacostraca,Amphipoda,Uristidae,Anonyx,biomass,Grams per 1000 square meter,0.122
9/15/2023,SKQ202312S-DBO1.2,SKQ202312S-DBO1.2-Buccinum ciliatum,62.048664,-175.198946,11:30:48,Benthos,"Plumb-staff beam trawl,  2.26m opening, 7-mm mesh net, 4-mm cod end liner",Buccinum ciliatum,Species,urn:lsid:marinespecies.org:taxname:138860,"O. Fabricius, 1780",Animalia,Mollusca,Gastropoda,Neogastropoda,Buccinidae,Buccinum,biomass,Grams per 1000 square meter,70.729
9/15/2023,SKQ202312S-DBO1.2,SKQ202312S-DBO1.2-Buccinum plectrum,62.048664,-175.198946,11:30:48,Benthos,"Plumb-staff beam trawl,  2.26m opening, 7-mm mesh net, 4-mm cod end liner",Buccinum plectrum,Species,urn:lsid:marinespecies.org:taxname:160127,"W. Stimpson, 1865",Animalia,Mollusca,Gastropoda,Neogastropoda,Buccinidae,Buccinum,biomass,Grams per 1000 square meter,89.021
9/15/2023,SKQ202312S-DBO1.2,SKQ202312S-DBO1.2-Buccinum polare,62.048664,-175.198946,11:30:48,Benthos,"Plumb-staff beam trawl,  2.26m opening, 7-mm mesh net, 4-mm cod end liner",Buccinum polare,Species,urn:lsid:marinespecies.org:taxname:138873,"Gray, 1839",Animalia,Mollusca,Gastropoda,Neogastropoda,Buccinidae,Buccinum,biomass,Grams per 1000 square meter,168.286
9/15/2023,SKQ202312S-DBO1.2,SKQ202312S-DBO1.2-Buccinum scalariforme,62.048664,-175.198946,11:30:48,Benthos,"Plumb-staff beam trawl,  2.26m opening, 7-mm mesh net, 4-mm cod end liner",Buccinum scalariforme,Species,urn:lsid:marinespecies.org:taxname:138875,"Møller, 1842",Animalia,Mollusca,Gastropoda,Neogastropoda,Buccinidae,Buccinum,biomass,Grams per 1000 square meter,86.582
9/15/2023,SKQ202312S-DBO1.2,SKQ202312S-DBO1.2-Chionoecetes opilio,62.048664,-175.198946,11:30:48,Benthos,"Plumb-staff beam trawl,  2.26m opening, 7-mm mesh net, 4-mm cod end liner",Chionoecetes opilio,Species,urn:lsid:marinespecies.org:taxname:107315,"Fabricius, 1788",Animalia,Arthropoda,Malacostraca,Decapoda,Oregoniidae,Chionoecetes,biomass,Grams per 1000 square meter,435.349
9/15/2023,SKQ202312S-DBO1.2,SKQ202312S-DBO1.2-Crangon dalli,62.048664,-175.198946,11:30:48,Benthos,"Plumb-staff beam trawl,  2.26m opening, 7-mm mesh net, 4-mm cod end liner",Crangon dalli,Species,urn:lsid:marinespecies.org:taxname:254486,"Rathbun, 1902",Animalia,Arthropoda,Malacostraca,Decapoda,Crangonidae,Crangon,biomass,Grams per 1000 square meter,10.975
9/15/2023,SKQ202312S-DBO1.2,SKQ202312S-DBO1.2-Cryptonatica affinis,62.048664,-175.198946,11:30:48,Benthos,"Plumb-staff beam trawl,  2.26m opening, 7-mm mesh net, 4-mm cod end liner",Cryptonatica affinis,Species,urn:lsid:marinespecies.org:taxname:140525,"Gmelin, 1791",Animalia,Mollusca,Gastropoda,Littorinimorpha,Ticidae,Cryptonatica,biomass,Grams per 1000 square meter,229.259
9/15/2023,SKQ202312S-DBO1.2,SKQ202312S-DBO1.2-Eualus,62.048664,-175.198946,11:30:48,Benthos,"Plumb-staff beam trawl,  2.26m opening, 7-mm mesh net, 4-mm cod end liner",Eualus,Genus,urn:lsid:marinespecies.org:taxname:106986,"Thallwitz, 1891",Animalia,Arthropoda,Malacostraca,Decapoda,Thoridae,Eualus,biomass,Grams per 1000 square meter,8.536
9/15/2023,SKQ202312S-DBO1.2,SKQ202312S-DBO1.2-Euspira pallida,62.048664,-175.198946,11:30:48,Benthos,"Plumb-staff beam trawl,  2.26m opening, 7-mm mesh net, 4-mm cod end liner",Euspira pallida,Species,urn:lsid:marinespecies.org:taxname:140536,"Broderip & G. B. Sowerby I, 1829",Animalia,Mollusca,Gastropoda,Littorinimorpha,Naticidae,Euspira,biomass,Grams per 1000 square meter,78.046
9/15/2023,SKQ202312S-DBO1.2,SKQ202312S-DBO1.2-Gattyana ciliata,62.048664,-175.198946,11:30:48,Benthos,"Plumb-staff beam trawl,  2.26m opening, 7-mm mesh net, 4-mm cod end liner",Gattyana ciliata,Species,urn:lsid:marinespecies.org:taxname:254456,"Moore, 1902",Animalia,Annelida,Polychaeta,Phyllodocida,Polynoidae,Gattyana,biomass,Grams per 1000 square meter,1.219
9/15/2023,SKQ202312S-DBO1.2,SKQ202312S-DBO1.2-Harmothoe imbricata,62.048664,-175.198946,11:30:48,Benthos,"Plumb-staff beam trawl,  2.26m opening, 7-mm mesh net, 4-mm cod end liner",Harmothoe imbricata,Species,urn:lsid:marinespecies.org:taxname:130769,"Linnaeus, 1767",Animalia,Annelida,Polychaeta,Phyllodocida,Polynoidae,Harmothoe,biomass,Grams per 1000 square meter,1.219
9/15/2023,SKQ202312S-DBO1.2,SKQ202312S-DBO1.2-Labidochirus splendescens,62.048664,-175.198946,11:30:48,Benthos,"Plumb-staff beam trawl,  2.26m opening, 7-mm mesh net, 4-mm cod end liner",Labidochirus splendescens,Species,urn:lsid:marinespecies.org:taxname:248348,"Owen, 1839",Animalia,Arthropoda,Malacostraca,Decapoda,Paguridae,Labidochirus,biomass,Grams per 1000 square meter,2.439
9/15/2023,SKQ202312S-DBO1.2,SKQ202312S-DBO1.2-Leptasterias (Hexasterias) polaris katherinae,62.048664,-175.198946,11:30:48,Benthos,"Plumb-staff beam trawl,  2.26m opening, 7-mm mesh net, 4-mm cod end liner",Leptasterias (Hexasterias) polaris katherinae,Species,urn:lsid:marinespecies.org:taxname:379157,"Gray, 1840",Animalia,Echinodermata,Asteroidea,Forcipulatida,Asteriidae,Leptasterias,biomass,Grams per 1000 square meter,113.41
9/15/2023,SKQ202312S-DBO1.2,SKQ202312S-DBO1.2-Leptasterias groenlandica,62.048664,-175.198946,11:30:48,Benthos,"Plumb-staff beam trawl,  2.26m opening, 7-mm mesh net, 4-mm cod end liner",Leptasterias groenlandica,Species,urn:lsid:marinespecies.org:taxname:369176,"Steenstrup in Lutken, 1857",Animalia,Echinodermata,Asteroidea,Forcipulatida,Asteriidae,Leptasterias,biomass,Grams per 1000 square meter,57.315
9/15/2023,SKQ202312S-DBO1.2,SKQ202312S-DBO1.2-Margarites costalis,62.048664,-175.198946,11:30:48,Benthos,"Plumb-staff beam trawl,  2.26m opening, 7-mm mesh net, 4-mm cod end liner",Margarites costalis,Species,urn:lsid:marinespecies.org:taxname:141819,"A. Gould, 1841",Animalia,Mollusca,Gastropoda,Trochida,Margaritidae,Margarites,biomass,Grams per 1000 square meter,1.219
9/15/2023,SKQ202312S-DBO1.2,SKQ202312S-DBO1.2-Myriotrochus rinkii,62.048664,-175.198946,11:30:48,Benthos,"Plumb-staff beam trawl,  2.26m opening, 7-mm mesh net, 4-mm cod end liner",Myriotrochus rinkii,Species,urn:lsid:marinespecies.org:taxname:124446,"Steenstrup, 1851",Animalia,Echinodermata,Holothuroidea,Apodida,Myriotrochidae,Myriotrochus,biomass,Grams per 1000 square meter,296.33
9/15/2023,SKQ202312S-DBO1.2,SKQ202312S-DBO1.2-Nemertea,62.048664,-175.198946,11:30:48,Benthos,"Plumb-staff beam trawl,  2.26m opening, 7-mm mesh net, 4-mm cod end liner",Nemertea,Phylum,urn:lsid:marinespecies.org:taxname:152391,NA,Animalia,Nemertea,NA,NA,NA,NA,biomass,Grams per 1000 square meter,3.658
9/15/2023,SKQ202312S-DBO1.2,SKQ202312S-DBO1.2-Neptunea communis,62.048664,-175.198946,11:30:48,Benthos,"Plumb-staff beam trawl,  2.26m opening, 7-mm mesh net, 4-mm cod end liner",Neptunea communis,Species,urn:lsid:marinespecies.org:taxname:254656,"Middendorff, 1849",Animalia,Mollusca,Gastropoda,Neogastropoda,Buccinidae,Neptunea,biomass,Grams per 1000 square meter,14.634
9/15/2023,SKQ202312S-DBO1.2,SKQ202312S-DBO1.2-Neptunea heros,62.048664,-175.198946,11:30:48,Benthos,"Plumb-staff beam trawl,  2.26m opening, 7-mm mesh net, 4-mm cod end liner",Neptunea heros,Species,urn:lsid:marinespecies.org:taxname:254479,"J. E. Gray, 1850",Animalia,Mollusca,Gastropoda,Neogastropoda,Buccinidae,Neptunea,biomass,Grams per 1000 square meter,45.12
9/15/2023,SKQ202312S-DBO1.2,SKQ202312S-DBO1.2-Notostomum laeve,62.048664,-175.198946,11:30:48,Benthos,"Plumb-staff beam trawl,  2.26m opening, 7-mm mesh net, 4-mm cod end liner",Notostomum laeve,Species,urn:lsid:marinespecies.org:taxname:116974,"Levinsen, 1882",Animalia,Annelida,Clitellata,Rhynchobdellida,Piscicolidae,Notostomum,biomass,Grams per 1000 square meter,2.439
9/15/2023,SKQ202312S-DBO1.2,SKQ202312S-DBO1.2-Ophiura sarsii,62.048664,-175.198946,11:30:48,Benthos,"Plumb-staff beam trawl,  2.26m opening, 7-mm mesh net, 4-mm cod end liner",Ophiura sarsii,Species,urn:lsid:marinespecies.org:taxname:124934,"Lütken, 1855",Animalia,Echinodermata,Ophiuroidea,Ophiurida,Ophiuridae,Ophiura,biomass,Grams per 1000 square meter,20271.173
9/15/2023,SKQ202312S-DBO1.2,SKQ202312S-DBO1.2-Pagurus capillatus,62.048664,-175.198946,11:30:48,Benthos,"Plumb-staff beam trawl,  2.26m opening, 7-mm mesh net, 4-mm cod end liner",Pagurus capillatus,Species,urn:lsid:marinespecies.org:taxname:254489,"Benedict, 1892",Animalia,Arthropoda,Malacostraca,Decapoda,Paguridae,Pagurus,biomass,Grams per 1000 square meter,67.071
9/15/2023,SKQ202312S-DBO1.2,SKQ202312S-DBO1.2-Pagurus trigonocheirus,62.048664,-175.198946,11:30:48,Benthos,"Plumb-staff beam trawl,  2.26m opening, 7-mm mesh net, 4-mm cod end liner",Pagurus trigonocheirus,Species,urn:lsid:marinespecies.org:taxname:254490,"Stimpson, 1858",Animalia,Arthropoda,Malacostraca,Decapoda,Paguridae,Pagurus,biomass,Grams per 1000 square meter,14.634
9/15/2023,SKQ202312S-DBO1.2,SKQ202312S-DBO1.2-Pardalisca,62.048664,-175.198946,11:30:48,Benthos,"Plumb-staff beam trawl,  2.26m opening, 7-mm mesh net, 4-mm cod end liner",Pardalisca,Genus,urn:lsid:marinespecies.org:taxname:101710,"Krøyer, 1842",Animalia,Arthropoda,Malacostraca,Amphipoda,Pardaliscidae,Pardalisca,biomass,Grams per 1000 square meter,0.122
9/15/2023,SKQ202312S-DBO1.2,SKQ202312S-DBO1.2-Phyllodoce groenlandica,62.048664,-175.198946,11:30:48,Benthos,"Plumb-staff beam trawl,  2.26m opening, 7-mm mesh net, 4-mm cod end liner",Phyllodoce groenlandica,Species,urn:lsid:marinespecies.org:taxname:334506,"Örsted, 1842",Animalia,Annelida,Polychaeta,Phyllodocida,Phyllodocidae,Phyllodoce,biomass,Grams per 1000 square meter,1.219
9/15/2023,SKQ202312S-DBO1.2,SKQ202312S-DBO1.2-Polynoidae,62.048664,-175.198946,11:30:48,Benthos,"Plumb-staff beam trawl,  2.26m opening, 7-mm mesh net, 4-mm cod end liner",Polynoidae,Family,urn:lsid:marinespecies.org:taxname:939,"Kinberg, 1856",Animalia,Annelida,Polychaeta,Phyllodocida,NA,NA,biomass,Grams per 1000 square meter,0.122
9/15/2023,SKQ202312S-DBO1.2,SKQ202312S-DBO1.2-Quasimelita formosa,62.048664,-175.198946,11:30:48,Benthos,"Plumb-staff beam trawl,  2.26m opening, 7-mm mesh net, 4-mm cod end liner",Quasimelita formosa,Species,urn:lsid:marinespecies.org:taxname:423709,"Murdoch, 1885",Animalia,Arthropoda,Malacostraca,Amphipoda,Melitidae,Quasimelita,biomass,Grams per 1000 square meter,0.61
9/15/2023,SKQ202312S-DBO1.2,SKQ202312S-DBO1.2-Serripes groenlandicus,62.048664,-175.198946,11:30:48,Benthos,"Plumb-staff beam trawl,  2.26m opening, 7-mm mesh net, 4-mm cod end liner",Serripes groenlandicus,Species,urn:lsid:marinespecies.org:taxname:582749,"Mohr, 1786",Animalia,Mollusca,Bivalvia,Cardiida,Cardiidae,Serripes,biomass,Grams per 1000 square meter,1.219
9/15/2023,SKQ202312S-DBO1.2,SKQ202312S-DBO1.2-Stomphia,62.048664,-175.198946,11:30:48,Benthos,"Plumb-staff beam trawl,  2.26m opening, 7-mm mesh net, 4-mm cod end liner",Stomphia,Genus,urn:lsid:marinespecies.org:taxname:100716,"Gosse, 1859",Animalia,Cnidaria,Anthozoa,Actiniaria,Actinostolidae,Stomphia,biomass,Grams per 1000 square meter,132.922
9/16/2023,SKQ202312S-DBO1.4,SKQ202312S-DBO1.4-Admete solida,62.388669,-174.576124,0:30:33,Benthos,"Plumb-staff beam trawl,  2.26m opening, 7-mm mesh net, 4-mm cod end liner",Admete solida,Species,urn:lsid:marinespecies.org:taxname:576338,"Aurivillius, 1885",Animalia,Mollusca,Gastropoda,Neogastropoda,Cancellariidae,Admete,biomass,Grams per 1000 square meter,3.369
9/16/2023,SKQ202312S-DBO1.4,SKQ202312S-DBO1.4-Admete viridula,62.388669,-174.576124,0:30:33,Benthos,"Plumb-staff beam trawl,  2.26m opening, 7-mm mesh net, 4-mm cod end liner",Admete viridula,Species,urn:lsid:marinespecies.org:taxname:138969,"O. Fabricius, 1780",Animalia,Mollusca,Gastropoda,Neogastropoda,Cancellariidae,Admete,biomass,Grams per 1000 square meter,0.842
9/16/2023,SKQ202312S-DBO1.4,SKQ202312S-DBO1.4-Argis,62.388669,-174.576124,0:30:33,Benthos,"Plumb-staff beam trawl,  2.26m opening, 7-mm mesh net, 4-mm cod end liner",Argis,Genus,urn:lsid:marinespecies.org:taxname:107006,"Krøyer, 1843",Animalia,Arthropoda,Malacostraca,Decapoda,Crangonidae,Argis,biomass,Grams per 1000 square meter,13.475
9/16/2023,SKQ202312S-DBO1.4,SKQ202312S-DBO1.4-Arrhis phyllonyx,62.388669,-174.576124,0:30:33,Benthos,"Plumb-staff beam trawl,  2.26m opening, 7-mm mesh net, 4-mm cod end liner",Arrhis phyllonyx,Species,urn:lsid:marinespecies.org:taxname:102870,"M. Sars, 1858",Animalia,Arthropoda,Malacostraca,Amphipoda,Oedicerotidae,Arrhis,biomass,Grams per 1000 square meter,0.421
9/16/2023,SKQ202312S-DBO1.4,SKQ202312S-DBO1.4-Buccinum,62.388669,-174.576124,0:30:33,Benthos,"Plumb-staff beam trawl,  2.26m opening, 7-mm mesh net, 4-mm cod end liner",Buccinum,Genus,urn:lsid:marinespecies.org:taxname:137701,"Linnaeus, 1758",Animalia,Mollusca,Gastropoda,Neogastropoda,Buccinidae,Buccinum,biomass,Grams per 1000 square meter,85.9
9/16/2023,SKQ202312S-DBO1.4,SKQ202312S-DBO1.4-Buccinum ciliatum,62.388669,-174.576124,0:30:33,Benthos,"Plumb-staff beam trawl,  2.26m opening, 7-mm mesh net, 4-mm cod end liner",Buccinum ciliatum,Species,urn:lsid:marinespecies.org:taxname:138860,"O. Fabricius, 1780",Animalia,Mollusca,Gastropoda,Neogastropoda,Buccinidae,Buccinum,biomass,Grams per 1000 square meter,0.842
9/16/2023,SKQ202312S-DBO1.4,SKQ202312S-DBO1.4-Buccinum polare,62.388669,-174.576124,0:30:33,Benthos,"Plumb-staff beam trawl,  2.26m opening, 7-mm mesh net, 4-mm cod end liner",Buccinum polare,Species,urn:lsid:marinespecies.org:taxname:138873,"Gray, 1839",Animalia,Mollusca,Gastropoda,Neogastropoda,Buccinidae,Buccinum,biomass,Grams per 1000 square meter,48.845
9/16/2023,SKQ202312S-DBO1.4,SKQ202312S-DBO1.4-Chionoecetes opilio,62.388669,-174.576124,0:30:33,Benthos,"Plumb-staff beam trawl,  2.26m opening, 7-mm mesh net, 4-mm cod end liner",Chionoecetes opilio,Species,urn:lsid:marinespecies.org:taxname:107315,"Fabricius, 1788",Animalia,Arthropoda,Malacostraca,Decapoda,Oregoniidae,Chionoecetes,biomass,Grams per 1000 square meter,138.114
9/16/2023,SKQ202312S-DBO1.4,SKQ202312S-DBO1.4-Crangon dalli,62.388669,-174.576124,0:30:33,Benthos,"Plumb-staff beam trawl,  2.26m opening, 7-mm mesh net, 4-mm cod end liner",Crangon dalli,Species,urn:lsid:marinespecies.org:taxname:254486,"Rathbun, 1902",Animalia,Arthropoda,Malacostraca,Decapoda,Crangonidae,Crangon,biomass,Grams per 1000 square meter,3.369
9/16/2023,SKQ202312S-DBO1.4,SKQ202312S-DBO1.4-Cryptonatica affinis,62.388669,-174.576124,0:30:33,Benthos,"Plumb-staff beam trawl,  2.26m opening, 7-mm mesh net, 4-mm cod end liner",Cryptonatica affinis,Species,urn:lsid:marinespecies.org:taxname:140525,"Gmelin, 1791",Animalia,Mollusca,Gastropoda,Littorinimorpha,Ticidae,Cryptonatica,biomass,Grams per 1000 square meter,160.852
9/16/2023,SKQ202312S-DBO1.4,SKQ202312S-DBO1.4-Eualus macilentus,62.388669,-174.576124,0:30:33,Benthos,"Plumb-staff beam trawl,  2.26m opening, 7-mm mesh net, 4-mm cod end liner",Eualus macilentus,Species,urn:lsid:marinespecies.org:taxname:158359,"Krøyer, 1841",Animalia,Arthropoda,Malacostraca,Decapoda,Thoridae,Eualus,biomass,Grams per 1000 square meter,9.264
9/16/2023,SKQ202312S-DBO1.4,SKQ202312S-DBO1.4-Euspira pallida,62.388669,-174.576124,0:30:33,Benthos,"Plumb-staff beam trawl,  2.26m opening, 7-mm mesh net, 4-mm cod end liner",Euspira pallida,Species,urn:lsid:marinespecies.org:taxname:140536,"Broderip & G. B. Sowerby I, 1829",Animalia,Mollusca,Gastropoda,Littorinimorpha,Naticidae,Euspira,biomass,Grams per 1000 square meter,16.843
9/16/2023,SKQ202312S-DBO1.4,SKQ202312S-DBO1.4-Gattyana ciliata,62.388669,-174.576124,0:30:33,Benthos,"Plumb-staff beam trawl,  2.26m opening, 7-mm mesh net, 4-mm cod end liner",Gattyana ciliata,Species,urn:lsid:marinespecies.org:taxname:254456,"Moore, 1902",Animalia,Annelida,Polychaeta,Phyllodocida,Polynoidae,Gattyana,biomass,Grams per 1000 square meter,2.526
9/16/2023,SKQ202312S-DBO1.4,SKQ202312S-DBO1.4-Gorgonocephalus eucnemis,62.388669,-174.576124,0:30:33,Benthos,"Plumb-staff beam trawl,  2.26m opening, 7-mm mesh net, 4-mm cod end liner",Gorgonocephalus eucnemis,Species,urn:lsid:marinespecies.org:taxname:124969,"Müller & Troschel, 1842",Animalia,Echinodermata,Ophiuroidea,Euryalida,Gorgonocephalidae,Gorgonocephalus,biomass,Grams per 1000 square meter,277.912
9/16/2023,SKQ202312S-DBO1.4,SKQ202312S-DBO1.4-Leptasterias (Hexasterias) polaris katherinae,62.388669,-174.576124,0:30:33,Benthos,"Plumb-staff beam trawl,  2.26m opening, 7-mm mesh net, 4-mm cod end liner",Leptasterias (Hexasterias) polaris katherinae,Species,urn:lsid:marinespecies.org:taxname:379157,"Gray, 1840",Animalia,Echinodermata,Asteroidea,Forcipulatida,Asteriidae,Leptasterias,biomass,Grams per 1000 square meter,277.069
9/16/2023,SKQ202312S-DBO1.4,SKQ202312S-DBO1.4-Leptasterias groenlandica,62.388669,-174.576124,0:30:33,Benthos,"Plumb-staff beam trawl,  2.26m opening, 7-mm mesh net, 4-mm cod end liner",Leptasterias groenlandica,Species,urn:lsid:marinespecies.org:taxname:369176,"Steenstrup in Lutken, 1857",Animalia,Echinodermata,Asteroidea,Forcipulatida,Asteriidae,Leptasterias,biomass,Grams per 1000 square meter,16.001
9/16/2023,SKQ202312S-DBO1.4,SKQ202312S-DBO1.4-Margarites costalis,62.388669,-174.576124,0:30:33,Benthos,"Plumb-staff beam trawl,  2.26m opening, 7-mm mesh net, 4-mm cod end liner",Margarites costalis,Species,urn:lsid:marinespecies.org:taxname:141819,"A. Gould, 1841",Animalia,Mollusca,Gastropoda,Trochida,Margaritidae,Margarites,biomass,Grams per 1000 square meter,0.842
9/16/2023,SKQ202312S-DBO1.4,SKQ202312S-DBO1.4-Nemertea,62.388669,-174.576124,0:30:33,Benthos,"Plumb-staff beam trawl,  2.26m opening, 7-mm mesh net, 4-mm cod end liner",Nemertea,Phylum,urn:lsid:marinespecies.org:taxname:152391,NA,Animalia,Nemertea,NA,NA,NA,NA,biomass,Grams per 1000 square meter,58.951
9/16/2023,SKQ202312S-DBO1.4,SKQ202312S-DBO1.4-Neocrangon communis,62.388669,-174.576124,0:30:33,Benthos,"Plumb-staff beam trawl,  2.26m opening, 7-mm mesh net, 4-mm cod end liner",Neocrangon communis,Species,urn:lsid:marinespecies.org:taxname:423552,"Rathbun, 1899",Animalia,Arthropoda,Malacostraca,Decapoda,Crangonidae,Neocrangon,biomass,Grams per 1000 square meter,3.369
9/16/2023,SKQ202312S-DBO1.4,SKQ202312S-DBO1.4-Neptunea heros,62.388669,-174.576124,0:30:33,Benthos,"Plumb-staff beam trawl,  2.26m opening, 7-mm mesh net, 4-mm cod end liner",Neptunea heros,Species,urn:lsid:marinespecies.org:taxname:254479,"J. E. Gray, 1850",Animalia,Mollusca,Gastropoda,Neogastropoda,Buccinidae,Neptunea,biomass,Grams per 1000 square meter,32.844
9/16/2023,SKQ202312S-DBO1.4,SKQ202312S-DBO1.4-Ophiura sarsii,62.388669,-174.576124,0:30:33,Benthos,"Plumb-staff beam trawl,  2.26m opening, 7-mm mesh net, 4-mm cod end liner",Ophiura sarsii,Species,urn:lsid:marinespecies.org:taxname:124934,"Lütken, 1855",Animalia,Echinodermata,Ophiuroidea,Ophiurida,Ophiuridae,Ophiura,biomass,Grams per 1000 square meter,12680.349
9/16/2023,SKQ202312S-DBO1.4,SKQ202312S-DBO1.4-Pagurus capillatus,62.388669,-174.576124,0:30:33,Benthos,"Plumb-staff beam trawl,  2.26m opening, 7-mm mesh net, 4-mm cod end liner",Pagurus capillatus,Species,urn:lsid:marinespecies.org:taxname:254489,"Benedict, 1892",Animalia,Arthropoda,Malacostraca,Decapoda,Paguridae,Pagurus,biomass,Grams per 1000 square meter,16.843
9/16/2023,SKQ202312S-DBO1.4,SKQ202312S-DBO1.4-Pardalisca,62.388669,-174.576124,0:30:33,Benthos,"Plumb-staff beam trawl,  2.26m opening, 7-mm mesh net, 4-mm cod end liner",Pardalisca,Genus,urn:lsid:marinespecies.org:taxname:101710,"Krøyer, 1842",Animalia,Arthropoda,Malacostraca,Amphipoda,Pardaliscidae,Pardalisca,biomass,Grams per 1000 square meter,0.842
9/16/2023,SKQ202312S-DBO1.4,SKQ202312S-DBO1.4-Quasimelita formosa,62.388669,-174.576124,0:30:33,Benthos,"Plumb-staff beam trawl,  2.26m opening, 7-mm mesh net, 4-mm cod end liner",Quasimelita formosa,Species,urn:lsid:marinespecies.org:taxname:423709,"Murdoch, 1885",Animalia,Arthropoda,Malacostraca,Amphipoda,Melitidae,Quasimelita,biomass,Grams per 1000 square meter,0.421
9/16/2023,SKQ202312S-DBO1.4,SKQ202312S-DBO1.4-Stomphia,62.388669,-174.576124,0:30:33,Benthos,"Plumb-staff beam trawl,  2.26m opening, 7-mm mesh net, 4-mm cod end liner",Stomphia,Genus,urn:lsid:marinespecies.org:taxname:100716,"Gosse, 1859",Animalia,Cnidaria,Anthozoa,Actiniaria,Actinostolidae,Stomphia,biomass,Grams per 1000 square meter,137.271
9/16/2023,SKQ202312S-DBO1.8,SKQ202312S-DBO1.8-Admete solida,63.031423,-173.459672,13:06:03,Benthos,"Plumb-staff beam trawl,  2.26m opening, 7-mm mesh net, 4-mm cod end liner",Admete solida,Species,urn:lsid:marinespecies.org:taxname:576338,"Aurivillius, 1885",Animalia,Mollusca,Gastropoda,Neogastropoda,Cancellariidae,Admete,biomass,Grams per 1000 square meter,20.065
9/16/2023,SKQ202312S-DBO1.8,SKQ202312S-DBO1.8-Amphipoda,63.031423,-173.459672,13:06:03,Benthos,"Plumb-staff beam trawl,  2.26m opening, 7-mm mesh net, 4-mm cod end liner",Amphipoda,Order,urn:lsid:marinespecies.org:taxname:1135,"Latreille, 1816",Animalia,Arthropoda,Malacostraca,Amphipoda,NA,NA,biomass,Grams per 1000 square meter,4.459
9/16/2023,SKQ202312S-DBO1.8,SKQ202312S-DBO1.8-Anomalisipho martensi,63.031423,-173.459672,13:06:03,Benthos,"Plumb-staff beam trawl,  2.26m opening, 7-mm mesh net, 4-mm cod end liner",Anomalisipho martensi,Species,urn:lsid:marinespecies.org:taxname:821662,"A. Krause, 1885",Animalia,Mollusca,Gastropoda,Neogastropoda,Buccinidae,Anomalisipho,biomass,Grams per 1000 square meter,4.459
9/16/2023,SKQ202312S-DBO1.8,SKQ202312S-DBO1.8-Anonyx,63.031423,-173.459672,13:06:03,Benthos,"Plumb-staff beam trawl,  2.26m opening, 7-mm mesh net, 4-mm cod end liner",Anonyx,Genus,urn:lsid:marinespecies.org:taxname:101592,"Krøyer, 1838",Animalia,Arthropoda,Malacostraca,Amphipoda,Uristidae,Anonyx,biomass,Grams per 1000 square meter,2.229
9/16/2023,SKQ202312S-DBO1.8,SKQ202312S-DBO1.8-Argis,63.031423,-173.459672,13:06:03,Benthos,"Plumb-staff beam trawl,  2.26m opening, 7-mm mesh net, 4-mm cod end liner",Argis,Genus,urn:lsid:marinespecies.org:taxname:107006,"Krøyer, 1843",Animalia,Arthropoda,Malacostraca,Decapoda,Crangonidae,Argis,biomass,Grams per 1000 square meter,14.863
9/16/2023,SKQ202312S-DBO1.8,SKQ202312S-DBO1.8-Arrhis phyllonyx,63.031423,-173.459672,13:06:03,Benthos,"Plumb-staff beam trawl,  2.26m opening, 7-mm mesh net, 4-mm cod end liner",Arrhis phyllonyx,Species,urn:lsid:marinespecies.org:taxname:102870,"M. Sars, 1858",Animalia,Arthropoda,Malacostraca,Amphipoda,Oedicerotidae,Arrhis,biomass,Grams per 1000 square meter,0.223
9/16/2023,SKQ202312S-DBO1.8,SKQ202312S-DBO1.8-Brada villosa,63.031423,-173.459672,13:06:03,Benthos,"Plumb-staff beam trawl,  2.26m opening, 7-mm mesh net, 4-mm cod end liner",Brada villosa,Species,urn:lsid:marinespecies.org:taxname:1355594,"Rathke, 1843",Animalia,Annelida,Polychaeta,Terebellida,Flabelligeridae,Brada,biomass,Grams per 1000 square meter,2.229
9/16/2023,SKQ202312S-DBO1.8,SKQ202312S-DBO1.8-Chionoecetes opilio,63.031423,-173.459672,13:06:03,Benthos,"Plumb-staff beam trawl,  2.26m opening, 7-mm mesh net, 4-mm cod end liner",Chionoecetes opilio,Species,urn:lsid:marinespecies.org:taxname:107315,"Fabricius, 1788",Animalia,Arthropoda,Malacostraca,Decapoda,Oregoniidae,Chionoecetes,biomass,Grams per 1000 square meter,361.905
9/16/2023,SKQ202312S-DBO1.8,SKQ202312S-DBO1.8-Cistenides hyperborea,63.031423,-173.459672,13:06:03,Benthos,"Plumb-staff beam trawl,  2.26m opening, 7-mm mesh net, 4-mm cod end liner",Cistenides hyperborea,Species,urn:lsid:marinespecies.org:taxname:157317,"Malmgren, 1866",Animalia,Annelida,Polychaeta,Terebellida,Pectiriidae,Cistenides,biomass,Grams per 1000 square meter,13.376
9/16/2023,SKQ202312S-DBO1.8,SKQ202312S-DBO1.8-Crangon dalli,63.031423,-173.459672,13:06:03,Benthos,"Plumb-staff beam trawl,  2.26m opening, 7-mm mesh net, 4-mm cod end liner",Crangon dalli,Species,urn:lsid:marinespecies.org:taxname:254486,"Rathbun, 1902",Animalia,Arthropoda,Malacostraca,Decapoda,Crangonidae,Crangon,biomass,Grams per 1000 square meter,0.743
9/16/2023,SKQ202312S-DBO1.8,SKQ202312S-DBO1.8-Cryptonatica affinis,63.031423,-173.459672,13:06:03,Benthos,"Plumb-staff beam trawl,  2.26m opening, 7-mm mesh net, 4-mm cod end liner",Cryptonatica affinis,Species,urn:lsid:marinespecies.org:taxname:140525,"Gmelin, 1791",Animalia,Mollusca,Gastropoda,Littorinimorpha,Ticidae,Cryptonatica,biomass,Grams per 1000 square meter,120.387
9/16/2023,SKQ202312S-DBO1.8,SKQ202312S-DBO1.8-Cylichna alba,63.031423,-173.459672,13:06:03,Benthos,"Plumb-staff beam trawl,  2.26m opening, 7-mm mesh net, 4-mm cod end liner",Cylichna alba,Species,urn:lsid:marinespecies.org:taxname:139474,"T. Brown, 1827",Animalia,Mollusca,Gastropoda,Cephalaspidea,Cylichnidae,Cylichna,biomass,Grams per 1000 square meter,142.681
9/16/2023,SKQ202312S-DBO1.8,SKQ202312S-DBO1.8-Cylichnoides occultus,63.031423,-173.459672,13:06:03,Benthos,"Plumb-staff beam trawl,  2.26m opening, 7-mm mesh net, 4-mm cod end liner",Cylichnoides occultus,Species,urn:lsid:marinespecies.org:taxname:884604,"Mighels & C. B. Adams, 1842",Animalia,Mollusca,Gastropoda,Cephalaspidea,Eoscaphandridae,Cylichnoides,biomass,Grams per 1000 square meter,4.459
9/16/2023,SKQ202312S-DBO1.8,SKQ202312S-DBO1.8-Eualus,63.031423,-173.459672,13:06:03,Benthos,"Plumb-staff beam trawl,  2.26m opening, 7-mm mesh net, 4-mm cod end liner",Eualus,Genus,urn:lsid:marinespecies.org:taxname:106986,"Thallwitz, 1891",Animalia,Arthropoda,Malacostraca,Decapoda,Thoridae,Eualus,biomass,Grams per 1000 square meter,1.486
9/16/2023,SKQ202312S-DBO1.8,SKQ202312S-DBO1.8-Eualus gaimardii ,63.031423,-173.459672,13:06:03,Benthos,"Plumb-staff beam trawl,  2.26m opening, 7-mm mesh net, 4-mm cod end liner",Eualus gaimardii ,Species,urn:lsid:marinespecies.org:taxname:107504,"H. Milne Edwards, 1837",Animalia,Arthropoda,Malacostraca,Decapoda,Thoridae,Eualus,biomass,Grams per 1000 square meter,3.716
9/16/2023,SKQ202312S-DBO1.8,SKQ202312S-DBO1.8-Eualus macilentus,63.031423,-173.459672,13:06:03,Benthos,"Plumb-staff beam trawl,  2.26m opening, 7-mm mesh net, 4-mm cod end liner",Eualus macilentus,Species,urn:lsid:marinespecies.org:taxname:158359,"Krøyer, 1841",Animalia,Arthropoda,Malacostraca,Decapoda,Thoridae,Eualus,biomass,Grams per 1000 square meter,1.486
9/16/2023,SKQ202312S-DBO1.8,SKQ202312S-DBO1.8-Euspira pallida,63.031423,-173.459672,13:06:03,Benthos,"Plumb-staff beam trawl,  2.26m opening, 7-mm mesh net, 4-mm cod end liner",Euspira pallida,Species,urn:lsid:marinespecies.org:taxname:140536,"Broderip & G. B. Sowerby I, 1829",Animalia,Mollusca,Gastropoda,Littorinimorpha,Naticidae,Euspira,biomass,Grams per 1000 square meter,4.459
9/16/2023,SKQ202312S-DBO1.8,SKQ202312S-DBO1.8-Gattyana,63.031423,-173.459672,13:06:03,Benthos,"Plumb-staff beam trawl,  2.26m opening, 7-mm mesh net, 4-mm cod end liner",Gattyana,Genus,urn:lsid:marinespecies.org:taxname:129488,"McIntosh, 1897",Animalia,Annelida,Polychaeta,Phyllodocida,Polynoidae,Gattyana,biomass,Grams per 1000 square meter,2.229
9/16/2023,SKQ202312S-DBO1.8,SKQ202312S-DBO1.8-Margarites costalis,63.031423,-173.459672,13:06:03,Benthos,"Plumb-staff beam trawl,  2.26m opening, 7-mm mesh net, 4-mm cod end liner",Margarites costalis,Species,urn:lsid:marinespecies.org:taxname:141819,"A. Gould, 1841",Animalia,Mollusca,Gastropoda,Trochida,Margaritidae,Margarites,biomass,Grams per 1000 square meter,4.459
9/16/2023,SKQ202312S-DBO1.8,SKQ202312S-DBO1.8-Musculus glacialis,63.031423,-173.459672,13:06:03,Benthos,"Plumb-staff beam trawl,  2.26m opening, 7-mm mesh net, 4-mm cod end liner",Musculus glacialis,Species,urn:lsid:marinespecies.org:taxname:467467,"Leche, 1883",Animalia,Mollusca,Bivalvia,Mytilida,Mytilidae,Musculus,biomass,Grams per 1000 square meter,2.229
9/16/2023,SKQ202312S-DBO1.8,SKQ202312S-DBO1.8-Myriotrochus rinkii,63.031423,-173.459672,13:06:03,Benthos,"Plumb-staff beam trawl,  2.26m opening, 7-mm mesh net, 4-mm cod end liner",Myriotrochus rinkii,Species,urn:lsid:marinespecies.org:taxname:124446,"Steenstrup, 1851",Animalia,Echinodermata,Holothuroidea,Apodida,Myriotrochidae,Myriotrochus,biomass,Grams per 1000 square meter,93.635
9/16/2023,SKQ202312S-DBO1.8,SKQ202312S-DBO1.8-Nemertea,63.031423,-173.459672,13:06:03,Benthos,"Plumb-staff beam trawl,  2.26m opening, 7-mm mesh net, 4-mm cod end liner",Nemertea,Phylum,urn:lsid:marinespecies.org:taxname:152391,NA,Animalia,Nemertea,NA,NA,NA,NA,biomass,Grams per 1000 square meter,133.764
9/16/2023,SKQ202312S-DBO1.8,SKQ202312S-DBO1.8-Neoiphinoe coronata,63.031423,-173.459672,13:06:03,Benthos,"Plumb-staff beam trawl,  2.26m opening, 7-mm mesh net, 4-mm cod end liner",Neoiphinoe coronata,Species,urn:lsid:marinespecies.org:taxname:576321,"A. Gould, 1860",Animalia,Mollusca,Gastropoda,Littorinimorpha,Capulidae,Neoiphinoe,biomass,Grams per 1000 square meter,4.459
9/16/2023,SKQ202312S-DBO1.8,SKQ202312S-DBO1.8-Ophiura sarsii,63.031423,-173.459672,13:06:03,Benthos,"Plumb-staff beam trawl,  2.26m opening, 7-mm mesh net, 4-mm cod end liner",Ophiura sarsii,Species,urn:lsid:marinespecies.org:taxname:124934,"Lütken, 1855",Animalia,Echinodermata,Ophiuroidea,Ophiurida,Ophiuridae,Ophiura,biomass,Grams per 1000 square meter,6429.578
9/16/2023,SKQ202312S-DBO1.8,SKQ202312S-DBO1.8-Pagurus capillatus,63.031423,-173.459672,13:06:03,Benthos,"Plumb-staff beam trawl,  2.26m opening, 7-mm mesh net, 4-mm cod end liner",Pagurus capillatus,Species,urn:lsid:marinespecies.org:taxname:254489,"Benedict, 1892",Animalia,Arthropoda,Malacostraca,Decapoda,Paguridae,Pagurus,biomass,Grams per 1000 square meter,13.376
9/16/2023,SKQ202312S-DBO1.8,SKQ202312S-DBO1.8-Pardalisca,63.031423,-173.459672,13:06:03,Benthos,"Plumb-staff beam trawl,  2.26m opening, 7-mm mesh net, 4-mm cod end liner",Pardalisca,Genus,urn:lsid:marinespecies.org:taxname:101710,"Krøyer, 1842",Animalia,Arthropoda,Malacostraca,Amphipoda,Pardaliscidae,Pardalisca,biomass,Grams per 1000 square meter,0.223
9/16/2023,SKQ202312S-DBO1.8,SKQ202312S-DBO1.8-Stomphia,63.031423,-173.459672,13:06:03,Benthos,"Plumb-staff beam trawl,  2.26m opening, 7-mm mesh net, 4-mm cod end liner",Stomphia,Genus,urn:lsid:marinespecies.org:taxname:100716,"Gosse, 1859",Animalia,Cnidaria,Anthozoa,Actiniaria,Actinostolidae,Stomphia,biomass,Grams per 1000 square meter,2.229
9/16/2023,SKQ202312S-DBO1.8,SKQ202312S-DBO1.8-Synidotea,63.031423,-173.459672,13:06:03,Benthos,"Plumb-staff beam trawl,  2.26m opening, 7-mm mesh net, 4-mm cod end liner",Synidotea,Genus,urn:lsid:marinespecies.org:taxname:118456,"Harger, 1878",Animalia,Arthropoda,Malacostraca,Isopoda,Idoteidae,Synidotea,biomass,Grams per 1000 square meter,2.229
9/16/2023,SKQ202312S-DBO1.8,SKQ202312S-DBO1.8-Tachyrhynchus erosus,63.031423,-173.459672,13:06:03,Benthos,"Plumb-staff beam trawl,  2.26m opening, 7-mm mesh net, 4-mm cod end liner",Tachyrhynchus erosus,Species,urn:lsid:marinespecies.org:taxname:196391,"Couthouy, 1838",Animalia,Mollusca,Gastropoda,Caenogastropoda,Turritellidae,Tachyrhynchus,biomass,Grams per 1000 square meter,135.993
9/17/2023,SKQ202312S-DBO2.1,SKQ202312S-DBO2.1-Arcteobia anticostiensis,64.672225,-169.927144,10:11:33,Benthos,"Plumb-staff beam trawl,  2.26m opening, 7-mm mesh net, 4-mm cod end liner",Arcteobia anticostiensis,Species,urn:lsid:marinespecies.org:taxname:157214,"Mcintosh, 1874",Animalia,Annelida,Polychaeta,Phyllodocida,Polynoidae,Arcteobia,biomass,Grams per 1000 square meter,3.686
9/17/2023,SKQ202312S-DBO2.1,SKQ202312S-DBO2.1-Arctolembos arcticus,64.672225,-169.927144,10:11:33,Benthos,"Plumb-staff beam trawl,  2.26m opening, 7-mm mesh net, 4-mm cod end liner",Arctolembos arcticus,Species,urn:lsid:marinespecies.org:taxname:102014,"Hansen, 1888",Animalia,Arthropoda,Malacostraca,Amphipoda,Aoridae,Arctolembos,biomass,Grams per 1000 square meter,2.457
9/17/2023,SKQ202312S-DBO2.1,SKQ202312S-DBO2.1-Arctonoe fragilis,64.672225,-169.927144,10:11:33,Benthos,"Plumb-staff beam trawl,  2.26m opening, 7-mm mesh net, 4-mm cod end liner",Arctonoe fragilis,Species,urn:lsid:marinespecies.org:taxname:333029,"Baird, 1863",Animalia,Annelida,Polychaeta,Phyllodocida,Polynoidae,Arctonoe,biomass,Grams per 1000 square meter,1.229
9/17/2023,SKQ202312S-DBO2.1,SKQ202312S-DBO2.1-Argis,64.672225,-169.927144,10:11:33,Benthos,"Plumb-staff beam trawl,  2.26m opening, 7-mm mesh net, 4-mm cod end liner",Argis,Genus,urn:lsid:marinespecies.org:taxname:107006,"Krøyer, 1843",Animalia,Arthropoda,Malacostraca,Decapoda,Crangonidae,Argis,biomass,Grams per 1000 square meter,39.319
9/17/2023,SKQ202312S-DBO2.1,SKQ202312S-DBO2.1-Chionoecetes opilio,64.672225,-169.927144,10:11:33,Benthos,"Plumb-staff beam trawl,  2.26m opening, 7-mm mesh net, 4-mm cod end liner",Chionoecetes opilio,Species,urn:lsid:marinespecies.org:taxname:107315,"Fabricius, 1788",Animalia,Arthropoda,Malacostraca,Decapoda,Oregoniidae,Chionoecetes,biomass,Grams per 1000 square meter,1382.302
9/17/2023,SKQ202312S-DBO2.1,SKQ202312S-DBO2.1-Eualus gaimardii ,64.672225,-169.927144,10:11:33,Benthos,"Plumb-staff beam trawl,  2.26m opening, 7-mm mesh net, 4-mm cod end liner",Eualus gaimardii ,Species,urn:lsid:marinespecies.org:taxname:107504,"H. Milne Edwards, 1837",Animalia,Arthropoda,Malacostraca,Decapoda,Thoridae,Eualus,biomass,Grams per 1000 square meter,4.915
9/17/2023,SKQ202312S-DBO2.1,SKQ202312S-DBO2.1-Eualus macilentus,64.672225,-169.927144,10:11:33,Benthos,"Plumb-staff beam trawl,  2.26m opening, 7-mm mesh net, 4-mm cod end liner",Eualus macilentus,Species,urn:lsid:marinespecies.org:taxname:158359,"Krøyer, 1841",Animalia,Arthropoda,Malacostraca,Decapoda,Thoridae,Eualus,biomass,Grams per 1000 square meter,30.718
9/17/2023,SKQ202312S-DBO2.1,SKQ202312S-DBO2.1-Gattyana amondseni,64.672225,-169.927144,10:11:33,Benthos,"Plumb-staff beam trawl,  2.26m opening, 7-mm mesh net, 4-mm cod end liner",Gattyana amondseni,Species,urn:lsid:marinespecies.org:taxname:130748,"Malmgren, 1867",Animalia,Annelida,Polychaeta,Phyllodocida,Polynoidae,Gattyana,biomass,Grams per 1000 square meter,19.659
9/17/2023,SKQ202312S-DBO2.1,SKQ202312S-DBO2.1-Hyas coarctatus,64.672225,-169.927144,10:11:33,Benthos,"Plumb-staff beam trawl,  2.26m opening, 7-mm mesh net, 4-mm cod end liner",Hyas coarctatus,Species,urn:lsid:marinespecies.org:taxname:107323,"Leach, 1815",Animalia,Arthropoda,Malacostraca,Decapoda,Oregoniidae,Hyas,biomass,Grams per 1000 square meter,41.776
9/17/2023,SKQ202312S-DBO2.1,SKQ202312S-DBO2.1-Leptasterias (Hexasterias) polaris katherinae,64.672225,-169.927144,10:11:33,Benthos,"Plumb-staff beam trawl,  2.26m opening, 7-mm mesh net, 4-mm cod end liner",Leptasterias (Hexasterias) polaris katherinae,Species,urn:lsid:marinespecies.org:taxname:379157,"Gray, 1840",Animalia,Echinodermata,Asteroidea,Forcipulatida,Asteriidae,Leptasterias,biomass,Grams per 1000 square meter,1312.266
9/17/2023,SKQ202312S-DBO2.1,SKQ202312S-DBO2.1-Leptasterias arctica,64.672225,-169.927144,10:11:33,Benthos,"Plumb-staff beam trawl,  2.26m opening, 7-mm mesh net, 4-mm cod end liner",Leptasterias arctica,Species,urn:lsid:marinespecies.org:taxname:369158,"Murdoch, 1885",Animalia,Echinodermata,Asteroidea,Forcipulatida,Asteriidae,Leptasterias,biomass,Grams per 1000 square meter,195.365
9/17/2023,SKQ202312S-DBO2.1,SKQ202312S-DBO2.1-Musculus niger,64.672225,-169.927144,10:11:33,Benthos,"Plumb-staff beam trawl,  2.26m opening, 7-mm mesh net, 4-mm cod end liner",Musculus niger,Species,urn:lsid:marinespecies.org:taxname:140474,"J. E. Gray, 1824",Animalia,Mollusca,Bivalvia,Mytilida,Mytilidae,Musculus,biomass,Grams per 1000 square meter,0.614
9/17/2023,SKQ202312S-DBO2.1,SKQ202312S-DBO2.1-Nemertea,64.672225,-169.927144,10:11:33,Benthos,"Plumb-staff beam trawl,  2.26m opening, 7-mm mesh net, 4-mm cod end liner",Nemertea,Phylum,urn:lsid:marinespecies.org:taxname:152391,NA,Animalia,Nemertea,NA,NA,NA,NA,biomass,Grams per 1000 square meter,1.229
9/17/2023,SKQ202312S-DBO2.1,SKQ202312S-DBO2.1-Neptunea,64.672225,-169.927144,10:11:33,Benthos,"Plumb-staff beam trawl,  2.26m opening, 7-mm mesh net, 4-mm cod end liner",Neptunea,Genus,urn:lsid:marinespecies.org:taxname:137710,"Röding, 1798",Animalia,Mollusca,Gastropoda,Neogastropoda,Buccinidae,Neptunea,biomass,Grams per 1000 square meter,230.998
9/17/2023,SKQ202312S-DBO2.1,SKQ202312S-DBO2.1-Neptunea heros,64.672225,-169.927144,10:11:33,Benthos,"Plumb-staff beam trawl,  2.26m opening, 7-mm mesh net, 4-mm cod end liner",Neptunea heros,Species,urn:lsid:marinespecies.org:taxname:254479,"J. E. Gray, 1850",Animalia,Mollusca,Gastropoda,Neogastropoda,Buccinidae,Neptunea,biomass,Grams per 1000 square meter,40.548
9/17/2023,SKQ202312S-DBO2.1,SKQ202312S-DBO2.1-Pagurus trigonocheirus,64.672225,-169.927144,10:11:33,Benthos,"Plumb-staff beam trawl,  2.26m opening, 7-mm mesh net, 4-mm cod end liner",Pagurus trigonocheirus,Species,urn:lsid:marinespecies.org:taxname:254490,"Stimpson, 1858",Animalia,Arthropoda,Malacostraca,Decapoda,Paguridae,Pagurus,biomass,Grams per 1000 square meter,192.908
9/17/2023,SKQ202312S-DBO2.1,SKQ202312S-DBO2.1-Stomphia,64.672225,-169.927144,10:11:33,Benthos,"Plumb-staff beam trawl,  2.26m opening, 7-mm mesh net, 4-mm cod end liner",Stomphia,Genus,urn:lsid:marinespecies.org:taxname:100716,"Gosse, 1859",Animalia,Cnidaria,Anthozoa,Actiniaria,Actinostolidae,Stomphia,biomass,Grams per 1000 square meter,1.229
9/17/2023,SKQ202312S-DBO2.1,SKQ202312S-DBO2.1-Styela rustica,64.672225,-169.927144,10:11:33,Benthos,"Plumb-staff beam trawl,  2.26m opening, 7-mm mesh net, 4-mm cod end liner",Styela rustica,Species,urn:lsid:marinespecies.org:taxname:103937,"Linnaeus, 1767",Animalia,Chordata,Ascidiacea,Stolidobranchia,Styelidae,Styela,biomass,Grams per 1000 square meter,6.144
9/17/2023,SKQ202312S-DBO2.2,SKQ202312S-DBO2.2-Acanthonotozoma inflatum,64.680262,-169.107307,15:20:33,Benthos,"Plumb-staff beam trawl,  2.26m opening, 7-mm mesh net, 4-mm cod end liner",Acanthonotozoma inflatum,Species,urn:lsid:marinespecies.org:taxname:101873,"Krøyer, 1842",Animalia,Arthropoda,Malacostraca,Amphipoda,Acanthonotozomatidae,Acanthonotozoma,biomass,Grams per 1000 square meter,3.343
9/17/2023,SKQ202312S-DBO2.2,SKQ202312S-DBO2.2-Actiniaria,64.680262,-169.107307,15:20:33,Benthos,"Plumb-staff beam trawl,  2.26m opening, 7-mm mesh net, 4-mm cod end liner",Actiniaria,Order,urn:lsid:marinespecies.org:taxname:1360,"Hertwig, 1882",Animalia,Cnidaria,Anthozoa,Actiniaria,NA,NA,biomass,Grams per 1000 square meter,217.272
9/17/2023,SKQ202312S-DBO2.2,SKQ202312S-DBO2.2-Alcyonidium gelatinosum,64.680262,-169.107307,15:20:33,Benthos,"Plumb-staff beam trawl,  2.26m opening, 7-mm mesh net, 4-mm cod end liner",Alcyonidium gelatinosum,Species,urn:lsid:marinespecies.org:taxname:111600,"Linnaeus, 1761",Animalia,Bryozoa,Gymnolaemata,Ctenostomatida,Alcyonidiidae,Alcyonidium,biomass,Grams per 1000 square meter,1760.457
9/17/2023,SKQ202312S-DBO2.2,SKQ202312S-DBO2.2-Arcteobia anticostiensis,64.680262,-169.107307,15:20:33,Benthos,"Plumb-staff beam trawl,  2.26m opening, 7-mm mesh net, 4-mm cod end liner",Arcteobia anticostiensis,Species,urn:lsid:marinespecies.org:taxname:157214,"Mcintosh, 1874",Animalia,Annelida,Polychaeta,Phyllodocida,Polynoidae,Arcteobia,biomass,Grams per 1000 square meter,1.114
9/17/2023,SKQ202312S-DBO2.2,SKQ202312S-DBO2.2-Arctolembos arcticus,64.680262,-169.107307,15:20:33,Benthos,"Plumb-staff beam trawl,  2.26m opening, 7-mm mesh net, 4-mm cod end liner",Arctolembos arcticus,Species,urn:lsid:marinespecies.org:taxname:102014,"Hansen, 1888",Animalia,Arthropoda,Malacostraca,Amphipoda,Aoridae,Arctolembos,biomass,Grams per 1000 square meter,1.114
9/17/2023,SKQ202312S-DBO2.2,SKQ202312S-DBO2.2-Argis,64.680262,-169.107307,15:20:33,Benthos,"Plumb-staff beam trawl,  2.26m opening, 7-mm mesh net, 4-mm cod end liner",Argis,Genus,urn:lsid:marinespecies.org:taxname:107006,"Krøyer, 1843",Animalia,Arthropoda,Malacostraca,Decapoda,Crangonidae,Argis,biomass,Grams per 1000 square meter,103.622
9/17/2023,SKQ202312S-DBO2.2,SKQ202312S-DBO2.2-Aulacofusus brevicauda,64.680262,-169.107307,15:20:33,Benthos,"Plumb-staff beam trawl,  2.26m opening, 7-mm mesh net, 4-mm cod end liner",Aulacofusus brevicauda,Species,urn:lsid:marinespecies.org:taxname:490735,"Deshayes, 1832",Animalia,Mollusca,Gastropoda,Neogastropoda,Buccinidae,Aulacofusus,biomass,Grams per 1000 square meter,7.799
9/17/2023,SKQ202312S-DBO2.2,SKQ202312S-DBO2.2-Balanus crenatus,64.680262,-169.107307,15:20:33,Benthos,"Plumb-staff beam trawl,  2.26m opening, 7-mm mesh net, 4-mm cod end liner",Balanus crenatus,Species,urn:lsid:marinespecies.org:taxname:106215,"Bruguière, 1789",Animalia,Arthropoda,Thecostraca,Balanomorpha,Balanidae,Balanus,biomass,Grams per 1000 square meter,11.142
9/17/2023,SKQ202312S-DBO2.2,SKQ202312S-DBO2.2-Boltenia ovifera,64.680262,-169.107307,15:20:33,Benthos,"Plumb-staff beam trawl,  2.26m opening, 7-mm mesh net, 4-mm cod end liner",Boltenia ovifera,Species,urn:lsid:marinespecies.org:taxname:103815,"Linnaeus, 1767",Animalia,Chordata,Ascidiacea,Stolidobranchia,Pyuridae,Boltenia,biomass,Grams per 1000 square meter,0.111
9/17/2023,SKQ202312S-DBO2.2,SKQ202312S-DBO2.2-Bryozoa - soft lobed,64.680262,-169.107307,15:20:33,Benthos,"Plumb-staff beam trawl,  2.26m opening, 7-mm mesh net, 4-mm cod end liner",Bryozoa - soft lobed,Phylum,urn:lsid:marinespecies.org:taxname:146142,NA,Animalia,Bryozoa,NA,NA,NA,NA,biomass,Grams per 1000 square meter,1.114
9/17/2023,SKQ202312S-DBO2.2,SKQ202312S-DBO2.2-Buccinum glaciale,64.680262,-169.107307,15:20:33,Benthos,"Plumb-staff beam trawl,  2.26m opening, 7-mm mesh net, 4-mm cod end liner",Buccinum glaciale,Species,urn:lsid:marinespecies.org:taxname:138864,"Linnaeus, 1761",Animalia,Mollusca,Gastropoda,Neogastropoda,Buccinidae,Buccinum,biomass,Grams per 1000 square meter,2.228
9/17/2023,SKQ202312S-DBO2.2,SKQ202312S-DBO2.2-Buccinum polare,64.680262,-169.107307,15:20:33,Benthos,"Plumb-staff beam trawl,  2.26m opening, 7-mm mesh net, 4-mm cod end liner",Buccinum polare,Species,urn:lsid:marinespecies.org:taxname:138873,"Gray, 1839",Animalia,Mollusca,Gastropoda,Neogastropoda,Buccinidae,Buccinum,biomass,Grams per 1000 square meter,4.457
9/17/2023,SKQ202312S-DBO2.2,SKQ202312S-DBO2.2-Buccinum scalariforme,64.680262,-169.107307,15:20:33,Benthos,"Plumb-staff beam trawl,  2.26m opening, 7-mm mesh net, 4-mm cod end liner",Buccinum scalariforme,Species,urn:lsid:marinespecies.org:taxname:138875,"Møller, 1842",Animalia,Mollusca,Gastropoda,Neogastropoda,Buccinidae,Buccinum,biomass,Grams per 1000 square meter,27.855
9/17/2023,SKQ202312S-DBO2.2,SKQ202312S-DBO2.2-Chionoecetes opilio,64.680262,-169.107307,15:20:33,Benthos,"Plumb-staff beam trawl,  2.26m opening, 7-mm mesh net, 4-mm cod end liner",Chionoecetes opilio,Species,urn:lsid:marinespecies.org:taxname:107315,"Fabricius, 1788",Animalia,Arthropoda,Malacostraca,Decapoda,Oregoniidae,Chionoecetes,biomass,Grams per 1000 square meter,846.802
9/17/2023,SKQ202312S-DBO2.2,SKQ202312S-DBO2.2-Dendronotus frondosus,64.680262,-169.107307,15:20:33,Benthos,"Plumb-staff beam trawl,  2.26m opening, 7-mm mesh net, 4-mm cod end liner",Dendronotus frondosus,Species,urn:lsid:marinespecies.org:taxname:139523,"Ascanius, 1774",Animalia,Mollusca,Gastropoda,Nudibranchia,Dendronotidae,Dendronotus,biomass,Grams per 1000 square meter,17.827
9/17/2023,SKQ202312S-DBO2.2,SKQ202312S-DBO2.2-Distaplia alaskensis,64.680262,-169.107307,15:20:33,Benthos,"Plumb-staff beam trawl,  2.26m opening, 7-mm mesh net, 4-mm cod end liner",Distaplia alaskensis,Species,urn:lsid:marinespecies.org:taxname:181923,"Calman, 1912",Animalia,Chordata,Ascidiacea,Aplousobranchia,Holozoidae,Distaplia,biomass,Grams per 1000 square meter,161.561
9/17/2023,SKQ202312S-DBO2.2,SKQ202312S-DBO2.2-Eualus,64.680262,-169.107307,15:20:33,Benthos,"Plumb-staff beam trawl,  2.26m opening, 7-mm mesh net, 4-mm cod end liner",Eualus,Genus,urn:lsid:marinespecies.org:taxname:106986,"Thallwitz, 1891",Animalia,Arthropoda,Malacostraca,Decapoda,Thoridae,Eualus,biomass,Grams per 1000 square meter,11.142
9/17/2023,SKQ202312S-DBO2.2,SKQ202312S-DBO2.2-Eualus gaimardii ,64.680262,-169.107307,15:20:33,Benthos,"Plumb-staff beam trawl,  2.26m opening, 7-mm mesh net, 4-mm cod end liner",Eualus gaimardii ,Species,urn:lsid:marinespecies.org:taxname:107504,"H. Milne Edwards, 1837",Animalia,Arthropoda,Malacostraca,Decapoda,Thoridae,Eualus,biomass,Grams per 1000 square meter,17.827
9/17/2023,SKQ202312S-DBO2.2,SKQ202312S-DBO2.2-Eualus macilentus,64.680262,-169.107307,15:20:33,Benthos,"Plumb-staff beam trawl,  2.26m opening, 7-mm mesh net, 4-mm cod end liner",Eualus macilentus,Species,urn:lsid:marinespecies.org:taxname:158359,"Krøyer, 1841",Animalia,Arthropoda,Malacostraca,Decapoda,Thoridae,Eualus,biomass,Grams per 1000 square meter,12.256
9/17/2023,SKQ202312S-DBO2.2,SKQ202312S-DBO2.2-Flabellina,64.680262,-169.107307,15:20:33,Benthos,"Plumb-staff beam trawl,  2.26m opening, 7-mm mesh net, 4-mm cod end liner",Flabellina,Genus,urn:lsid:marinespecies.org:taxname:138019  ,"McMurtrie, 1831",Animalia,Mollusca,Gastropoda,Nudibranchia,Flabellinidae,Flabellina,biomass,Grams per 1000 square meter,1.114
9/17/2023,SKQ202312S-DBO2.2,SKQ202312S-DBO2.2-Gattyana amondseni,64.680262,-169.107307,15:20:33,Benthos,"Plumb-staff beam trawl,  2.26m opening, 7-mm mesh net, 4-mm cod end liner",Gattyana amondseni,Species,urn:lsid:marinespecies.org:taxname:130748,"Malmgren, 1867",Animalia,Annelida,Polychaeta,Phyllodocida,Polynoidae,Gattyana,biomass,Grams per 1000 square meter,3.343
9/17/2023,SKQ202312S-DBO2.2,SKQ202312S-DBO2.2-Hyas coarctatus,64.680262,-169.107307,15:20:33,Benthos,"Plumb-staff beam trawl,  2.26m opening, 7-mm mesh net, 4-mm cod end liner",Hyas coarctatus,Species,urn:lsid:marinespecies.org:taxname:107323,"Leach, 1815",Animalia,Arthropoda,Malacostraca,Decapoda,Oregoniidae,Hyas,biomass,Grams per 1000 square meter,373.261
9/17/2023,SKQ202312S-DBO2.2,SKQ202312S-DBO2.2-Labidochirus splendescens,64.680262,-169.107307,15:20:33,Benthos,"Plumb-staff beam trawl,  2.26m opening, 7-mm mesh net, 4-mm cod end liner",Labidochirus splendescens,Species,urn:lsid:marinespecies.org:taxname:248348,"Owen, 1839",Animalia,Arthropoda,Malacostraca,Decapoda,Paguridae,Labidochirus,biomass,Grams per 1000 square meter,16.713
9/17/2023,SKQ202312S-DBO2.2,SKQ202312S-DBO2.2-Leptasterias (Hexasterias) polaris katherinae,64.680262,-169.107307,15:20:33,Benthos,"Plumb-staff beam trawl,  2.26m opening, 7-mm mesh net, 4-mm cod end liner",Leptasterias (Hexasterias) polaris katherinae,Species,urn:lsid:marinespecies.org:taxname:379157,"Gray, 1840",Animalia,Echinodermata,Asteroidea,Forcipulatida,Asteriidae,Leptasterias,biomass,Grams per 1000 square meter,2046.81
9/17/2023,SKQ202312S-DBO2.2,SKQ202312S-DBO2.2-Leptasterias arctica,64.680262,-169.107307,15:20:33,Benthos,"Plumb-staff beam trawl,  2.26m opening, 7-mm mesh net, 4-mm cod end liner",Leptasterias arctica,Species,urn:lsid:marinespecies.org:taxname:369158,"Murdoch, 1885",Animalia,Echinodermata,Asteroidea,Forcipulatida,Asteriidae,Leptasterias,biomass,Grams per 1000 square meter,16.713
9/17/2023,SKQ202312S-DBO2.2,SKQ202312S-DBO2.2-Neptunea,64.680262,-169.107307,15:20:33,Benthos,"Plumb-staff beam trawl,  2.26m opening, 7-mm mesh net, 4-mm cod end liner",Neptunea,Genus,urn:lsid:marinespecies.org:taxname:137710,"Röding, 1798",Animalia,Mollusca,Gastropoda,Neogastropoda,Buccinidae,Neptunea,biomass,Grams per 1000 square meter,494.711
9/17/2023,SKQ202312S-DBO2.2,SKQ202312S-DBO2.2-Nereis pelagica,64.680262,-169.107307,15:20:33,Benthos,"Plumb-staff beam trawl,  2.26m opening, 7-mm mesh net, 4-mm cod end liner",Nereis pelagica,Species,urn:lsid:marinespecies.org:taxname:130404,"Linnaeus, 1758",Animalia,Annelida,Polychaeta,Phyllodocida,Nereididae,Nereis,biomass,Grams per 1000 square meter,1.114
9/17/2023,SKQ202312S-DBO2.2,SKQ202312S-DBO2.2-Onchidiopsis,64.680262,-169.107307,15:20:33,Benthos,"Plumb-staff beam trawl,  2.26m opening, 7-mm mesh net, 4-mm cod end liner",Onchidiopsis,Genus,urn:lsid:marinespecies.org:taxname:138628,"Bergh, 1853",Animalia,Mollusca,Gastropoda,Littorinimorpha,Velutinidae,Onchidiopsis,biomass,Grams per 1000 square meter,3.343
9/17/2023,SKQ202312S-DBO2.2,SKQ202312S-DBO2.2-Pagurus trigonocheirus,64.680262,-169.107307,15:20:33,Benthos,"Plumb-staff beam trawl,  2.26m opening, 7-mm mesh net, 4-mm cod end liner",Pagurus trigonocheirus,Species,urn:lsid:marinespecies.org:taxname:254490,"Stimpson, 1858",Animalia,Arthropoda,Malacostraca,Decapoda,Paguridae,Pagurus,biomass,Grams per 1000 square meter,155.99
9/17/2023,SKQ202312S-DBO2.2,SKQ202312S-DBO2.2-Rhachotropis oculata,64.680262,-169.107307,15:20:33,Benthos,"Plumb-staff beam trawl,  2.26m opening, 7-mm mesh net, 4-mm cod end liner",Rhachotropis oculata,Species,urn:lsid:marinespecies.org:taxname:102240,"Hansen, 1888",Animalia,Arthropoda,Malacostraca,Amphipoda,Eusiridae,Rhachotropis,biomass,Grams per 1000 square meter,2.228
9/17/2023,SKQ202312S-DBO2.2,SKQ202312S-DBO2.2-Serripes groenlandicus,64.680262,-169.107307,15:20:33,Benthos,"Plumb-staff beam trawl,  2.26m opening, 7-mm mesh net, 4-mm cod end liner",Serripes groenlandicus,Species,urn:lsid:marinespecies.org:taxname:582749,"Mohr, 1786",Animalia,Mollusca,Bivalvia,Cardiida,Cardiidae,Serripes,biomass,Grams per 1000 square meter,1.114
9/17/2023,SKQ202312S-DBO2.2,SKQ202312S-DBO2.2-Spirontocaris,64.680262,-169.107307,15:20:33,Benthos,"Plumb-staff beam trawl,  2.26m opening, 7-mm mesh net, 4-mm cod end liner",Spirontocaris,Genus,urn:lsid:marinespecies.org:taxname:106994,"Spence Bate, 1888",Animalia,Arthropoda,Malacostraca,Decapoda,Thoridae,Spirontocaris,biomass,Grams per 1000 square meter,1.114
9/17/2023,SKQ202312S-DBO2.2,SKQ202312S-DBO2.2-Stomphia,64.680262,-169.107307,15:20:33,Benthos,"Plumb-staff beam trawl,  2.26m opening, 7-mm mesh net, 4-mm cod end liner",Stomphia,Genus,urn:lsid:marinespecies.org:taxname:100716,"Gosse, 1859",Animalia,Cnidaria,Anthozoa,Actiniaria,Actinostolidae,Stomphia,biomass,Grams per 1000 square meter,835.66
9/17/2023,SKQ202312S-DBO2.2,SKQ202312S-DBO2.2-Styela rustica,64.680262,-169.107307,15:20:33,Benthos,"Plumb-staff beam trawl,  2.26m opening, 7-mm mesh net, 4-mm cod end liner",Styela rustica,Species,urn:lsid:marinespecies.org:taxname:103937,"Linnaeus, 1767",Animalia,Chordata,Ascidiacea,Stolidobranchia,Styelidae,Styela,biomass,Grams per 1000 square meter,4.457
9/17/2023,SKQ202312S-DBO2.2,SKQ202312S-DBO2.2-Synidotea bicuspida,64.680262,-169.107307,15:20:33,Benthos,"Plumb-staff beam trawl,  2.26m opening, 7-mm mesh net, 4-mm cod end liner",Synidotea bicuspida,Species,urn:lsid:marinespecies.org:taxname:156445,"Owen, 1839",Animalia,Arthropoda,Malacostraca,Isopoda,Idoteidae,Synidotea,biomass,Grams per 1000 square meter,2.228
9/18/2023,SKQ202312S-DBO2.4,SKQ202312S-DBO2.4-Abietinaria,64.966958,-169.889023,8:34:03,Benthos,"Plumb-staff beam trawl,  2.26m opening, 7-mm mesh net, 4-mm cod end liner",Abietinaria,Genus,urn:lsid:marinespecies.org:taxname:117225,"Kirchenpauer, 1884",Animalia,Cnidaria,Hydrozoa,Leptothecata,Sertulariidae,Abietinaria,biomass,Grams per 1000 square meter,0.865
9/18/2023,SKQ202312S-DBO2.4,SKQ202312S-DBO2.4-Actiniaria,64.966958,-169.889023,8:34:03,Benthos,"Plumb-staff beam trawl,  2.26m opening, 7-mm mesh net, 4-mm cod end liner",Actiniaria,Order,urn:lsid:marinespecies.org:taxname:1360,"Hertwig, 1882",Animalia,Cnidaria,Anthozoa,Actiniaria,NA,NA,biomass,Grams per 1000 square meter,21.621
9/18/2023,SKQ202312S-DBO2.4,SKQ202312S-DBO2.4-Amphipoda,64.966958,-169.889023,8:34:03,Benthos,"Plumb-staff beam trawl,  2.26m opening, 7-mm mesh net, 4-mm cod end liner",Amphipoda,Order,urn:lsid:marinespecies.org:taxname:1135,"Latreille, 1816",Animalia,Arthropoda,Malacostraca,Amphipoda,NA,NA,biomass,Grams per 1000 square meter,0.432
9/18/2023,SKQ202312S-DBO2.4,SKQ202312S-DBO2.4-Arcteobia anticostiensis,64.966958,-169.889023,8:34:03,Benthos,"Plumb-staff beam trawl,  2.26m opening, 7-mm mesh net, 4-mm cod end liner",Arcteobia anticostiensis,Species,urn:lsid:marinespecies.org:taxname:157214,"Mcintosh, 1874",Animalia,Annelida,Polychaeta,Phyllodocida,Polynoidae,Arcteobia,biomass,Grams per 1000 square meter,0.865
9/18/2023,SKQ202312S-DBO2.4,SKQ202312S-DBO2.4-Arctolembos arcticus,64.966958,-169.889023,8:34:03,Benthos,"Plumb-staff beam trawl,  2.26m opening, 7-mm mesh net, 4-mm cod end liner",Arctolembos arcticus,Species,urn:lsid:marinespecies.org:taxname:102014,"Hansen, 1888",Animalia,Arthropoda,Malacostraca,Amphipoda,Aoridae,Arctolembos,biomass,Grams per 1000 square meter,0.865
9/18/2023,SKQ202312S-DBO2.4,SKQ202312S-DBO2.4-Arctonoe fragilis,64.966958,-169.889023,8:34:03,Benthos,"Plumb-staff beam trawl,  2.26m opening, 7-mm mesh net, 4-mm cod end liner",Arctonoe fragilis,Species,urn:lsid:marinespecies.org:taxname:333029,"Baird, 1863",Animalia,Annelida,Polychaeta,Phyllodocida,Polynoidae,Arctonoe,biomass,Grams per 1000 square meter,0.865
9/18/2023,SKQ202312S-DBO2.4,SKQ202312S-DBO2.4-Argis,64.966958,-169.889023,8:34:03,Benthos,"Plumb-staff beam trawl,  2.26m opening, 7-mm mesh net, 4-mm cod end liner",Argis,Genus,urn:lsid:marinespecies.org:taxname:107006,"Krøyer, 1843",Animalia,Arthropoda,Malacostraca,Decapoda,Crangonidae,Argis,biomass,Grams per 1000 square meter,20.757
9/18/2023,SKQ202312S-DBO2.4,SKQ202312S-DBO2.4-Balanus crenatus,64.966958,-169.889023,8:34:03,Benthos,"Plumb-staff beam trawl,  2.26m opening, 7-mm mesh net, 4-mm cod end liner",Balanus crenatus,Species,urn:lsid:marinespecies.org:taxname:106215,"Bruguière, 1789",Animalia,Arthropoda,Thecostraca,Balanomorpha,Balanidae,Balanus,biomass,Grams per 1000 square meter,172.971
9/18/2023,SKQ202312S-DBO2.4,SKQ202312S-DBO2.4-Bryozoa - hard lobed,64.966958,-169.889023,8:34:03,Benthos,"Plumb-staff beam trawl,  2.26m opening, 7-mm mesh net, 4-mm cod end liner",Bryozoa - hard lobed,Phylum,urn:lsid:marinespecies.org:taxname:146142,NA,Animalia,Bryozoa,NA,NA,NA,NA,biomass,Grams per 1000 square meter,0.865
9/18/2023,SKQ202312S-DBO2.4,SKQ202312S-DBO2.4-Bryozoa - soft lobed,64.966958,-169.889023,8:34:03,Benthos,"Plumb-staff beam trawl,  2.26m opening, 7-mm mesh net, 4-mm cod end liner",Bryozoa - soft lobed,Phylum,urn:lsid:marinespecies.org:taxname:146142,NA,Animalia,Bryozoa,NA,NA,NA,NA,biomass,Grams per 1000 square meter,3.459
9/18/2023,SKQ202312S-DBO2.4,SKQ202312S-DBO2.4-Buccinum scalariforme,64.966958,-169.889023,8:34:03,Benthos,"Plumb-staff beam trawl,  2.26m opening, 7-mm mesh net, 4-mm cod end liner",Buccinum scalariforme,Species,urn:lsid:marinespecies.org:taxname:138875,"Møller, 1842",Animalia,Mollusca,Gastropoda,Neogastropoda,Buccinidae,Buccinum,biomass,Grams per 1000 square meter,7.784
9/18/2023,SKQ202312S-DBO2.4,SKQ202312S-DBO2.4-Chionoecetes opilio,64.966958,-169.889023,8:34:03,Benthos,"Plumb-staff beam trawl,  2.26m opening, 7-mm mesh net, 4-mm cod end liner",Chionoecetes opilio,Species,urn:lsid:marinespecies.org:taxname:107315,"Fabricius, 1788",Animalia,Arthropoda,Malacostraca,Decapoda,Oregoniidae,Chionoecetes,biomass,Grams per 1000 square meter,804.316
9/18/2023,SKQ202312S-DBO2.4,SKQ202312S-DBO2.4-Coryphella,64.966958,-169.889023,8:34:03,Benthos,"Plumb-staff beam trawl,  2.26m opening, 7-mm mesh net, 4-mm cod end liner",Coryphella,Genus,urn:lsid:marinespecies.org:taxname:138018,"J. E. Gray, 1850",Animalia,Mollusca,Gastropoda,Nudibranchia,Coryphellidae,Coryphella,biomass,Grams per 1000 square meter,0.865
9/18/2023,SKQ202312S-DBO2.4,SKQ202312S-DBO2.4-Crangon dalli,64.966958,-169.889023,8:34:03,Benthos,"Plumb-staff beam trawl,  2.26m opening, 7-mm mesh net, 4-mm cod end liner",Crangon dalli,Species,urn:lsid:marinespecies.org:taxname:254486,"Rathbun, 1902",Animalia,Arthropoda,Malacostraca,Decapoda,Crangonidae,Crangon,biomass,Grams per 1000 square meter,6.919
9/18/2023,SKQ202312S-DBO2.4,SKQ202312S-DBO2.4-Ericthonius,64.966958,-169.889023,8:34:03,Benthos,"Plumb-staff beam trawl,  2.26m opening, 7-mm mesh net, 4-mm cod end liner",Ericthonius,Genus,urn:lsid:marinespecies.org:taxname:101567,"H. Milne Edwards, 1830",Animalia,Arthropoda,Malacostraca,Amphipoda,Ischyroceridae,Ericthonius,biomass,Grams per 1000 square meter,0.432
9/18/2023,SKQ202312S-DBO2.4,SKQ202312S-DBO2.4-Eualus,64.966958,-169.889023,8:34:03,Benthos,"Plumb-staff beam trawl,  2.26m opening, 7-mm mesh net, 4-mm cod end liner",Eualus,Genus,urn:lsid:marinespecies.org:taxname:106986,"Thallwitz, 1891",Animalia,Arthropoda,Malacostraca,Decapoda,Thoridae,Eualus,biomass,Grams per 1000 square meter,4.324
9/18/2023,SKQ202312S-DBO2.4,SKQ202312S-DBO2.4-Eualus gaimardii ,64.966958,-169.889023,8:34:03,Benthos,"Plumb-staff beam trawl,  2.26m opening, 7-mm mesh net, 4-mm cod end liner",Eualus gaimardii ,Species,urn:lsid:marinespecies.org:taxname:107504,"H. Milne Edwards, 1837",Animalia,Arthropoda,Malacostraca,Decapoda,Thoridae,Eualus,biomass,Grams per 1000 square meter,12.108
9/18/2023,SKQ202312S-DBO2.4,SKQ202312S-DBO2.4-Eualus macilentus,64.966958,-169.889023,8:34:03,Benthos,"Plumb-staff beam trawl,  2.26m opening, 7-mm mesh net, 4-mm cod end liner",Eualus macilentus,Species,urn:lsid:marinespecies.org:taxname:158359,"Krøyer, 1841",Animalia,Arthropoda,Malacostraca,Decapoda,Thoridae,Eualus,biomass,Grams per 1000 square meter,28.54
9/18/2023,SKQ202312S-DBO2.4,SKQ202312S-DBO2.4-Eudistoma parvum,64.966958,-169.889023,8:34:03,Benthos,"Plumb-staff beam trawl,  2.26m opening, 7-mm mesh net, 4-mm cod end liner",Eudistoma parvum,Species,urn:lsid:marinespecies.org:taxname:1746312,"Sanamyan, 2022",Animalia,Chordata,Ascidiacea,Aplousobranchia,Polycitoridae,Eudistoma,biomass,Grams per 1000 square meter,6.054
9/18/2023,SKQ202312S-DBO2.4,SKQ202312S-DBO2.4-Hyas coarctatus,64.966958,-169.889023,8:34:03,Benthos,"Plumb-staff beam trawl,  2.26m opening, 7-mm mesh net, 4-mm cod end liner",Hyas coarctatus,Species,urn:lsid:marinespecies.org:taxname:107323,"Leach, 1815",Animalia,Arthropoda,Malacostraca,Decapoda,Oregoniidae,Hyas,biomass,Grams per 1000 square meter,302.7
9/18/2023,SKQ202312S-DBO2.4,SKQ202312S-DBO2.4-Leptasterias (Hexasterias) polaris katherinae,64.966958,-169.889023,8:34:03,Benthos,"Plumb-staff beam trawl,  2.26m opening, 7-mm mesh net, 4-mm cod end liner",Leptasterias (Hexasterias) polaris katherinae,Species,urn:lsid:marinespecies.org:taxname:379157,"Gray, 1840",Animalia,Echinodermata,Asteroidea,Forcipulatida,Asteriidae,Leptasterias,biomass,Grams per 1000 square meter,1628.524
9/18/2023,SKQ202312S-DBO2.4,SKQ202312S-DBO2.4-Leptasterias arctica,64.966958,-169.889023,8:34:03,Benthos,"Plumb-staff beam trawl,  2.26m opening, 7-mm mesh net, 4-mm cod end liner",Leptasterias arctica,Species,urn:lsid:marinespecies.org:taxname:369158,"Murdoch, 1885",Animalia,Echinodermata,Asteroidea,Forcipulatida,Asteriidae,Leptasterias,biomass,Grams per 1000 square meter,105.512
9/18/2023,SKQ202312S-DBO2.4,SKQ202312S-DBO2.4-Leptasterias groenlandica,64.966958,-169.889023,8:34:03,Benthos,"Plumb-staff beam trawl,  2.26m opening, 7-mm mesh net, 4-mm cod end liner",Leptasterias groenlandica,Species,urn:lsid:marinespecies.org:taxname:369176,"Steenstrup in Lutken, 1857",Animalia,Echinodermata,Asteroidea,Forcipulatida,Asteriidae,Leptasterias,biomass,Grams per 1000 square meter,20.757
9/18/2023,SKQ202312S-DBO2.4,SKQ202312S-DBO2.4-Neocrangon communis,64.966958,-169.889023,8:34:03,Benthos,"Plumb-staff beam trawl,  2.26m opening, 7-mm mesh net, 4-mm cod end liner",Neocrangon communis,Species,urn:lsid:marinespecies.org:taxname:423552,"Rathbun, 1899",Animalia,Arthropoda,Malacostraca,Decapoda,Crangonidae,Neocrangon,biomass,Grams per 1000 square meter,6.054
9/18/2023,SKQ202312S-DBO2.4,SKQ202312S-DBO2.4-Neptunea heros,64.966958,-169.889023,8:34:03,Benthos,"Plumb-staff beam trawl,  2.26m opening, 7-mm mesh net, 4-mm cod end liner",Neptunea heros,Species,urn:lsid:marinespecies.org:taxname:254479,"J. E. Gray, 1850",Animalia,Mollusca,Gastropoda,Neogastropoda,Buccinidae,Neptunea,biomass,Grams per 1000 square meter,330.375
9/18/2023,SKQ202312S-DBO2.4,SKQ202312S-DBO2.4-Pagurus capillatus,64.966958,-169.889023,8:34:03,Benthos,"Plumb-staff beam trawl,  2.26m opening, 7-mm mesh net, 4-mm cod end liner",Pagurus capillatus,Species,urn:lsid:marinespecies.org:taxname:254489,"Benedict, 1892",Animalia,Arthropoda,Malacostraca,Decapoda,Paguridae,Pagurus,biomass,Grams per 1000 square meter,1.73
9/18/2023,SKQ202312S-DBO2.4,SKQ202312S-DBO2.4-Pagurus rathbuni,64.966958,-169.889023,8:34:03,Benthos,"Plumb-staff beam trawl,  2.26m opening, 7-mm mesh net, 4-mm cod end liner",Pagurus rathbuni,Species,urn:lsid:marinespecies.org:taxname:254491,"Benedict, 1892",Animalia,Arthropoda,Malacostraca,Decapoda,Paguridae,Pagurus,biomass,Grams per 1000 square meter,12.973
9/18/2023,SKQ202312S-DBO2.4,SKQ202312S-DBO2.4-Pagurus trigonocheirus,64.966958,-169.889023,8:34:03,Benthos,"Plumb-staff beam trawl,  2.26m opening, 7-mm mesh net, 4-mm cod end liner",Pagurus trigonocheirus,Species,urn:lsid:marinespecies.org:taxname:254490,"Stimpson, 1858",Animalia,Arthropoda,Malacostraca,Decapoda,Paguridae,Pagurus,biomass,Grams per 1000 square meter,105.512
9/18/2023,SKQ202312S-DBO2.4,SKQ202312S-DBO2.4-Polynoidae,64.966958,-169.889023,8:34:03,Benthos,"Plumb-staff beam trawl,  2.26m opening, 7-mm mesh net, 4-mm cod end liner",Polynoidae,Family,urn:lsid:marinespecies.org:taxname:939,"Kinberg, 1856",Animalia,Annelida,Polychaeta,Phyllodocida,Polynoidae,NA,biomass,Grams per 1000 square meter,2.595
9/18/2023,SKQ202312S-DBO2.4,SKQ202312S-DBO2.4-Rhachotropis oculata,64.966958,-169.889023,8:34:03,Benthos,"Plumb-staff beam trawl,  2.26m opening, 7-mm mesh net, 4-mm cod end liner",Rhachotropis oculata,Species,urn:lsid:marinespecies.org:taxname:102240,"Hansen, 1888",Animalia,Arthropoda,Malacostraca,Amphipoda,Eusiridae,Rhachotropis,biomass,Grams per 1000 square meter,0.865
9/18/2023,SKQ202312S-DBO2.4,SKQ202312S-DBO2.4-Spirontocaris,64.966958,-169.889023,8:34:03,Benthos,"Plumb-staff beam trawl,  2.26m opening, 7-mm mesh net, 4-mm cod end liner",Spirontocaris,Genus,urn:lsid:marinespecies.org:taxname:106994,"Spence Bate, 1888",Animalia,Arthropoda,Malacostraca,Decapoda,Thoridae,Spirontocaris,biomass,Grams per 1000 square meter,3.459
9/18/2023,SKQ202312S-DBO2.4,SKQ202312S-DBO2.4-Stomphia,64.966958,-169.889023,8:34:03,Benthos,"Plumb-staff beam trawl,  2.26m opening, 7-mm mesh net, 4-mm cod end liner",Stomphia,Genus,urn:lsid:marinespecies.org:taxname:100716,"Gosse, 1859",Animalia,Cnidaria,Anthozoa,Actiniaria,Actinostolidae,Stomphia,biomass,Grams per 1000 square meter,78.702
9/21/2023,SKQ202312S-DBO5.10,SKQ202312S-DBO5.10-Acanthonotozoma inflatum,71.621602,-157.933969,17:46:03,Benthos,"Plumb-staff beam trawl,  2.26m opening, 7-mm mesh net, 4-mm cod end liner",Acanthonotozoma inflatum,Species,urn:lsid:marinespecies.org:taxname:101873,"Krøyer, 1842",Animalia,Arthropoda,Malacostraca,Amphipoda,Acanthonotozomatidae,Acanthonotozoma,biomass,Grams per 1000 square meter,0.413
9/21/2023,SKQ202312S-DBO5.10,SKQ202312S-DBO5.10-Admete solida,71.621602,-157.933969,17:46:03,Benthos,"Plumb-staff beam trawl,  2.26m opening, 7-mm mesh net, 4-mm cod end liner",Admete solida,Species,urn:lsid:marinespecies.org:taxname:576338,"Aurivillius, 1885",Animalia,Mollusca,Gastropoda,Neogastropoda,Cancellariidae,Admete,biomass,Grams per 1000 square meter,20.659
9/21/2023,SKQ202312S-DBO5.10,SKQ202312S-DBO5.10-Anonyx,71.621602,-157.933969,17:46:03,Benthos,"Plumb-staff beam trawl,  2.26m opening, 7-mm mesh net, 4-mm cod end liner",Anonyx,Genus,urn:lsid:marinespecies.org:taxname:101592,"Krøyer, 1838",Animalia,Arthropoda,Malacostraca,Amphipoda,Uristidae,Anonyx,biomass,Grams per 1000 square meter,4.132
9/21/2023,SKQ202312S-DBO5.10,SKQ202312S-DBO5.10-Argis,71.621602,-157.933969,17:46:03,Benthos,"Plumb-staff beam trawl,  2.26m opening, 7-mm mesh net, 4-mm cod end liner",Argis,Genus,urn:lsid:marinespecies.org:taxname:107006,"Krøyer, 1843",Animalia,Arthropoda,Malacostraca,Decapoda,Crangonidae,Argis,biomass,Grams per 1000 square meter,11.363
9/21/2023,SKQ202312S-DBO5.10,SKQ202312S-DBO5.10-Ariadnaria borealis,71.621602,-157.933969,17:46:03,Benthos,"Plumb-staff beam trawl,  2.26m opening, 7-mm mesh net, 4-mm cod end liner",Ariadnaria borealis,Species,urn:lsid:marinespecies.org:taxname:714762,"Broderip & G. B. Sowerby I, 1829",Animalia,Mollusca,Gastropoda,Littorinimorpha,Capulidae,Ariadnaria,biomass,Grams per 1000 square meter,4.132
9/21/2023,SKQ202312S-DBO5.10,SKQ202312S-DBO5.10-Boreotrophon,71.621602,-157.933969,17:46:03,Benthos,"Plumb-staff beam trawl,  2.26m opening, 7-mm mesh net, 4-mm cod end liner",Boreotrophon,Genus,urn:lsid:marinespecies.org:taxname:146731,"P. Fischer, 1884",Animalia,Mollusca,Gastropoda,Neogastropoda,Muricidae,Boreotrophon,biomass,Grams per 1000 square meter,2.066
9/21/2023,SKQ202312S-DBO5.10,SKQ202312S-DBO5.10-Bryozoa - soft lobed,71.621602,-157.933969,17:46:03,Benthos,"Plumb-staff beam trawl,  2.26m opening, 7-mm mesh net, 4-mm cod end liner",Bryozoa - soft lobed,Phylum,urn:lsid:marinespecies.org:taxname:146142,NA,Animalia,Bryozoa,NA,NA,NA,NA,biomass,Grams per 1000 square meter,12.396
9/21/2023,SKQ202312S-DBO5.10,SKQ202312S-DBO5.10-Buccinum solenum,71.621602,-157.933969,17:46:03,Benthos,"Plumb-staff beam trawl,  2.26m opening, 7-mm mesh net, 4-mm cod end liner",Buccinum solenum,Species,urn:lsid:marinespecies.org:taxname:490864,"Mörch, 1869",Animalia,Mollusca,Gastropoda,Neogastropoda,Buccinidae,Buccinum,biomass,Grams per 1000 square meter,4.132
9/21/2023,SKQ202312S-DBO5.10,SKQ202312S-DBO5.10-Calycidoris guentheri,71.621602,-157.933969,17:46:03,Benthos,"Plumb-staff beam trawl,  2.26m opening, 7-mm mesh net, 4-mm cod end liner",Calycidoris guentheri,Species,urn:lsid:marinespecies.org:taxname:146756,"Abraham, 1876",Animalia,Mollusca,Gastropoda,Nudibranchia,Calycidorididae,Calycidoris,biomass,Grams per 1000 square meter,2.066
9/21/2023,SKQ202312S-DBO5.10,SKQ202312S-DBO5.10-Chionoecetes opilio,71.621602,-157.933969,17:46:03,Benthos,"Plumb-staff beam trawl,  2.26m opening, 7-mm mesh net, 4-mm cod end liner",Chionoecetes opilio,Species,urn:lsid:marinespecies.org:taxname:107315,"Fabricius, 1788",Animalia,Arthropoda,Malacostraca,Decapoda,Oregoniidae,Chionoecetes,biomass,Grams per 1000 square meter,142.55
9/21/2023,SKQ202312S-DBO5.10,SKQ202312S-DBO5.10-Crangon dalli,71.621602,-157.933969,17:46:03,Benthos,"Plumb-staff beam trawl,  2.26m opening, 7-mm mesh net, 4-mm cod end liner",Crangon dalli,Species,urn:lsid:marinespecies.org:taxname:254486,"Rathbun, 1902",Animalia,Arthropoda,Malacostraca,Decapoda,Crangonidae,Crangon,biomass,Grams per 1000 square meter,2.066
9/21/2023,SKQ202312S-DBO5.10,SKQ202312S-DBO5.10-Cryptonatica affinis,71.621602,-157.933969,17:46:03,Benthos,"Plumb-staff beam trawl,  2.26m opening, 7-mm mesh net, 4-mm cod end liner",Cryptonatica affinis,Species,urn:lsid:marinespecies.org:taxname:140525,"Gmelin, 1791",Animalia,Mollusca,Gastropoda,Littorinimorpha,Ticidae,Cryptonatica,biomass,Grams per 1000 square meter,53.714
9/21/2023,SKQ202312S-DBO5.10,SKQ202312S-DBO5.10-Ctenodiscus crispatus,71.621602,-157.933969,17:46:03,Benthos,"Plumb-staff beam trawl,  2.26m opening, 7-mm mesh net, 4-mm cod end liner",Ctenodiscus crispatus,Species,urn:lsid:marinespecies.org:taxname:123915,"Bruzelius, 1805",Animalia,Echinodermata,Asteroidea,Paxillosida,Ctenodiscidae,Ctenodiscus,biomass,Grams per 1000 square meter,3371.615
9/21/2023,SKQ202312S-DBO5.10,SKQ202312S-DBO5.10-Cylichnoides occultus,71.621602,-157.933969,17:46:03,Benthos,"Plumb-staff beam trawl,  2.26m opening, 7-mm mesh net, 4-mm cod end liner",Cylichnoides occultus,Species,urn:lsid:marinespecies.org:taxname:884604,"Mighels & C. B. Adams, 1842",Animalia,Mollusca,Gastropoda,Cephalaspidea,Eoscaphandridae,Cylichnoides,biomass,Grams per 1000 square meter,0.413
9/21/2023,SKQ202312S-DBO5.10,SKQ202312S-DBO5.10-Eualus,71.621602,-157.933969,17:46:03,Benthos,"Plumb-staff beam trawl,  2.26m opening, 7-mm mesh net, 4-mm cod end liner",Eualus,Genus,urn:lsid:marinespecies.org:taxname:106986,"Thallwitz, 1891",Animalia,Arthropoda,Malacostraca,Decapoda,Thoridae,Eualus,biomass,Grams per 1000 square meter,5.165
9/21/2023,SKQ202312S-DBO5.10,SKQ202312S-DBO5.10-Eualus gaimardii ,71.621602,-157.933969,17:46:03,Benthos,"Plumb-staff beam trawl,  2.26m opening, 7-mm mesh net, 4-mm cod end liner",Eualus gaimardii ,Species,urn:lsid:marinespecies.org:taxname:107504,"H. Milne Edwards, 1837",Animalia,Arthropoda,Malacostraca,Decapoda,Thoridae,Eualus,biomass,Grams per 1000 square meter,10.33
9/21/2023,SKQ202312S-DBO5.10,SKQ202312S-DBO5.10-Eualus macilentus,71.621602,-157.933969,17:46:03,Benthos,"Plumb-staff beam trawl,  2.26m opening, 7-mm mesh net, 4-mm cod end liner",Eualus macilentus,Species,urn:lsid:marinespecies.org:taxname:158359,"Krøyer, 1841",Animalia,Arthropoda,Malacostraca,Decapoda,Thoridae,Eualus,biomass,Grams per 1000 square meter,2.066
9/21/2023,SKQ202312S-DBO5.10,SKQ202312S-DBO5.10-Euspira pallida,71.621602,-157.933969,17:46:03,Benthos,"Plumb-staff beam trawl,  2.26m opening, 7-mm mesh net, 4-mm cod end liner",Euspira pallida,Species,urn:lsid:marinespecies.org:taxname:140536,"Broderip & G. B. Sowerby I, 1829",Animalia,Mollusca,Gastropoda,Littorinimorpha,Naticidae,Euspira,biomass,Grams per 1000 square meter,33.055
9/21/2023,SKQ202312S-DBO5.10,SKQ202312S-DBO5.10-Gersemia rubiformis,71.621602,-157.933969,17:46:03,Benthos,"Plumb-staff beam trawl,  2.26m opening, 7-mm mesh net, 4-mm cod end liner",Gersemia rubiformis,Species,urn:lsid:marinespecies.org:taxname:156103,"Ehrenberg, 1834",Animalia,Cnidaria,Anthozoa,Malacalcyonacea,Alcyoniidae,Gersemia,biomass,Grams per 1000 square meter,24.791
9/21/2023,SKQ202312S-DBO5.10,SKQ202312S-DBO5.10-Labidochirus splendescens,71.621602,-157.933969,17:46:03,Benthos,"Plumb-staff beam trawl,  2.26m opening, 7-mm mesh net, 4-mm cod end liner",Labidochirus splendescens,Species,urn:lsid:marinespecies.org:taxname:248348,"Owen, 1839",Animalia,Arthropoda,Malacostraca,Decapoda,Paguridae,Labidochirus,biomass,Grams per 1000 square meter,12.396
9/21/2023,SKQ202312S-DBO5.10,SKQ202312S-DBO5.10-Lafoeina maxima,71.621602,-157.933969,17:46:03,Benthos,"Plumb-staff beam trawl,  2.26m opening, 7-mm mesh net, 4-mm cod end liner",Lafoeina maxima,Species,urn:lsid:marinespecies.org:taxname:117411,"Levinsen, 1893",Animalia,Cnidaria,Hydrozoa,Leptothecata,Campanulinidae,Lafoeina,biomass,Grams per 1000 square meter,2.066
9/21/2023,SKQ202312S-DBO5.10,SKQ202312S-DBO5.10-Leptasterias groenlandica,71.621602,-157.933969,17:46:03,Benthos,"Plumb-staff beam trawl,  2.26m opening, 7-mm mesh net, 4-mm cod end liner",Leptasterias groenlandica,Species,urn:lsid:marinespecies.org:taxname:369176,"Steenstrup in Lutken, 1857",Animalia,Echinodermata,Asteroidea,Forcipulatida,Asteriidae,Leptasterias,biomass,Grams per 1000 square meter,16.528
9/21/2023,SKQ202312S-DBO5.10,SKQ202312S-DBO5.10-Margarites costalis,71.621602,-157.933969,17:46:03,Benthos,"Plumb-staff beam trawl,  2.26m opening, 7-mm mesh net, 4-mm cod end liner",Margarites costalis,Species,urn:lsid:marinespecies.org:taxname:141819,"A. Gould, 1841",Animalia,Mollusca,Gastropoda,Trochida,Margaritidae,Margarites,biomass,Grams per 1000 square meter,24.791
9/21/2023,SKQ202312S-DBO5.10,SKQ202312S-DBO5.10-Myriotrochus rinkii,71.621602,-157.933969,17:46:03,Benthos,"Plumb-staff beam trawl,  2.26m opening, 7-mm mesh net, 4-mm cod end liner",Myriotrochus rinkii,Species,urn:lsid:marinespecies.org:taxname:124446,"Steenstrup, 1851",Animalia,Echinodermata,Holothuroidea,Apodida,Myriotrochidae,Myriotrochus,biomass,Grams per 1000 square meter,925.541
9/21/2023,SKQ202312S-DBO5.10,SKQ202312S-DBO5.10-Nemertea,71.621602,-157.933969,17:46:03,Benthos,"Plumb-staff beam trawl,  2.26m opening, 7-mm mesh net, 4-mm cod end liner",Nemertea,Phylum,urn:lsid:marinespecies.org:taxname:152391,NA,Animalia,Nemertea,NA,NA,NA,NA,biomass,Grams per 1000 square meter,8.264
9/21/2023,SKQ202312S-DBO5.10,SKQ202312S-DBO5.10-Neptunea heros,71.621602,-157.933969,17:46:03,Benthos,"Plumb-staff beam trawl,  2.26m opening, 7-mm mesh net, 4-mm cod end liner",Neptunea heros,Species,urn:lsid:marinespecies.org:taxname:254479,"J. E. Gray, 1850",Animalia,Mollusca,Gastropoda,Neogastropoda,Buccinidae,Neptunea,biomass,Grams per 1000 square meter,41.319
9/21/2023,SKQ202312S-DBO5.10,SKQ202312S-DBO5.10-Nodulotrophon coronatus,71.621602,-157.933969,17:46:03,Benthos,"Plumb-staff beam trawl,  2.26m opening, 7-mm mesh net, 4-mm cod end liner",Nodulotrophon coronatus,Species,urn:lsid:marinespecies.org:taxname:399228,"H. Adams & A. Adams, 1864",Animalia,Mollusca,Gastropoda,Neogastropoda,Muricidae,Nodulotrophon,biomass,Grams per 1000 square meter,28.923
9/21/2023,SKQ202312S-DBO5.10,SKQ202312S-DBO5.10-Obesotoma,71.621602,-157.933969,17:46:03,Benthos,"Plumb-staff beam trawl,  2.26m opening, 7-mm mesh net, 4-mm cod end liner",Obesotoma,Genus,urn:lsid:marinespecies.org:taxname:137825,"Bartsch, 1941",Animalia,Mollusca,Gastropoda,Neogastropoda,Mangeliidae,Obesotoma,biomass,Grams per 1000 square meter,4.132
9/21/2023,SKQ202312S-DBO5.10,SKQ202312S-DBO5.10-Obseotoma tenuilirata,71.621602,-157.933969,17:46:03,Benthos,"Plumb-staff beam trawl,  2.26m opening, 7-mm mesh net, 4-mm cod end liner",Obesotoma tenuilirata,Species,urn:lsid:marinespecies.org:taxname:423564  ,"Dall, 1871",Animalia,Mollusca,Gastropoda,Neogastropoda,Mangeliidae,Obesotoma,biomass,Grams per 1000 square meter,0.413
9/21/2023,SKQ202312S-DBO5.10,SKQ202312S-DBO5.10-Ophiura sarsii,71.621602,-157.933969,17:46:03,Benthos,"Plumb-staff beam trawl,  2.26m opening, 7-mm mesh net, 4-mm cod end liner",Ophiura sarsii,Species,urn:lsid:marinespecies.org:taxname:124934,"Lütken, 1855",Animalia,Echinodermata,Ophiuroidea,Ophiurida,Ophiuridae,Ophiura,biomass,Grams per 1000 square meter,893.519
9/21/2023,SKQ202312S-DBO5.10,SKQ202312S-DBO5.10-Pagurus capillatus,71.621602,-157.933969,17:46:03,Benthos,"Plumb-staff beam trawl,  2.26m opening, 7-mm mesh net, 4-mm cod end liner",Pagurus capillatus,Species,urn:lsid:marinespecies.org:taxname:254489,"Benedict, 1892",Animalia,Arthropoda,Malacostraca,Decapoda,Paguridae,Pagurus,biomass,Grams per 1000 square meter,28.923
9/21/2023,SKQ202312S-DBO5.10,SKQ202312S-DBO5.10-Plicifusus kroyeri,71.621602,-157.933969,17:46:03,Benthos,"Plumb-staff beam trawl,  2.26m opening, 7-mm mesh net, 4-mm cod end liner",Plicifusus kroyeri,Species,urn:lsid:marinespecies.org:taxname:491269,"Møller, 1842",Animalia,Mollusca,Gastropoda,Neogastropoda,Buccinidae,Plicifusus,biomass,Grams per 1000 square meter,57.846
9/21/2023,SKQ202312S-DBO5.10,SKQ202312S-DBO5.10-Polynoidae,71.621602,-157.933969,17:46:03,Benthos,"Plumb-staff beam trawl,  2.26m opening, 7-mm mesh net, 4-mm cod end liner",Polynoidae,Family,urn:lsid:marinespecies.org:taxname:939,"Kinberg, 1856",Animalia,Annelida,Polychaeta,Phyllodocida,Polynoidae,NA,biomass,Grams per 1000 square meter,4.132
9/21/2023,SKQ202312S-DBO5.10,SKQ202312S-DBO5.10-Propebela arctica,71.621602,-157.933969,17:46:03,Benthos,"Plumb-staff beam trawl,  2.26m opening, 7-mm mesh net, 4-mm cod end liner",Propebela arctica,Species,urn:lsid:marinespecies.org:taxname:367571,"A. Adams, 1855",Animalia,Mollusca,Gastropoda,Neogastropoda,Mangeliidae,Propebela,biomass,Grams per 1000 square meter,2.066
9/21/2023,SKQ202312S-DBO5.10,SKQ202312S-DBO5.10-Propebela nobilis,71.621602,-157.933969,17:46:03,Benthos,"Plumb-staff beam trawl,  2.26m opening, 7-mm mesh net, 4-mm cod end liner",Propebela nobilis,Species,urn:lsid:marinespecies.org:taxname:160450,"Møller, 1842",Animalia,Mollusca,Gastropoda,Neogastropoda,Mangeliidae,Propebela,biomass,Grams per 1000 square meter,8.264
9/21/2023,SKQ202312S-DBO5.10,SKQ202312S-DBO5.10-Pyrulofusus,71.621602,-157.933969,17:46:03,Benthos,"Plumb-staff beam trawl,  2.26m opening, 7-mm mesh net, 4-mm cod end liner",Pyrulofusus,Genus,urn:lsid:marinespecies.org:taxname:254377,"Mörch, 1869",Animalia,Mollusca,Gastropoda,Neogastropoda,Buccinidae,Pyrulofusus,biomass,Grams per 1000 square meter,4.132
9/21/2023,SKQ202312S-DBO5.10,SKQ202312S-DBO5.10-Scalibregma californicum,71.621602,-157.933969,17:46:03,Benthos,"Plumb-staff beam trawl,  2.26m opening, 7-mm mesh net, 4-mm cod end liner",Scalibregma californicum,Species,urn:lsid:marinespecies.org:taxname:331210,"Blake, 2000",Animalia,Annelida,Polychaeta,NA,Scalibregmatidae,Scalibregma,biomass,Grams per 1000 square meter,4.132
9/21/2023,SKQ202312S-DBO5.10,SKQ202312S-DBO5.10-Stegocephalidae,71.621602,-157.933969,17:46:03,Benthos,"Plumb-staff beam trawl,  2.26m opening, 7-mm mesh net, 4-mm cod end liner",Stegocephalidae,Family,urn:lsid:marinespecies.org:taxname:101408,"Dana, 1852",Animalia,Arthropoda,Malacostraca,Amphipoda,Stegocephalidae,NA,biomass,Grams per 1000 square meter,4.132
9/21/2023,SKQ202312S-DBO5.10,SKQ202312S-DBO5.10-Tachyrhynchus erosus,71.621602,-157.933969,17:46:03,Benthos,"Plumb-staff beam trawl,  2.26m opening, 7-mm mesh net, 4-mm cod end liner",Tachyrhynchus erosus,Species,urn:lsid:marinespecies.org:taxname:196391,"Couthouy, 1838",Animalia,Mollusca,Gastropoda,Caenogastropoda,Turritellidae,Tachyrhynchus,biomass,Grams per 1000 square meter,4.132
9/21/2023,SKQ202312S-DBO5.7,SKQ202312S-DBO5.7-Acanthonotozoma inflatum,71.504471,-157.681396,11:33:03,Benthos,"Plumb-staff beam trawl,  2.26m opening, 7-mm mesh net, 4-mm cod end liner",Acanthonotozoma inflatum,Species,urn:lsid:marinespecies.org:taxname:101873,"Krøyer, 1842",Animalia,Arthropoda,Malacostraca,Amphipoda,Acanthonotozomatidae,Acanthonotozoma,biomass,Grams per 1000 square meter,0.362
9/21/2023,SKQ202312S-DBO5.7,SKQ202312S-DBO5.7-Admete solida,71.504471,-157.681396,11:33:03,Benthos,"Plumb-staff beam trawl,  2.26m opening, 7-mm mesh net, 4-mm cod end liner",Admete solida,Species,urn:lsid:marinespecies.org:taxname:576338,"Aurivillius, 1885",Animalia,Mollusca,Gastropoda,Neogastropoda,Cancellariidae,Admete,biomass,Grams per 1000 square meter,3.62
9/21/2023,SKQ202312S-DBO5.7,SKQ202312S-DBO5.7-Amphipoda,71.504471,-157.681396,11:33:03,Benthos,"Plumb-staff beam trawl,  2.26m opening, 7-mm mesh net, 4-mm cod end liner",Amphipoda,Order,urn:lsid:marinespecies.org:taxname:1135,"Latreille, 1816",Animalia,Arthropoda,Malacostraca,Amphipoda,NA,NA,biomass,Grams per 1000 square meter,3.62
9/21/2023,SKQ202312S-DBO5.7,SKQ202312S-DBO5.7-Anonyx,71.504471,-157.681396,11:33:03,Benthos,"Plumb-staff beam trawl,  2.26m opening, 7-mm mesh net, 4-mm cod end liner",Anonyx,Genus,urn:lsid:marinespecies.org:taxname:101592,"Krøyer, 1838",Animalia,Arthropoda,Malacostraca,Amphipoda,Uristidae,Anonyx,biomass,Grams per 1000 square meter,18.1
9/21/2023,SKQ202312S-DBO5.7,SKQ202312S-DBO5.7-Argis,71.504471,-157.681396,11:33:03,Benthos,"Plumb-staff beam trawl,  2.26m opening, 7-mm mesh net, 4-mm cod end liner",Argis,Genus,urn:lsid:marinespecies.org:taxname:107006,"Krøyer, 1843",Animalia,Arthropoda,Malacostraca,Decapoda,Crangonidae,Argis,biomass,Grams per 1000 square meter,18.1
9/21/2023,SKQ202312S-DBO5.7,SKQ202312S-DBO5.7-Arrhis luthkei,71.504471,-157.681396,11:33:03,Benthos,"Plumb-staff beam trawl,  2.26m opening, 7-mm mesh net, 4-mm cod end liner",Arrhis luthkei,Species,urn:lsid:marinespecies.org:taxname:423163,"Gurjanova, 1936",Animalia,Arthropoda,Malacostraca,Amphipoda,Oedicerotidae,Arrhis,biomass,Grams per 1000 square meter,3.62
9/21/2023,SKQ202312S-DBO5.7,SKQ202312S-DBO5.7-Brada villosa,71.504471,-157.681396,11:33:03,Benthos,"Plumb-staff beam trawl,  2.26m opening, 7-mm mesh net, 4-mm cod end liner",Brada villosa,Species,urn:lsid:marinespecies.org:taxname:1355594,"Rathke, 1843",Animalia,Annelida,Polychaeta,Terebellida,Flabelligeridae,Brada,biomass,Grams per 1000 square meter,3.62
9/21/2023,SKQ202312S-DBO5.7,SKQ202312S-DBO5.7-Bryozoa,71.504471,-157.681396,11:33:03,Benthos,"Plumb-staff beam trawl,  2.26m opening, 7-mm mesh net, 4-mm cod end liner",Bryozoa,Phylum,urn:lsid:marinespecies.org:taxname:146142,NA,Animalia,Bryozoa,NA,NA,NA,NA,biomass,Grams per 1000 square meter,7.24
9/21/2023,SKQ202312S-DBO5.7,SKQ202312S-DBO5.7-Bryozoa - soft lobed,71.504471,-157.681396,11:33:03,Benthos,"Plumb-staff beam trawl,  2.26m opening, 7-mm mesh net, 4-mm cod end liner",Bryozoa - soft lobed,Phylum,urn:lsid:marinespecies.org:taxname:146142,NA,Animalia,Bryozoa,NA,NA,NA,NA,biomass,Grams per 1000 square meter,90.501
9/21/2023,SKQ202312S-DBO5.7,SKQ202312S-DBO5.7-Calycidoris guentheri,71.504471,-157.681396,11:33:03,Benthos,"Plumb-staff beam trawl,  2.26m opening, 7-mm mesh net, 4-mm cod end liner",Calycidoris guentheri,Species,urn:lsid:marinespecies.org:taxname:146756,"Abraham, 1876",Animalia,Mollusca,Gastropoda,Nudibranchia,Calycidorididae,Calycidoris,biomass,Grams per 1000 square meter,3.62
9/21/2023,SKQ202312S-DBO5.7,SKQ202312S-DBO5.7-Chionoecetes opilio,71.504471,-157.681396,11:33:03,Benthos,"Plumb-staff beam trawl,  2.26m opening, 7-mm mesh net, 4-mm cod end liner",Chionoecetes opilio,Species,urn:lsid:marinespecies.org:taxname:107315,"Fabricius, 1788",Animalia,Arthropoda,Malacostraca,Decapoda,Oregoniidae,Chionoecetes,biomass,Grams per 1000 square meter,24.435
9/21/2023,SKQ202312S-DBO5.7,SKQ202312S-DBO5.7-Cistenides hyperborea,71.504471,-157.681396,11:33:03,Benthos,"Plumb-staff beam trawl,  2.26m opening, 7-mm mesh net, 4-mm cod end liner",Cistenides hyperborea,Species,urn:lsid:marinespecies.org:taxname:157317,"Malmgren, 1866",Animalia,Annelida,Polychaeta,Terebellida,Pectiriidae,Cistenides,biomass,Grams per 1000 square meter,1.81
9/21/2023,SKQ202312S-DBO5.7,SKQ202312S-DBO5.7-Colus pubescens,71.504471,-157.681396,11:33:03,Benthos,"Plumb-staff beam trawl,  2.26m opening, 7-mm mesh net, 4-mm cod end liner",Colus pubescens,Species,urn:lsid:marinespecies.org:taxname:160212,"A. E. Verrill, 1882",Animalia,Mollusca,Gastropoda,Neogastropoda,Colidae,Colus,biomass,Grams per 1000 square meter,32.58
9/21/2023,SKQ202312S-DBO5.7,SKQ202312S-DBO5.7-Crangon dalli,71.504471,-157.681396,11:33:03,Benthos,"Plumb-staff beam trawl,  2.26m opening, 7-mm mesh net, 4-mm cod end liner",Crangon dalli,Species,urn:lsid:marinespecies.org:taxname:254486,"Rathbun, 1902",Animalia,Arthropoda,Malacostraca,Decapoda,Crangonidae,Crangon,biomass,Grams per 1000 square meter,0.905
9/21/2023,SKQ202312S-DBO5.7,SKQ202312S-DBO5.7-Crossaster papposus,71.504471,-157.681396,11:33:03,Benthos,"Plumb-staff beam trawl,  2.26m opening, 7-mm mesh net, 4-mm cod end liner",Crossaster papposus,Species,urn:lsid:marinespecies.org:taxname:124154,"Linnaeus, 1767",Animalia,Echinodermata,Asteroidea,Valvatida,Solasteridae,Crossaster,biomass,Grams per 1000 square meter,50.68
9/21/2023,SKQ202312S-DBO5.7,SKQ202312S-DBO5.7-Eualus gaimardii ,71.504471,-157.681396,11:33:03,Benthos,"Plumb-staff beam trawl,  2.26m opening, 7-mm mesh net, 4-mm cod end liner",Eualus gaimardii ,Species,urn:lsid:marinespecies.org:taxname:107504,"H. Milne Edwards, 1837",Animalia,Arthropoda,Malacostraca,Decapoda,Thoridae,Eualus,biomass,Grams per 1000 square meter,10.86
9/21/2023,SKQ202312S-DBO5.7,SKQ202312S-DBO5.7-Eualus macilentus,71.504471,-157.681396,11:33:03,Benthos,"Plumb-staff beam trawl,  2.26m opening, 7-mm mesh net, 4-mm cod end liner",Eualus macilentus,Species,urn:lsid:marinespecies.org:taxname:158359,"Krøyer, 1841",Animalia,Arthropoda,Malacostraca,Decapoda,Thoridae,Eualus,biomass,Grams per 1000 square meter,0.453
9/21/2023,SKQ202312S-DBO5.7,SKQ202312S-DBO5.7-Eucratea loricata,71.504471,-157.681396,11:33:03,Benthos,"Plumb-staff beam trawl,  2.26m opening, 7-mm mesh net, 4-mm cod end liner",Eucratea loricata,Species,urn:lsid:marinespecies.org:taxname:111361,"Linnaeus, 1758",Animalia,Bryozoa,Gymnolaemata,Cheilostomatida,Eucrateidae,Eucratea,biomass,Grams per 1000 square meter,658.846
9/21/2023,SKQ202312S-DBO5.7,SKQ202312S-DBO5.7-Euspira pallida,71.504471,-157.681396,11:33:03,Benthos,"Plumb-staff beam trawl,  2.26m opening, 7-mm mesh net, 4-mm cod end liner",Euspira pallida,Species,urn:lsid:marinespecies.org:taxname:140536,"Broderip & G. B. Sowerby I, 1829",Animalia,Mollusca,Gastropoda,Littorinimorpha,Naticidae,Euspira,biomass,Grams per 1000 square meter,3.62
9/21/2023,SKQ202312S-DBO5.7,SKQ202312S-DBO5.7-Gattyana ciliata,71.504471,-157.681396,11:33:03,Benthos,"Plumb-staff beam trawl,  2.26m opening, 7-mm mesh net, 4-mm cod end liner",Gattyana ciliata,Species,urn:lsid:marinespecies.org:taxname:254456,"Moore, 1902",Animalia,Annelida,Polychaeta,Phyllodocida,Polynoidae,Gattyana,biomass,Grams per 1000 square meter,148.421
9/21/2023,SKQ202312S-DBO5.7,SKQ202312S-DBO5.7-Gersemia rubiformis,71.504471,-157.681396,11:33:03,Benthos,"Plumb-staff beam trawl,  2.26m opening, 7-mm mesh net, 4-mm cod end liner",Gersemia rubiformis,Species,urn:lsid:marinespecies.org:taxname:156103,"Ehrenberg, 1834",Animalia,Cnidaria,Anthozoa,Malacalcyonacea,Alcyoniidae,Gersemia,biomass,Grams per 1000 square meter,86.881
9/21/2023,SKQ202312S-DBO5.7,SKQ202312S-DBO5.7-Golfingia margaritacea,71.504471,-157.681396,11:33:03,Benthos,"Plumb-staff beam trawl,  2.26m opening, 7-mm mesh net, 4-mm cod end liner",Golfingia margaritacea,Species,urn:lsid:marinespecies.org:taxname:175027,"Sars, 1851",Animalia,Annelida,NA,Sipuncula,Golfingiidae,Golfingia,biomass,Grams per 1000 square meter,1.81
9/21/2023,SKQ202312S-DBO5.7,SKQ202312S-DBO5.7-Halirages,71.504471,-157.681396,11:33:03,Benthos,"Plumb-staff beam trawl,  2.26m opening, 7-mm mesh net, 4-mm cod end liner",Halirages,Genus,urn:lsid:marinespecies.org:taxname:101520,"Boeck, 1871",Animalia,Arthropoda,Malacostraca,Amphipoda,Calliopiidae,Halirages,biomass,Grams per 1000 square meter,3.62
9/21/2023,SKQ202312S-DBO5.7,SKQ202312S-DBO5.7-Hyas coarctatus,71.504471,-157.681396,11:33:03,Benthos,"Plumb-staff beam trawl,  2.26m opening, 7-mm mesh net, 4-mm cod end liner",Hyas coarctatus,Species,urn:lsid:marinespecies.org:taxname:107323,"Leach, 1815",Animalia,Arthropoda,Malacostraca,Decapoda,Oregoniidae,Hyas,biomass,Grams per 1000 square meter,94.121
9/21/2023,SKQ202312S-DBO5.7,SKQ202312S-DBO5.7-Hydrozoa,71.504471,-157.681396,11:33:03,Benthos,"Plumb-staff beam trawl,  2.26m opening, 7-mm mesh net, 4-mm cod end liner",Hydrozoa,Class,urn:lsid:marinespecies.org:taxname:1337,"Owen, 1843",Animalia,Cnidaria,Hydrozoa,NA,NA,NA,biomass,Grams per 1000 square meter,39.82
9/21/2023,SKQ202312S-DBO5.7,SKQ202312S-DBO5.7-Nemertea,71.504471,-157.681396,11:33:03,Benthos,"Plumb-staff beam trawl,  2.26m opening, 7-mm mesh net, 4-mm cod end liner",Nemertea,Phylum,urn:lsid:marinespecies.org:taxname:152391,NA,Animalia,Nemertea,NA,NA,NA,NA,biomass,Grams per 1000 square meter,72.401
9/21/2023,SKQ202312S-DBO5.7,SKQ202312S-DBO5.7-Nymphon,71.504471,-157.681396,11:33:03,Benthos,"Plumb-staff beam trawl,  2.26m opening, 7-mm mesh net, 4-mm cod end liner",Nymphon,Genus,urn:lsid:marinespecies.org:taxname:134591,"Fabricius, 1794",Animalia,Arthropoda,Pycnogonida,Pantopoda,Nymphonidae,Nymphon,biomass,Grams per 1000 square meter,3.62
9/21/2023,SKQ202312S-DBO5.7,SKQ202312S-DBO5.7-Ophiacantha bidentata,71.504471,-157.681396,11:33:03,Benthos,"Plumb-staff beam trawl,  2.26m opening, 7-mm mesh net, 4-mm cod end liner",Ophiacantha bidentata,Species,urn:lsid:marinespecies.org:taxname:124978,"Bruzelius, 1805",Animalia,Echinodermata,Ophiuroidea,Ophiacanthida,Ophiacanthidae,Ophiacantha,biomass,Grams per 1000 square meter,177.382
9/21/2023,SKQ202312S-DBO5.7,SKQ202312S-DBO5.7-Ophiura sarsii,71.504471,-157.681396,11:33:03,Benthos,"Plumb-staff beam trawl,  2.26m opening, 7-mm mesh net, 4-mm cod end liner",Ophiura sarsii,Species,urn:lsid:marinespecies.org:taxname:124934,"Lütken, 1855",Animalia,Echinodermata,Ophiuroidea,Ophiurida,Ophiuridae,Ophiura,biomass,Grams per 1000 square meter,356.573
9/21/2023,SKQ202312S-DBO5.7,SKQ202312S-DBO5.7-Pagurus,71.504471,-157.681396,11:33:03,Benthos,"Plumb-staff beam trawl,  2.26m opening, 7-mm mesh net, 4-mm cod end liner",Pagurus,Genus,urn:lsid:marinespecies.org:taxname:106854,"Fabricius, 1775",Animalia,Arthropoda,Malacostraca,Decapoda,Paguridae,Pagurus,biomass,Grams per 1000 square meter,3.62
9/21/2023,SKQ202312S-DBO5.7,SKQ202312S-DBO5.7-Phyllodoce groenlandica,71.504471,-157.681396,11:33:03,Benthos,"Plumb-staff beam trawl,  2.26m opening, 7-mm mesh net, 4-mm cod end liner",Phyllodoce groenlandica,Species,urn:lsid:marinespecies.org:taxname:334506,"Örsted, 1842",Animalia,Annelida,Polychaeta,Phyllodocida,Phyllodocidae,Phyllodoce,biomass,Grams per 1000 square meter,7.24
9/21/2023,SKQ202312S-DBO5.7,SKQ202312S-DBO5.7-Polychaeta,71.504471,-157.681396,11:33:03,Benthos,"Plumb-staff beam trawl,  2.26m opening, 7-mm mesh net, 4-mm cod end liner",Polychaeta,Class,urn:lsid:marinespecies.org:taxname:883,"Grube, 1850",Animalia,Annelida,Polychaeta,NA,NA,NA,biomass,Grams per 1000 square meter,3.62
9/21/2023,SKQ202312S-DBO5.7,SKQ202312S-DBO5.7-Polynoidae,71.504471,-157.681396,11:33:03,Benthos,"Plumb-staff beam trawl,  2.26m opening, 7-mm mesh net, 4-mm cod end liner",Polynoidae,Family,urn:lsid:marinespecies.org:taxname:939,"Kinberg, 1856",Animalia,Annelida,Polychaeta,Phyllodocida,Polynoidae,NA,biomass,Grams per 1000 square meter,36.2
9/21/2023,SKQ202312S-DBO5.7,SKQ202312S-DBO5.7-Pycnogonida,71.504471,-157.681396,11:33:03,Benthos,"Plumb-staff beam trawl,  2.26m opening, 7-mm mesh net, 4-mm cod end liner",Pycnogonida,Class,urn:lsid:marinespecies.org:taxname:1302,"Latreille, 1810",Animalia,Arthropoda,Pycnogonida,NA,NA,NA,biomass,Grams per 1000 square meter,0.362
9/21/2023,SKQ202312S-DBO5.7,SKQ202312S-DBO5.7-Sabinea septemcarinata,71.504471,-157.681396,11:33:03,Benthos,"Plumb-staff beam trawl,  2.26m opening, 7-mm mesh net, 4-mm cod end liner",Sabinea septemcarinata,Species,urn:lsid:marinespecies.org:taxname:107567,"Sabine, 1824",Animalia,Arthropoda,Malacostraca,Decapoda,Crangonidae,Sabinea,biomass,Grams per 1000 square meter,5.43
9/21/2023,SKQ202312S-DBO5.7,SKQ202312S-DBO5.7-Semisuberites cribrosa,71.504471,-157.681396,11:33:03,Benthos,"Plumb-staff beam trawl,  2.26m opening, 7-mm mesh net, 4-mm cod end liner",Semisuberites cribrosa,Species,urn:lsid:marinespecies.org:taxname:168379,"Miklucho-Maclay, 1870",Animalia,Porifera,Demospongiae,Bubarida,Esperiopsidae,Semisuberites,biomass,Grams per 1000 square meter,32.58
9/21/2023,SKQ202312S-DBO5.7,SKQ202312S-DBO5.7-Socarnes bidenticulatus,71.504471,-157.681396,11:33:03,Benthos,"Plumb-staff beam trawl,  2.26m opening, 7-mm mesh net, 4-mm cod end liner",Socarnes bidenticulatus,Species,urn:lsid:marinespecies.org:taxname:102722,"Spence Bate, 1858",Animalia,Arthropoda,Malacostraca,Amphipoda,Lysianassidae,Socarnes,biomass,Grams per 1000 square meter,0.905
9/21/2023,SKQ202312S-DBO5.7,SKQ202312S-DBO5.7-Stegocephalidae,71.504471,-157.681396,11:33:03,Benthos,"Plumb-staff beam trawl,  2.26m opening, 7-mm mesh net, 4-mm cod end liner",Stegocephalidae,Family,urn:lsid:marinespecies.org:taxname:101408,"Dana, 1852",Animalia,Arthropoda,Malacostraca,Amphipoda,Stegocephalidae,NA,biomass,Grams per 1000 square meter,1.81
9/21/2023,SKQ202312S-DBO5.7,SKQ202312S-DBO5.7-Stomphia,71.504471,-157.681396,11:33:03,Benthos,"Plumb-staff beam trawl,  2.26m opening, 7-mm mesh net, 4-mm cod end liner",Stomphia,Genus,urn:lsid:marinespecies.org:taxname:100716,"Gosse, 1859",Animalia,Cnidaria,Anthozoa,Actiniaria,Actinostolidae,Stomphia,biomass,Grams per 1000 square meter,172.857
9/21/2023,SKQ202312S-DBO5.7,SKQ202312S-DBO5.7-Synidotea bicuspida,71.504471,-157.681396,11:33:03,Benthos,"Plumb-staff beam trawl,  2.26m opening, 7-mm mesh net, 4-mm cod end liner",Synidotea bicuspida,Species,urn:lsid:marinespecies.org:taxname:156445,"Owen, 1839",Animalia,Arthropoda,Malacostraca,Isopoda,Idoteidae,Synidotea,biomass,Grams per 1000 square meter,1.81
9/21/2023,SKQ202312S-DBO5.7,SKQ202312S-DBO5.7-Tachyrhynchus erosus,71.504471,-157.681396,11:33:03,Benthos,"Plumb-staff beam trawl,  2.26m opening, 7-mm mesh net, 4-mm cod end liner",Tachyrhynchus erosus,Species,urn:lsid:marinespecies.org:taxname:196391,"Couthouy, 1838",Animalia,Mollusca,Gastropoda,Caenogastropoda,Turritellidae,Tachyrhynchus,biomass,Grams per 1000 square meter,0.905
9/21/2023,SKQ202312S-DBO5.7,SKQ202312S-DBO5.7-Unicola leucopis,71.504471,-157.681396,11:33:03,Benthos,"Plumb-staff beam trawl,  2.26m opening, 7-mm mesh net, 4-mm cod end liner",Unciola leucopis,Species,urn:lsid:marinespecies.org:taxname:102059  ,"Krøyer, 1845",Animalia,Arthropoda,Malacostraca,Amphipoda,Unciolidae,Unciola,biomass,Grams per 1000 square meter,0.091
9/21/2023,SKQ202312S-DBO5.7,SKQ202312S-DBO5.7-Velutina,71.504471,-157.681396,11:33:03,Benthos,"Plumb-staff beam trawl,  2.26m opening, 7-mm mesh net, 4-mm cod end liner",Velutina,Genus,urn:lsid:marinespecies.org:taxname:138631  ,"J. Fleming, 1820",Animalia,Mollusca,Gastropoda,Littorinimorpha,Velutinidae,Velutina,biomass,Grams per 1000 square meter,0.362
9/23/2023,SKQ202312S-DBO4.2n,SKQ202312S-DBO4.2n-Admete solida,71.326183,-160.66648,13:56:18,Benthos,"Plumb-staff beam trawl,  2.26m opening, 7-mm mesh net, 4-mm cod end liner",Admete solida,Species,urn:lsid:marinespecies.org:taxname:576338,"Aurivillius, 1885",Animalia,Mollusca,Gastropoda,Neogastropoda,Cancellariidae,Admete,biomass,Grams per 1000 square meter,15.679
9/23/2023,SKQ202312S-DBO4.2n,SKQ202312S-DBO4.2n-Admete viridula,71.326183,-160.66648,13:56:18,Benthos,"Plumb-staff beam trawl,  2.26m opening, 7-mm mesh net, 4-mm cod end liner",Admete viridula,Species,urn:lsid:marinespecies.org:taxname:138969,"O. Fabricius, 1780",Animalia,Mollusca,Gastropoda,Neogastropoda,Cancellariidae,Admete,biomass,Grams per 1000 square meter,1.568
9/23/2023,SKQ202312S-DBO4.2n,SKQ202312S-DBO4.2n-Alcyonidium gelatinosum,71.326183,-160.66648,13:56:18,Benthos,"Plumb-staff beam trawl,  2.26m opening, 7-mm mesh net, 4-mm cod end liner",Alcyonidium gelatinosum,Species,urn:lsid:marinespecies.org:taxname:111600,"Linnaeus, 1761",Animalia,Bryozoa,Gymnolaemata,Ctenostomatida,Alcyonidiidae,Alcyonidium,biomass,Grams per 1000 square meter,31.357
9/23/2023,SKQ202312S-DBO4.2n,SKQ202312S-DBO4.2n-Anonyx,71.326183,-160.66648,13:56:18,Benthos,"Plumb-staff beam trawl,  2.26m opening, 7-mm mesh net, 4-mm cod end liner",Anonyx,Genus,urn:lsid:marinespecies.org:taxname:101592,"Krøyer, 1838",Animalia,Arthropoda,Malacostraca,Amphipoda,Uristidae,Anonyx,biomass,Grams per 1000 square meter,7.839
9/23/2023,SKQ202312S-DBO4.2n,SKQ202312S-DBO4.2n-Argis,71.326183,-160.66648,13:56:18,Benthos,"Plumb-staff beam trawl,  2.26m opening, 7-mm mesh net, 4-mm cod end liner",Argis,Genus,urn:lsid:marinespecies.org:taxname:107006,"Krøyer, 1843",Animalia,Arthropoda,Malacostraca,Decapoda,Crangonidae,Argis,biomass,Grams per 1000 square meter,74.473
9/23/2023,SKQ202312S-DBO4.2n,SKQ202312S-DBO4.2n-Boreotrophon,71.326183,-160.66648,13:56:18,Benthos,"Plumb-staff beam trawl,  2.26m opening, 7-mm mesh net, 4-mm cod end liner",Boreotrophon,Genus,urn:lsid:marinespecies.org:taxname:146731,"P. Fischer, 1884",Animalia,Mollusca,Gastropoda,Neogastropoda,Muricidae,Boreotrophon,biomass,Grams per 1000 square meter,78.393
9/23/2023,SKQ202312S-DBO4.2n,SKQ202312S-DBO4.2n-Boreotrophon truncatus,71.326183,-160.66648,13:56:18,Benthos,"Plumb-staff beam trawl,  2.26m opening, 7-mm mesh net, 4-mm cod end liner",Boreotrophon truncatus,Species,urn:lsid:marinespecies.org:taxname:146733,"Strøm, 1768",Animalia,Mollusca,Gastropoda,Neogastropoda,Muricidae,Boreotrophon,biomass,Grams per 1000 square meter,31.357
9/23/2023,SKQ202312S-DBO4.2n,SKQ202312S-DBO4.2n-Buccinum polare,71.326183,-160.66648,13:56:18,Benthos,"Plumb-staff beam trawl,  2.26m opening, 7-mm mesh net, 4-mm cod end liner",Buccinum polare,Species,urn:lsid:marinespecies.org:taxname:138873,"Gray, 1839",Animalia,Mollusca,Gastropoda,Neogastropoda,Buccinidae,Buccinum,biomass,Grams per 1000 square meter,109.75
9/23/2023,SKQ202312S-DBO4.2n,SKQ202312S-DBO4.2n-Buccinum scalariforme,71.326183,-160.66648,13:56:18,Benthos,"Plumb-staff beam trawl,  2.26m opening, 7-mm mesh net, 4-mm cod end liner",Buccinum scalariforme,Species,urn:lsid:marinespecies.org:taxname:138875,"Møller, 1842",Animalia,Mollusca,Gastropoda,Neogastropoda,Buccinidae,Buccinum,biomass,Grams per 1000 square meter,172.464
9/23/2023,SKQ202312S-DBO4.2n,SKQ202312S-DBO4.2n-Buccinum solenum,71.326183,-160.66648,13:56:18,Benthos,"Plumb-staff beam trawl,  2.26m opening, 7-mm mesh net, 4-mm cod end liner",Buccinum solenum,Species,urn:lsid:marinespecies.org:taxname:490864,"Mörch, 1869",Animalia,Mollusca,Gastropoda,Neogastropoda,Buccinidae,Buccinum,biomass,Grams per 1000 square meter,188.142
9/23/2023,SKQ202312S-DBO4.2n,SKQ202312S-DBO4.2n-Calycidoris guentheri,71.326183,-160.66648,13:56:18,Benthos,"Plumb-staff beam trawl,  2.26m opening, 7-mm mesh net, 4-mm cod end liner",Calycidoris guentheri,Species,urn:lsid:marinespecies.org:taxname:146756,"Abraham, 1876",Animalia,Mollusca,Gastropoda,Nudibranchia,Calycidorididae,Calycidoris,biomass,Grams per 1000 square meter,15.679
9/23/2023,SKQ202312S-DBO4.2n,SKQ202312S-DBO4.2n-Chionoecetes opilio,71.326183,-160.66648,13:56:18,Benthos,"Plumb-staff beam trawl,  2.26m opening, 7-mm mesh net, 4-mm cod end liner",Chionoecetes opilio,Species,urn:lsid:marinespecies.org:taxname:107315,"Fabricius, 1788",Animalia,Arthropoda,Malacostraca,Decapoda,Oregoniidae,Chionoecetes,biomass,Grams per 1000 square meter,346.234
9/23/2023,SKQ202312S-DBO4.2n,SKQ202312S-DBO4.2n-Colus pubescens,71.326183,-160.66648,13:56:18,Benthos,"Plumb-staff beam trawl,  2.26m opening, 7-mm mesh net, 4-mm cod end liner",Colus pubescens,Species,urn:lsid:marinespecies.org:taxname:160212,"A. E. Verrill, 1882",Animalia,Mollusca,Gastropoda,Neogastropoda,Colidae,Colus,biomass,Grams per 1000 square meter,266.535
9/23/2023,SKQ202312S-DBO4.2n,SKQ202312S-DBO4.2n-Crangon dalli,71.326183,-160.66648,13:56:18,Benthos,"Plumb-staff beam trawl,  2.26m opening, 7-mm mesh net, 4-mm cod end liner",Crangon dalli,Species,urn:lsid:marinespecies.org:taxname:254486,"Rathbun, 1902",Animalia,Arthropoda,Malacostraca,Decapoda,Crangonidae,Crangon,biomass,Grams per 1000 square meter,2.613
9/23/2023,SKQ202312S-DBO4.2n,SKQ202312S-DBO4.2n-Crossaster papposus,71.326183,-160.66648,13:56:18,Benthos,"Plumb-staff beam trawl,  2.26m opening, 7-mm mesh net, 4-mm cod end liner",Crossaster papposus,Species,urn:lsid:marinespecies.org:taxname:124154,"Linnaeus, 1767",Animalia,Echinodermata,Asteroidea,Valvatida,Solasteridae,Crossaster,biomass,Grams per 1000 square meter,188.142
9/23/2023,SKQ202312S-DBO4.2n,SKQ202312S-DBO4.2n-Cryptonatica affinis,71.326183,-160.66648,13:56:18,Benthos,"Plumb-staff beam trawl,  2.26m opening, 7-mm mesh net, 4-mm cod end liner",Cryptonatica affinis,Species,urn:lsid:marinespecies.org:taxname:140525,"Gmelin, 1791",Animalia,Mollusca,Gastropoda,Littorinimorpha,Ticidae,Cryptonatica,biomass,Grams per 1000 square meter,250.856
9/23/2023,SKQ202312S-DBO4.2n,SKQ202312S-DBO4.2n-Cylichna alba,71.326183,-160.66648,13:56:18,Benthos,"Plumb-staff beam trawl,  2.26m opening, 7-mm mesh net, 4-mm cod end liner",Cylichna alba,Species,urn:lsid:marinespecies.org:taxname:139474,"T. Brown, 1827",Animalia,Mollusca,Gastropoda,Cephalaspidea,Cylichnidae,Cylichna,biomass,Grams per 1000 square meter,15.679
9/23/2023,SKQ202312S-DBO4.2n,SKQ202312S-DBO4.2n-Eualus gaimardii ,71.326183,-160.66648,13:56:18,Benthos,"Plumb-staff beam trawl,  2.26m opening, 7-mm mesh net, 4-mm cod end liner",Eualus gaimardii ,Species,urn:lsid:marinespecies.org:taxname:107504,"H. Milne Edwards, 1837",Animalia,Arthropoda,Malacostraca,Decapoda,Thoridae,Eualus,biomass,Grams per 1000 square meter,7.839
9/23/2023,SKQ202312S-DBO4.2n,SKQ202312S-DBO4.2n-Eucratea loricata,71.326183,-160.66648,13:56:18,Benthos,"Plumb-staff beam trawl,  2.26m opening, 7-mm mesh net, 4-mm cod end liner",Eucratea loricata,Species,urn:lsid:marinespecies.org:taxname:111361,"Linnaeus, 1758",Animalia,Bryozoa,Gymnolaemata,Cheilostomatida,Eucrateidae,Eucratea,biomass,Grams per 1000 square meter,125.428
9/23/2023,SKQ202312S-DBO4.2n,SKQ202312S-DBO4.2n-Euspira pallida,71.326183,-160.66648,13:56:18,Benthos,"Plumb-staff beam trawl,  2.26m opening, 7-mm mesh net, 4-mm cod end liner",Euspira pallida,Species,urn:lsid:marinespecies.org:taxname:140536,"Broderip & G. B. Sowerby I, 1829",Animalia,Mollusca,Gastropoda,Littorinimorpha,Naticidae,Euspira,biomass,Grams per 1000 square meter,15.679
9/23/2023,SKQ202312S-DBO4.2n,SKQ202312S-DBO4.2n-Gattyana ciliata,71.326183,-160.66648,13:56:18,Benthos,"Plumb-staff beam trawl,  2.26m opening, 7-mm mesh net, 4-mm cod end liner",Gattyana ciliata,Species,urn:lsid:marinespecies.org:taxname:254456,"Moore, 1902",Animalia,Annelida,Polychaeta,Phyllodocida,Polynoidae,Gattyana,biomass,Grams per 1000 square meter,47.036
9/23/2023,SKQ202312S-DBO4.2n,SKQ202312S-DBO4.2n-Gersemia rubiformis,71.326183,-160.66648,13:56:18,Benthos,"Plumb-staff beam trawl,  2.26m opening, 7-mm mesh net, 4-mm cod end liner",Gersemia rubiformis,Species,urn:lsid:marinespecies.org:taxname:156103,"Ehrenberg, 1834",Animalia,Cnidaria,Anthozoa,Malacalcyonacea,Alcyoniidae,Gersemia,biomass,Grams per 1000 square meter,15.679
9/23/2023,SKQ202312S-DBO4.2n,SKQ202312S-DBO4.2n-Golfingia margaritacea,71.326183,-160.66648,13:56:18,Benthos,"Plumb-staff beam trawl,  2.26m opening, 7-mm mesh net, 4-mm cod end liner",Golfingia margaritacea,Species,urn:lsid:marinespecies.org:taxname:175027,"Sars, 1851",Animalia,Annelida,NA,Sipuncula,Golfingiidae,Golfingia,biomass,Grams per 1000 square meter,219.499
9/23/2023,SKQ202312S-DBO4.2n,SKQ202312S-DBO4.2n-Hyas coarctatus,71.326183,-160.66648,13:56:18,Benthos,"Plumb-staff beam trawl,  2.26m opening, 7-mm mesh net, 4-mm cod end liner",Hyas coarctatus,Species,urn:lsid:marinespecies.org:taxname:107323,"Leach, 1815",Animalia,Arthropoda,Malacostraca,Decapoda,Oregoniidae,Hyas,biomass,Grams per 1000 square meter,94.071
9/23/2023,SKQ202312S-DBO4.2n,SKQ202312S-DBO4.2n-Hydrozoa,71.326183,-160.66648,13:56:18,Benthos,"Plumb-staff beam trawl,  2.26m opening, 7-mm mesh net, 4-mm cod end liner",Hydrozoa,Class,urn:lsid:marinespecies.org:taxname:1337,"Owen, 1843",Animalia,Cnidaria,Hydrozoa,NA,NA,NA,biomass,Grams per 1000 square meter,31.357
9/23/2023,SKQ202312S-DBO4.2n,SKQ202312S-DBO4.2n-Leptasterias groenlandica,71.326183,-160.66648,13:56:18,Benthos,"Plumb-staff beam trawl,  2.26m opening, 7-mm mesh net, 4-mm cod end liner",Leptasterias groenlandica,Species,urn:lsid:marinespecies.org:taxname:369176,"Steenstrup in Lutken, 1857",Animalia,Echinodermata,Asteroidea,Forcipulatida,Asteriidae,Leptasterias,biomass,Grams per 1000 square meter,344.927
9/23/2023,SKQ202312S-DBO4.2n,SKQ202312S-DBO4.2n-Limneria undata,71.326183,-160.66648,13:56:18,Benthos,"Plumb-staff beam trawl,  2.26m opening, 7-mm mesh net, 4-mm cod end liner",Limneria undata,Species,urn:lsid:marinespecies.org:taxname:159903,"T. Brown, 1839",Animalia,Mollusca,Gastropoda,Littorinimorpha,Velutinidae,Limneria,biomass,Grams per 1000 square meter,15.679
9/23/2023,SKQ202312S-DBO4.2n,SKQ202312S-DBO4.2n-Margarites costalis,71.326183,-160.66648,13:56:18,Benthos,"Plumb-staff beam trawl,  2.26m opening, 7-mm mesh net, 4-mm cod end liner",Margarites costalis,Species,urn:lsid:marinespecies.org:taxname:141819,"A. Gould, 1841",Animalia,Mollusca,Gastropoda,Trochida,Margaritidae,Margarites,biomass,Grams per 1000 square meter,31.357
9/23/2023,SKQ202312S-DBO4.2n,SKQ202312S-DBO4.2n-Musculus glacialis,71.326183,-160.66648,13:56:18,Benthos,"Plumb-staff beam trawl,  2.26m opening, 7-mm mesh net, 4-mm cod end liner",Musculus glacialis,Species,urn:lsid:marinespecies.org:taxname:467467,"Leche, 1883",Animalia,Mollusca,Bivalvia,Mytilida,Mytilidae,Musculus,biomass,Grams per 1000 square meter,203.821
9/23/2023,SKQ202312S-DBO4.2n,SKQ202312S-DBO4.2n-Myriotrochus rinkii,71.326183,-160.66648,13:56:18,Benthos,"Plumb-staff beam trawl,  2.26m opening, 7-mm mesh net, 4-mm cod end liner",Myriotrochus rinkii,Species,urn:lsid:marinespecies.org:taxname:124446,"Steenstrup, 1851",Animalia,Echinodermata,Holothuroidea,Apodida,Myriotrochidae,Myriotrochus,biomass,Grams per 1000 square meter,2194.991
9/23/2023,SKQ202312S-DBO4.2n,SKQ202312S-DBO4.2n-Nemertea,71.326183,-160.66648,13:56:18,Benthos,"Plumb-staff beam trawl,  2.26m opening, 7-mm mesh net, 4-mm cod end liner",Nemertea,Phylum,urn:lsid:marinespecies.org:taxname:152391,NA,Animalia,Nemertea,NA,NA,NA,NA,biomass,Grams per 1000 square meter,15.679
9/23/2023,SKQ202312S-DBO4.2n,SKQ202312S-DBO4.2n-Neocrangon communis,71.326183,-160.66648,13:56:18,Benthos,"Plumb-staff beam trawl,  2.26m opening, 7-mm mesh net, 4-mm cod end liner",Neocrangon communis,Species,urn:lsid:marinespecies.org:taxname:423552,"Rathbun, 1899",Animalia,Arthropoda,Malacostraca,Decapoda,Crangonidae,Neocrangon,biomass,Grams per 1000 square meter,2.613
9/23/2023,SKQ202312S-DBO4.2n,SKQ202312S-DBO4.2n-Neoiphinoe coronata,71.326183,-160.66648,13:56:18,Benthos,"Plumb-staff beam trawl,  2.26m opening, 7-mm mesh net, 4-mm cod end liner",Neoiphinoe coronata,Species,urn:lsid:marinespecies.org:taxname:576321,"A. Gould, 1860",Animalia,Mollusca,Gastropoda,Littorinimorpha,Capulidae,Neoiphinoe,biomass,Grams per 1000 square meter,1.568
9/23/2023,SKQ202312S-DBO4.2n,SKQ202312S-DBO4.2n-Neptunea heros,71.326183,-160.66648,13:56:18,Benthos,"Plumb-staff beam trawl,  2.26m opening, 7-mm mesh net, 4-mm cod end liner",Neptunea heros,Species,urn:lsid:marinespecies.org:taxname:254479,"J. E. Gray, 1850",Animalia,Mollusca,Gastropoda,Neogastropoda,Buccinidae,Neptunea,biomass,Grams per 1000 square meter,407.641
9/23/2023,SKQ202312S-DBO4.2n,SKQ202312S-DBO4.2n-Nodulotrophon coronatus,71.326183,-160.66648,13:56:18,Benthos,"Plumb-staff beam trawl,  2.26m opening, 7-mm mesh net, 4-mm cod end liner",Nodulotrophon coronatus,Species,urn:lsid:marinespecies.org:taxname:399228,"H. Adams & A. Adams, 1864",Animalia,Mollusca,Gastropoda,Neogastropoda,Muricidae,Nodulotrophon,biomass,Grams per 1000 square meter,156.785
9/23/2023,SKQ202312S-DBO4.2n,SKQ202312S-DBO4.2n-Nymphon,71.326183,-160.66648,13:56:18,Benthos,"Plumb-staff beam trawl,  2.26m opening, 7-mm mesh net, 4-mm cod end liner",Nymphon,Genus,urn:lsid:marinespecies.org:taxname:134591,"Fabricius, 1794",Animalia,Arthropoda,Pycnogonida,Pantopoda,Nymphonidae,Nymphon,biomass,Grams per 1000 square meter,1.568
9/23/2023,SKQ202312S-DBO4.2n,SKQ202312S-DBO4.2n-Obesotoma,71.326183,-160.66648,13:56:18,Benthos,"Plumb-staff beam trawl,  2.26m opening, 7-mm mesh net, 4-mm cod end liner",Obesotoma,Genus,urn:lsid:marinespecies.org:taxname:137825,"Bartsch, 1941",Animalia,Mollusca,Gastropoda,Neogastropoda,Mangeliidae,Obesotoma,biomass,Grams per 1000 square meter,1.568
9/23/2023,SKQ202312S-DBO4.2n,SKQ202312S-DBO4.2n-Ocnus glacialis,71.326183,-160.66648,13:56:18,Benthos,"Plumb-staff beam trawl,  2.26m opening, 7-mm mesh net, 4-mm cod end liner",Ocnus glacialis,Species,urn:lsid:marinespecies.org:taxname:124641,"Ljungman, 1879",Animalia,Echinodermata,Holothuroidea,Dendrochirotida,Cucumariidae,Ocnus,biomass,Grams per 1000 square meter,4828.98
9/23/2023,SKQ202312S-DBO4.2n,SKQ202312S-DBO4.2n-Oenopota,71.326183,-160.66648,13:56:18,Benthos,"Plumb-staff beam trawl,  2.26m opening, 7-mm mesh net, 4-mm cod end liner",Oenopota,Genus,urn:lsid:marinespecies.org:taxname:137826,"Mörch, 1852",Animalia,Mollusca,Gastropoda,Neogastropoda,Mangeliidae,Oenopota,biomass,Grams per 1000 square meter,15.679
9/23/2023,SKQ202312S-DBO4.2n,SKQ202312S-DBO4.2n-Ophiura sarsii,71.326183,-160.66648,13:56:18,Benthos,"Plumb-staff beam trawl,  2.26m opening, 7-mm mesh net, 4-mm cod end liner",Ophiura sarsii,Species,urn:lsid:marinespecies.org:taxname:124934,"Lütken, 1855",Animalia,Echinodermata,Ophiuroidea,Ophiurida,Ophiuridae,Ophiura,biomass,Grams per 1000 square meter,15631.471
9/23/2023,SKQ202312S-DBO4.2n,SKQ202312S-DBO4.2n-Pagurus capillatus,71.326183,-160.66648,13:56:18,Benthos,"Plumb-staff beam trawl,  2.26m opening, 7-mm mesh net, 4-mm cod end liner",Pagurus capillatus,Species,urn:lsid:marinespecies.org:taxname:254489,"Benedict, 1892",Animalia,Arthropoda,Malacostraca,Decapoda,Paguridae,Pagurus,biomass,Grams per 1000 square meter,94.071
9/23/2023,SKQ202312S-DBO4.2n,SKQ202312S-DBO4.2n-Pelonaia corrugata,71.326183,-160.66648,13:56:18,Benthos,"Plumb-staff beam trawl,  2.26m opening, 7-mm mesh net, 4-mm cod end liner",Pelonaia corrugata,Species,urn:lsid:marinespecies.org:taxname:103894,"Goodsir & Forbes, 1841",Animalia,Chordata,Ascidiacea,Stolidobranchia,Styelidae,Pelonaia,biomass,Grams per 1000 square meter,15.679
9/23/2023,SKQ202312S-DBO4.2n,SKQ202312S-DBO4.2n-Phyllodoce groenlandica,71.326183,-160.66648,13:56:18,Benthos,"Plumb-staff beam trawl,  2.26m opening, 7-mm mesh net, 4-mm cod end liner",Phyllodoce groenlandica,Species,urn:lsid:marinespecies.org:taxname:334506,"Örsted, 1842",Animalia,Annelida,Polychaeta,Phyllodocida,Phyllodocidae,Phyllodoce,biomass,Grams per 1000 square meter,31.357
9/23/2023,SKQ202312S-DBO4.2n,SKQ202312S-DBO4.2n-Polychaeta,71.326183,-160.66648,13:56:18,Benthos,"Plumb-staff beam trawl,  2.26m opening, 7-mm mesh net, 4-mm cod end liner",Polychaeta,Class,urn:lsid:marinespecies.org:taxname:883,"Grube, 1850",Animalia,Annelida,Polychaeta,NA,NA,NA,biomass,Grams per 1000 square meter,1.568
9/23/2023,SKQ202312S-DBO4.2n,SKQ202312S-DBO4.2n-Polynoidae,71.326183,-160.66648,13:56:18,Benthos,"Plumb-staff beam trawl,  2.26m opening, 7-mm mesh net, 4-mm cod end liner",Polynoidae,Family,urn:lsid:marinespecies.org:taxname:939,"Kinberg, 1856",Animalia,Annelida,Polychaeta,Phyllodocida,Polynoidae,NA,biomass,Grams per 1000 square meter,15.679
9/23/2023,SKQ202312S-DBO4.2n,SKQ202312S-DBO4.2n-Propebela nobilis,71.326183,-160.66648,13:56:18,Benthos,"Plumb-staff beam trawl,  2.26m opening, 7-mm mesh net, 4-mm cod end liner",Propebela nobilis,Species,urn:lsid:marinespecies.org:taxname:160450,"Møller, 1842",Animalia,Mollusca,Gastropoda,Neogastropoda,Mangeliidae,Propebela,biomass,Grams per 1000 square meter,1.568
9/23/2023,SKQ202312S-DBO4.2n,SKQ202312S-DBO4.2n-Psolus peronii,71.326183,-160.66648,13:56:18,Benthos,"Plumb-staff beam trawl,  2.26m opening, 7-mm mesh net, 4-mm cod end liner",Psolus peronii,Species,urn:lsid:marinespecies.org:taxname:529651,"Bell, 1883",Animalia,Echinodermata,Holothuroidea,Dendrochirotida,Psolidae,Psolus,biomass,Grams per 1000 square meter,815.282
9/23/2023,SKQ202312S-DBO4.2n,SKQ202312S-DBO4.2n-Pteraster obscurus,71.326183,-160.66648,13:56:18,Benthos,"Plumb-staff beam trawl,  2.26m opening, 7-mm mesh net, 4-mm cod end liner",Pteraster obscurus,Species,urn:lsid:marinespecies.org:taxname:124149,"Perrier, 1891",Animalia,Echinodermata,Asteroidea,Velatida,Pterasteridae,Pteraster,biomass,Grams per 1000 square meter,470.355
9/23/2023,SKQ202312S-DBO4.2n,SKQ202312S-DBO4.2n-Sabinea septemcarinata,71.326183,-160.66648,13:56:18,Benthos,"Plumb-staff beam trawl,  2.26m opening, 7-mm mesh net, 4-mm cod end liner",Sabinea septemcarinata,Species,urn:lsid:marinespecies.org:taxname:107567,"Sabine, 1824",Animalia,Arthropoda,Malacostraca,Decapoda,Crangonidae,Sabinea,biomass,Grams per 1000 square meter,78.393
9/23/2023,SKQ202312S-DBO4.2n,SKQ202312S-DBO4.2n-Socarnes bidenticulatus,71.326183,-160.66648,13:56:18,Benthos,"Plumb-staff beam trawl,  2.26m opening, 7-mm mesh net, 4-mm cod end liner",Socarnes bidenticulatus,Species,urn:lsid:marinespecies.org:taxname:102722,"Spence Bate, 1858",Animalia,Arthropoda,Malacostraca,Amphipoda,Lysianassidae,Socarnes,biomass,Grams per 1000 square meter,7.839
9/23/2023,SKQ202312S-DBO4.2n,SKQ202312S-DBO4.2n-Stomphia,71.326183,-160.66648,13:56:18,Benthos,"Plumb-staff beam trawl,  2.26m opening, 7-mm mesh net, 4-mm cod end liner",Stomphia,Genus,urn:lsid:marinespecies.org:taxname:100716,"Gosse, 1859",Animalia,Cnidaria,Anthozoa,Actiniaria,Actinostolidae,Stomphia,biomass,Grams per 1000 square meter,235.178
9/23/2023,SKQ202312S-DBO4.2n,SKQ202312S-DBO4.2n-Synidotea bicuspida,71.326183,-160.66648,13:56:18,Benthos,"Plumb-staff beam trawl,  2.26m opening, 7-mm mesh net, 4-mm cod end liner",Synidotea bicuspida,Species,urn:lsid:marinespecies.org:taxname:156445,"Owen, 1839",Animalia,Arthropoda,Malacostraca,Isopoda,Idoteidae,Synidotea,biomass,Grams per 1000 square meter,7.839
9/23/2023,SKQ202312S-DBO4.2n,SKQ202312S-DBO4.2n-Tachyrhynchus erosus,71.326183,-160.66648,13:56:18,Benthos,"Plumb-staff beam trawl,  2.26m opening, 7-mm mesh net, 4-mm cod end liner",Tachyrhynchus erosus,Species,urn:lsid:marinespecies.org:taxname:196391,"Couthouy, 1838",Animalia,Mollusca,Gastropoda,Caenogastropoda,Turritellidae,Tachyrhynchus,biomass,Grams per 1000 square meter,47.036
9/23/2023,SKQ202312S-DBO4.2n,SKQ202312S-DBO4.2n-Trichotropis bicarinata,71.326183,-160.66648,13:56:18,Benthos,"Plumb-staff beam trawl,  2.26m opening, 7-mm mesh net, 4-mm cod end liner",Trichotropis bicarinata,Species,urn:lsid:marinespecies.org:taxname:160421,"G. B. Sowerby I, 1825",Animalia,Mollusca,Gastropoda,Littorinimorpha,Capulidae,Trichotropis,biomass,Grams per 1000 square meter,15.679
9/23/2023,SKQ202312S-DBO4.2n,SKQ202312S-DBO4.2n-Tritonia,71.326183,-160.66648,13:56:18,Benthos,"Plumb-staff beam trawl,  2.26m opening, 7-mm mesh net, 4-mm cod end liner",Tritonia,Genus,urn:lsid:marinespecies.org:taxname:138580,"Cuvier, 1797",Animalia,Mollusca,Gastropoda,Nudibranchia,Tritoniidae,Tritonia,biomass,Grams per 1000 square meter,15.679
9/24/2023,SKQ202312S-DBO4.4n,SKQ202312S-DBO4.4n-Acanthonotozoma inflatum,71.59053,-161.408529,10:09:48,Benthos,"Plumb-staff beam trawl,  2.26m opening, 7-mm mesh net, 4-mm cod end liner",Acanthonotozoma inflatum,Species,urn:lsid:marinespecies.org:taxname:101873,"Krøyer, 1842",Animalia,Arthropoda,Malacostraca,Amphipoda,Acanthonotozomatidae,Acanthonotozoma,biomass,Grams per 1000 square meter,0.941
9/24/2023,SKQ202312S-DBO4.4n,SKQ202312S-DBO4.4n-Admete solida,71.59053,-161.408529,10:09:48,Benthos,"Plumb-staff beam trawl,  2.26m opening, 7-mm mesh net, 4-mm cod end liner",Admete solida,Species,urn:lsid:marinespecies.org:taxname:576338,"Aurivillius, 1885",Animalia,Mollusca,Gastropoda,Neogastropoda,Cancellariidae,Admete,biomass,Grams per 1000 square meter,47.049
9/24/2023,SKQ202312S-DBO4.4n,SKQ202312S-DBO4.4n-Anomalisipho verkruezeni,71.59053,-161.408529,10:09:48,Benthos,"Plumb-staff beam trawl,  2.26m opening, 7-mm mesh net, 4-mm cod end liner",Anomalisipho verkruezeni,Species,urn:lsid:marinespecies.org:taxname:490701,"Kobelt, 1876",Animalia,Mollusca,Gastropoda,Neogastropoda,Buccinidae,Anomalisipho,biomass,Grams per 1000 square meter,9.41
9/24/2023,SKQ202312S-DBO4.4n,SKQ202312S-DBO4.4n-Anonyx,71.59053,-161.408529,10:09:48,Benthos,"Plumb-staff beam trawl,  2.26m opening, 7-mm mesh net, 4-mm cod end liner",Anonyx,Genus,urn:lsid:marinespecies.org:taxname:101592,"Krøyer, 1838",Animalia,Arthropoda,Malacostraca,Amphipoda,Uristidae,Anonyx,biomass,Grams per 1000 square meter,28.229
9/24/2023,SKQ202312S-DBO4.4n,SKQ202312S-DBO4.4n-Argis,71.59053,-161.408529,10:09:48,Benthos,"Plumb-staff beam trawl,  2.26m opening, 7-mm mesh net, 4-mm cod end liner",Argis,Genus,urn:lsid:marinespecies.org:taxname:107006,"Krøyer, 1843",Animalia,Arthropoda,Malacostraca,Decapoda,Crangonidae,Argis,biomass,Grams per 1000 square meter,42.344
9/24/2023,SKQ202312S-DBO4.4n,SKQ202312S-DBO4.4n-Ariadnaria borealis,71.59053,-161.408529,10:09:48,Benthos,"Plumb-staff beam trawl,  2.26m opening, 7-mm mesh net, 4-mm cod end liner",Ariadnaria borealis,Species,urn:lsid:marinespecies.org:taxname:714762,"Broderip & G. B. Sowerby I, 1829",Animalia,Mollusca,Gastropoda,Littorinimorpha,Capulidae,Ariadnaria,biomass,Grams per 1000 square meter,9.41
9/24/2023,SKQ202312S-DBO4.4n,SKQ202312S-DBO4.4n-Arrhis phyllonyx,71.59053,-161.408529,10:09:48,Benthos,"Plumb-staff beam trawl,  2.26m opening, 7-mm mesh net, 4-mm cod end liner",Arrhis phyllonyx,Species,urn:lsid:marinespecies.org:taxname:102870,"M. Sars, 1858",Animalia,Arthropoda,Malacostraca,Amphipoda,Oedicerotidae,Arrhis,biomass,Grams per 1000 square meter,4.705
9/24/2023,SKQ202312S-DBO4.4n,SKQ202312S-DBO4.4n-Boreotrophon truncatus,71.59053,-161.408529,10:09:48,Benthos,"Plumb-staff beam trawl,  2.26m opening, 7-mm mesh net, 4-mm cod end liner",Boreotrophon truncatus,Species,urn:lsid:marinespecies.org:taxname:146733,"Strøm, 1768",Animalia,Mollusca,Gastropoda,Neogastropoda,Muricidae,Boreotrophon,biomass,Grams per 1000 square meter,0.941
9/24/2023,SKQ202312S-DBO4.4n,SKQ202312S-DBO4.4n-Brada villosa,71.59053,-161.408529,10:09:48,Benthos,"Plumb-staff beam trawl,  2.26m opening, 7-mm mesh net, 4-mm cod end liner",Brada villosa,Species,urn:lsid:marinespecies.org:taxname:1355594,"Rathke, 1843",Animalia,Annelida,Polychaeta,Terebellida,Flabelligeridae,Brada,biomass,Grams per 1000 square meter,18.82
9/24/2023,SKQ202312S-DBO4.4n,SKQ202312S-DBO4.4n-Buccinum polare,71.59053,-161.408529,10:09:48,Benthos,"Plumb-staff beam trawl,  2.26m opening, 7-mm mesh net, 4-mm cod end liner",Buccinum polare,Species,urn:lsid:marinespecies.org:taxname:138873,"Gray, 1839",Animalia,Mollusca,Gastropoda,Neogastropoda,Buccinidae,Buccinum,biomass,Grams per 1000 square meter,47.049
9/24/2023,SKQ202312S-DBO4.4n,SKQ202312S-DBO4.4n-Chionoecetes opilio,71.59053,-161.408529,10:09:48,Benthos,"Plumb-staff beam trawl,  2.26m opening, 7-mm mesh net, 4-mm cod end liner",Chionoecetes opilio,Species,urn:lsid:marinespecies.org:taxname:107315,"Fabricius, 1788",Animalia,Arthropoda,Malacostraca,Decapoda,Oregoniidae,Chionoecetes,biomass,Grams per 1000 square meter,98.803
9/24/2023,SKQ202312S-DBO4.4n,SKQ202312S-DBO4.4n-Cistenides hyperborea,71.59053,-161.408529,10:09:48,Benthos,"Plumb-staff beam trawl,  2.26m opening, 7-mm mesh net, 4-mm cod end liner",Cistenides hyperborea,Species,urn:lsid:marinespecies.org:taxname:157317,"Malmgren, 1866",Animalia,Annelida,Polychaeta,Terebellida,Pectiriidae,Cistenides,biomass,Grams per 1000 square meter,1204.454
9/24/2023,SKQ202312S-DBO4.4n,SKQ202312S-DBO4.4n-Colus pubescens,71.59053,-161.408529,10:09:48,Benthos,"Plumb-staff beam trawl,  2.26m opening, 7-mm mesh net, 4-mm cod end liner",Colus pubescens,Species,urn:lsid:marinespecies.org:taxname:160212,"A. E. Verrill, 1882",Animalia,Mollusca,Gastropoda,Neogastropoda,Colidae,Colus,biomass,Grams per 1000 square meter,47.049
9/24/2023,SKQ202312S-DBO4.4n,SKQ202312S-DBO4.4n-Crangon dalli,71.59053,-161.408529,10:09:48,Benthos,"Plumb-staff beam trawl,  2.26m opening, 7-mm mesh net, 4-mm cod end liner",Crangon dalli,Species,urn:lsid:marinespecies.org:taxname:254486,"Rathbun, 1902",Animalia,Arthropoda,Malacostraca,Decapoda,Crangonidae,Crangon,biomass,Grams per 1000 square meter,1.568
9/24/2023,SKQ202312S-DBO4.4n,SKQ202312S-DBO4.4n-Cryptonatica affinis,71.59053,-161.408529,10:09:48,Benthos,"Plumb-staff beam trawl,  2.26m opening, 7-mm mesh net, 4-mm cod end liner",Cryptonatica affinis,Species,urn:lsid:marinespecies.org:taxname:140525,"Gmelin, 1791",Animalia,Mollusca,Gastropoda,Littorinimorpha,Ticidae,Cryptonatica,biomass,Grams per 1000 square meter,65.869
9/24/2023,SKQ202312S-DBO4.4n,SKQ202312S-DBO4.4n-Cylichnoides occultus,71.59053,-161.408529,10:09:48,Benthos,"Plumb-staff beam trawl,  2.26m opening, 7-mm mesh net, 4-mm cod end liner",Cylichnoides occultus,Species,urn:lsid:marinespecies.org:taxname:884604,"Mighels & C. B. Adams, 1842",Animalia,Mollusca,Gastropoda,Cephalaspidea,Eoscaphandridae,Cylichnoides,biomass,Grams per 1000 square meter,0.941
9/24/2023,SKQ202312S-DBO4.4n,SKQ202312S-DBO4.4n-Eualus gaimardii ,71.59053,-161.408529,10:09:48,Benthos,"Plumb-staff beam trawl,  2.26m opening, 7-mm mesh net, 4-mm cod end liner",Eualus gaimardii ,Species,urn:lsid:marinespecies.org:taxname:107504,"H. Milne Edwards, 1837",Animalia,Arthropoda,Malacostraca,Decapoda,Thoridae,Eualus,biomass,Grams per 1000 square meter,9.41
9/24/2023,SKQ202312S-DBO4.4n,SKQ202312S-DBO4.4n-Gattyana ciliata,71.59053,-161.408529,10:09:48,Benthos,"Plumb-staff beam trawl,  2.26m opening, 7-mm mesh net, 4-mm cod end liner",Gattyana ciliata,Species,urn:lsid:marinespecies.org:taxname:254456,"Moore, 1902",Animalia,Annelida,Polychaeta,Phyllodocida,Polynoidae,Gattyana,biomass,Grams per 1000 square meter,75.278
9/24/2023,SKQ202312S-DBO4.4n,SKQ202312S-DBO4.4n-Gersemia rubiformis,71.59053,-161.408529,10:09:48,Benthos,"Plumb-staff beam trawl,  2.26m opening, 7-mm mesh net, 4-mm cod end liner",Gersemia rubiformis,Species,urn:lsid:marinespecies.org:taxname:156103,"Ehrenberg, 1834",Animalia,Cnidaria,Anthozoa,Malacalcyonacea,Alcyoniidae,Gersemia,biomass,Grams per 1000 square meter,18.82
9/24/2023,SKQ202312S-DBO4.4n,SKQ202312S-DBO4.4n-Golfingia margaritacea,71.59053,-161.408529,10:09:48,Benthos,"Plumb-staff beam trawl,  2.26m opening, 7-mm mesh net, 4-mm cod end liner",Golfingia margaritacea,Species,urn:lsid:marinespecies.org:taxname:175027,"Sars, 1851",Animalia,Annelida,NA,Sipuncula,Golfingiidae,Golfingia,biomass,Grams per 1000 square meter,9.41
9/24/2023,SKQ202312S-DBO4.4n,SKQ202312S-DBO4.4n-Latisipho hypolispus,71.59053,-161.408529,10:09:48,Benthos,"Plumb-staff beam trawl,  2.26m opening, 7-mm mesh net, 4-mm cod end liner",Latisipho hypolispus,Species,urn:lsid:marinespecies.org:taxname:491062,"Dall, 1891",Animalia,Mollusca,Gastropoda,Neogastropoda,Buccinidae,Latisipho,biomass,Grams per 1000 square meter,65.869
9/24/2023,SKQ202312S-DBO4.4n,SKQ202312S-DBO4.4n-Leptasterias groenlandica,71.59053,-161.408529,10:09:48,Benthos,"Plumb-staff beam trawl,  2.26m opening, 7-mm mesh net, 4-mm cod end liner",Leptasterias groenlandica,Species,urn:lsid:marinespecies.org:taxname:369176,"Steenstrup in Lutken, 1857",Animalia,Echinodermata,Asteroidea,Forcipulatida,Asteriidae,Leptasterias,biomass,Grams per 1000 square meter,112.918
9/24/2023,SKQ202312S-DBO4.4n,SKQ202312S-DBO4.4n-Margarites costalis,71.59053,-161.408529,10:09:48,Benthos,"Plumb-staff beam trawl,  2.26m opening, 7-mm mesh net, 4-mm cod end liner",Margarites costalis,Species,urn:lsid:marinespecies.org:taxname:141819,"A. Gould, 1841",Animalia,Mollusca,Gastropoda,Trochida,Margaritidae,Margarites,biomass,Grams per 1000 square meter,28.229
9/24/2023,SKQ202312S-DBO4.4n,SKQ202312S-DBO4.4n-Musculus glacialis,71.59053,-161.408529,10:09:48,Benthos,"Plumb-staff beam trawl,  2.26m opening, 7-mm mesh net, 4-mm cod end liner",Musculus glacialis,Species,urn:lsid:marinespecies.org:taxname:467467,"Leche, 1883",Animalia,Mollusca,Bivalvia,Mytilida,Mytilidae,Musculus,biomass,Grams per 1000 square meter,9.41
9/24/2023,SKQ202312S-DBO4.4n,SKQ202312S-DBO4.4n-Musculus niger,71.59053,-161.408529,10:09:48,Benthos,"Plumb-staff beam trawl,  2.26m opening, 7-mm mesh net, 4-mm cod end liner",Musculus niger,Species,urn:lsid:marinespecies.org:taxname:140474,"J. E. Gray, 1824",Animalia,Mollusca,Bivalvia,Mytilida,Mytilidae,Musculus,biomass,Grams per 1000 square meter,37.639
9/24/2023,SKQ202312S-DBO4.4n,SKQ202312S-DBO4.4n-Myriotrochus rinkii,71.59053,-161.408529,10:09:48,Benthos,"Plumb-staff beam trawl,  2.26m opening, 7-mm mesh net, 4-mm cod end liner",Myriotrochus rinkii,Species,urn:lsid:marinespecies.org:taxname:124446,"Steenstrup, 1851",Animalia,Echinodermata,Holothuroidea,Apodida,Myriotrochidae,Myriotrochus,biomass,Grams per 1000 square meter,555.178
9/24/2023,SKQ202312S-DBO4.4n,SKQ202312S-DBO4.4n-Nemertea,71.59053,-161.408529,10:09:48,Benthos,"Plumb-staff beam trawl,  2.26m opening, 7-mm mesh net, 4-mm cod end liner",Nemertea,Phylum,urn:lsid:marinespecies.org:taxname:152391,NA,Animalia,Nemertea,NA,NA,NA,NA,biomass,Grams per 1000 square meter,47.049
9/24/2023,SKQ202312S-DBO4.4n,SKQ202312S-DBO4.4n-Neoiphinoe coronata,71.59053,-161.408529,10:09:48,Benthos,"Plumb-staff beam trawl,  2.26m opening, 7-mm mesh net, 4-mm cod end liner",Neoiphinoe coronata,Species,urn:lsid:marinespecies.org:taxname:576321,"A. Gould, 1860",Animalia,Mollusca,Gastropoda,Littorinimorpha,Capulidae,Neoiphinoe,biomass,Grams per 1000 square meter,56.459
9/24/2023,SKQ202312S-DBO4.4n,SKQ202312S-DBO4.4n-Neptunea heros,71.59053,-161.408529,10:09:48,Benthos,"Plumb-staff beam trawl,  2.26m opening, 7-mm mesh net, 4-mm cod end liner",Neptunea heros,Species,urn:lsid:marinespecies.org:taxname:254479,"J. E. Gray, 1850",Animalia,Mollusca,Gastropoda,Neogastropoda,Buccinidae,Neptunea,biomass,Grams per 1000 square meter,169.376
9/24/2023,SKQ202312S-DBO4.4n,SKQ202312S-DBO4.4n-Nodulotrophon coronatus,71.59053,-161.408529,10:09:48,Benthos,"Plumb-staff beam trawl,  2.26m opening, 7-mm mesh net, 4-mm cod end liner",Nodulotrophon coronatus,Species,urn:lsid:marinespecies.org:taxname:399228,"H. Adams & A. Adams, 1864",Animalia,Mollusca,Gastropoda,Neogastropoda,Muricidae,Nodulotrophon,biomass,Grams per 1000 square meter,28.229
9/24/2023,SKQ202312S-DBO4.4n,SKQ202312S-DBO4.4n-Oenopota,71.59053,-161.408529,10:09:48,Benthos,"Plumb-staff beam trawl,  2.26m opening, 7-mm mesh net, 4-mm cod end liner",Oenopota,Genus,urn:lsid:marinespecies.org:taxname:137826,"Mörch, 1852",Animalia,Mollusca,Gastropoda,Neogastropoda,Mangeliidae,Oenopota,biomass,Grams per 1000 square meter,4.705
9/24/2023,SKQ202312S-DBO4.4n,SKQ202312S-DBO4.4n-Oenopota elegans,71.59053,-161.408529,10:09:48,Benthos,"Plumb-staff beam trawl,  2.26m opening, 7-mm mesh net, 4-mm cod end liner",Oenopota elegans,Species,urn:lsid:marinespecies.org:taxname:139317,"Møller, 1842",Animalia,Mollusca,Gastropoda,Neogastropoda,Mangeliidae,Oenopota,biomass,Grams per 1000 square meter,9.41
9/24/2023,SKQ202312S-DBO4.4n,SKQ202312S-DBO4.4n-Ophiura sarsii,71.59053,-161.408529,10:09:48,Benthos,"Plumb-staff beam trawl,  2.26m opening, 7-mm mesh net, 4-mm cod end liner",Ophiura sarsii,Species,urn:lsid:marinespecies.org:taxname:124934,"Lütken, 1855",Animalia,Echinodermata,Ophiuroidea,Ophiurida,Ophiuridae,Ophiura,biomass,Grams per 1000 square meter,12213.916
9/24/2023,SKQ202312S-DBO4.4n,SKQ202312S-DBO4.4n-Pagurus capillatus,71.59053,-161.408529,10:09:48,Benthos,"Plumb-staff beam trawl,  2.26m opening, 7-mm mesh net, 4-mm cod end liner",Pagurus capillatus,Species,urn:lsid:marinespecies.org:taxname:254489,"Benedict, 1892",Animalia,Arthropoda,Malacostraca,Decapoda,Paguridae,Pagurus,biomass,Grams per 1000 square meter,9.41
9/24/2023,SKQ202312S-DBO4.4n,SKQ202312S-DBO4.4n-Pelonaia corrugata,71.59053,-161.408529,10:09:48,Benthos,"Plumb-staff beam trawl,  2.26m opening, 7-mm mesh net, 4-mm cod end liner",Pelonaia corrugata,Species,urn:lsid:marinespecies.org:taxname:103894,"Goodsir & Forbes, 1841",Animalia,Chordata,Ascidiacea,Stolidobranchia,Styelidae,Pelonaia,biomass,Grams per 1000 square meter,9.41
9/24/2023,SKQ202312S-DBO4.4n,SKQ202312S-DBO4.4n-Phyllodoce groenlandica,71.59053,-161.408529,10:09:48,Benthos,"Plumb-staff beam trawl,  2.26m opening, 7-mm mesh net, 4-mm cod end liner",Phyllodoce groenlandica,Species,urn:lsid:marinespecies.org:taxname:334506,"Örsted, 1842",Animalia,Annelida,Polychaeta,Phyllodocida,Phyllodocidae,Phyllodoce,biomass,Grams per 1000 square meter,18.82
9/24/2023,SKQ202312S-DBO4.4n,SKQ202312S-DBO4.4n-Propebela arctica,71.59053,-161.408529,10:09:48,Benthos,"Plumb-staff beam trawl,  2.26m opening, 7-mm mesh net, 4-mm cod end liner",Propebela arctica,Species,urn:lsid:marinespecies.org:taxname:367571,"A. Adams, 1855",Animalia,Mollusca,Gastropoda,Neogastropoda,Mangeliidae,Propebela,biomass,Grams per 1000 square meter,0.941
9/24/2023,SKQ202312S-DBO4.4n,SKQ202312S-DBO4.4n-Serripes groenlandicus,71.59053,-161.408529,10:09:48,Benthos,"Plumb-staff beam trawl,  2.26m opening, 7-mm mesh net, 4-mm cod end liner",Serripes groenlandicus,Species,urn:lsid:marinespecies.org:taxname:582749,"Mohr, 1786",Animalia,Mollusca,Bivalvia,Cardiida,Cardiidae,Serripes,biomass,Grams per 1000 square meter,9.41
9/24/2023,SKQ202312S-DBO4.4n,SKQ202312S-DBO4.4n-Tachyrhynchus erosus,71.59053,-161.408529,10:09:48,Benthos,"Plumb-staff beam trawl,  2.26m opening, 7-mm mesh net, 4-mm cod end liner",Tachyrhynchus erosus,Species,urn:lsid:marinespecies.org:taxname:196391,"Couthouy, 1838",Animalia,Mollusca,Gastropoda,Caenogastropoda,Turritellidae,Tachyrhynchus,biomass,Grams per 1000 square meter,103.508
9/24/2023,SKQ202312S-DBO4.4n,SKQ202312S-DBO4.4n-Tritonia,71.59053,-161.408529,10:09:48,Benthos,"Plumb-staff beam trawl,  2.26m opening, 7-mm mesh net, 4-mm cod end liner",Tritonia,Genus,urn:lsid:marinespecies.org:taxname:138580,"Cuvier, 1797",Animalia,Mollusca,Gastropoda,Nudibranchia,Tritoniidae,Tritonia,biomass,Grams per 1000 square meter,28.229
9/25/2023,SKQ202312S-DBO4.6n,SKQ202312S-DBO4.6n-Actiniaria,71.85369,-162.157262,8:41:33,Benthos,"Plumb-staff beam trawl,  2.26m opening, 7-mm mesh net, 4-mm cod end liner",Actiniaria,Order,urn:lsid:marinespecies.org:taxname:1360,"Hertwig, 1882",Animalia,Cnidaria,Anthozoa,Actiniaria,NA,NA,biomass,Grams per 1000 square meter,936.289
9/25/2023,SKQ202312S-DBO4.6n,SKQ202312S-DBO4.6n-Admete solida,71.85369,-162.157262,8:41:33,Benthos,"Plumb-staff beam trawl,  2.26m opening, 7-mm mesh net, 4-mm cod end liner",Admete solida,Species,urn:lsid:marinespecies.org:taxname:576338,"Aurivillius, 1885",Animalia,Mollusca,Gastropoda,Neogastropoda,Cancellariidae,Admete,biomass,Grams per 1000 square meter,18.006
9/25/2023,SKQ202312S-DBO4.6n,SKQ202312S-DBO4.6n-Anonyx,71.85369,-162.157262,8:41:33,Benthos,"Plumb-staff beam trawl,  2.26m opening, 7-mm mesh net, 4-mm cod end liner",Anonyx,Genus,urn:lsid:marinespecies.org:taxname:101592,"Krøyer, 1838",Animalia,Arthropoda,Malacostraca,Amphipoda,Uristidae,Anonyx,biomass,Grams per 1000 square meter,36.011
9/25/2023,SKQ202312S-DBO4.6n,SKQ202312S-DBO4.6n-Argis,71.85369,-162.157262,8:41:33,Benthos,"Plumb-staff beam trawl,  2.26m opening, 7-mm mesh net, 4-mm cod end liner",Argis,Genus,urn:lsid:marinespecies.org:taxname:107006,"Krøyer, 1843",Animalia,Arthropoda,Malacostraca,Decapoda,Crangonidae,Argis,biomass,Grams per 1000 square meter,64.52
9/25/2023,SKQ202312S-DBO4.6n,SKQ202312S-DBO4.6n-Balanus crenatus,71.85369,-162.157262,8:41:33,Benthos,"Plumb-staff beam trawl,  2.26m opening, 7-mm mesh net, 4-mm cod end liner",Balanus crenatus,Species,urn:lsid:marinespecies.org:taxname:106215,"Bruguière, 1789",Animalia,Arthropoda,Thecostraca,Balanomorpha,Balanidae,Balanus,biomass,Grams per 1000 square meter,630.194
9/25/2023,SKQ202312S-DBO4.6n,SKQ202312S-DBO4.6n-Buccinum polare,71.85369,-162.157262,8:41:33,Benthos,"Plumb-staff beam trawl,  2.26m opening, 7-mm mesh net, 4-mm cod end liner",Buccinum polare,Species,urn:lsid:marinespecies.org:taxname:138873,"Gray, 1839",Animalia,Mollusca,Gastropoda,Neogastropoda,Buccinidae,Buccinum,biomass,Grams per 1000 square meter,18.006
9/25/2023,SKQ202312S-DBO4.6n,SKQ202312S-DBO4.6n-Buccinum scalariforme,71.85369,-162.157262,8:41:33,Benthos,"Plumb-staff beam trawl,  2.26m opening, 7-mm mesh net, 4-mm cod end liner",Buccinum scalariforme,Species,urn:lsid:marinespecies.org:taxname:138875,"Møller, 1842",Animalia,Mollusca,Gastropoda,Neogastropoda,Buccinidae,Buccinum,biomass,Grams per 1000 square meter,180.056
9/25/2023,SKQ202312S-DBO4.6n,SKQ202312S-DBO4.6n-Buccinum solenum,71.85369,-162.157262,8:41:33,Benthos,"Plumb-staff beam trawl,  2.26m opening, 7-mm mesh net, 4-mm cod end liner",Buccinum solenum,Species,urn:lsid:marinespecies.org:taxname:490864,"Mörch, 1869",Animalia,Mollusca,Gastropoda,Neogastropoda,Buccinidae,Buccinum,biomass,Grams per 1000 square meter,180.056
9/25/2023,SKQ202312S-DBO4.6n,SKQ202312S-DBO4.6n-Calycidoris guentheri,71.85369,-162.157262,8:41:33,Benthos,"Plumb-staff beam trawl,  2.26m opening, 7-mm mesh net, 4-mm cod end liner",Calycidoris guentheri,Species,urn:lsid:marinespecies.org:taxname:146756,"Abraham, 1876",Animalia,Mollusca,Gastropoda,Nudibranchia,Calycidorididae,Calycidoris,biomass,Grams per 1000 square meter,18.006
9/25/2023,SKQ202312S-DBO4.6n,SKQ202312S-DBO4.6n-Chionoecetes opilio,71.85369,-162.157262,8:41:33,Benthos,"Plumb-staff beam trawl,  2.26m opening, 7-mm mesh net, 4-mm cod end liner",Chionoecetes opilio,Species,urn:lsid:marinespecies.org:taxname:107315,"Fabricius, 1788",Animalia,Arthropoda,Malacostraca,Decapoda,Oregoniidae,Chionoecetes,biomass,Grams per 1000 square meter,378.117
9/25/2023,SKQ202312S-DBO4.6n,SKQ202312S-DBO4.6n-Cistenides hyperborea,71.85369,-162.157262,8:41:33,Benthos,"Plumb-staff beam trawl,  2.26m opening, 7-mm mesh net, 4-mm cod end liner",Cistenides hyperborea,Species,urn:lsid:marinespecies.org:taxname:157317,"Malmgren, 1866",Animalia,Annelida,Polychaeta,Terebellida,Pectiriidae,Cistenides,biomass,Grams per 1000 square meter,612.189
9/25/2023,SKQ202312S-DBO4.6n,SKQ202312S-DBO4.6n-Crangon dalli,71.85369,-162.157262,8:41:33,Benthos,"Plumb-staff beam trawl,  2.26m opening, 7-mm mesh net, 4-mm cod end liner",Crangon dalli,Species,urn:lsid:marinespecies.org:taxname:254486,"Rathbun, 1902",Animalia,Arthropoda,Malacostraca,Decapoda,Crangonidae,Crangon,biomass,Grams per 1000 square meter,7.502
9/25/2023,SKQ202312S-DBO4.6n,SKQ202312S-DBO4.6n-Cryptonatica affinis,71.85369,-162.157262,8:41:33,Benthos,"Plumb-staff beam trawl,  2.26m opening, 7-mm mesh net, 4-mm cod end liner",Cryptonatica affinis,Species,urn:lsid:marinespecies.org:taxname:140525,"Gmelin, 1791",Animalia,Mollusca,Gastropoda,Littorinimorpha,Ticidae,Cryptonatica,biomass,Grams per 1000 square meter,234.072
9/25/2023,SKQ202312S-DBO4.6n,SKQ202312S-DBO4.6n-Cylichnoides occultus,71.85369,-162.157262,8:41:33,Benthos,"Plumb-staff beam trawl,  2.26m opening, 7-mm mesh net, 4-mm cod end liner",Cylichnoides occultus,Species,urn:lsid:marinespecies.org:taxname:884604,"Mighels & C. B. Adams, 1842",Animalia,Mollusca,Gastropoda,Cephalaspidea,Eoscaphandridae,Cylichnoides,biomass,Grams per 1000 square meter,1.801
9/25/2023,SKQ202312S-DBO4.6n,SKQ202312S-DBO4.6n-Distaplia alaskensis,71.85369,-162.157262,8:41:33,Benthos,"Plumb-staff beam trawl,  2.26m opening, 7-mm mesh net, 4-mm cod end liner",Distaplia alaskensis,Species,urn:lsid:marinespecies.org:taxname:181923,"Calman, 1912",Animalia,Chordata,Ascidiacea,Aplousobranchia,Holozoidae,Distaplia,biomass,Grams per 1000 square meter,1.801
9/25/2023,SKQ202312S-DBO4.6n,SKQ202312S-DBO4.6n-Eualus,71.85369,-162.157262,8:41:33,Benthos,"Plumb-staff beam trawl,  2.26m opening, 7-mm mesh net, 4-mm cod end liner",Eualus,Genus,urn:lsid:marinespecies.org:taxname:106986,"Thallwitz, 1891",Animalia,Arthropoda,Malacostraca,Decapoda,Thoridae,Eualus,biomass,Grams per 1000 square meter,6.002
9/25/2023,SKQ202312S-DBO4.6n,SKQ202312S-DBO4.6n-Eucratea loricata,71.85369,-162.157262,8:41:33,Benthos,"Plumb-staff beam trawl,  2.26m opening, 7-mm mesh net, 4-mm cod end liner",Eucratea loricata,Species,urn:lsid:marinespecies.org:taxname:111361,"Linnaeus, 1758",Animalia,Bryozoa,Gymnolaemata,Cheilostomatida,Eucrateidae,Eucratea,biomass,Grams per 1000 square meter,54.017
9/25/2023,SKQ202312S-DBO4.6n,SKQ202312S-DBO4.6n-Euspira pallida,71.85369,-162.157262,8:41:33,Benthos,"Plumb-staff beam trawl,  2.26m opening, 7-mm mesh net, 4-mm cod end liner",Euspira pallida,Species,urn:lsid:marinespecies.org:taxname:140536,"Broderip & G. B. Sowerby I, 1829",Animalia,Mollusca,Gastropoda,Littorinimorpha,Naticidae,Euspira,biomass,Grams per 1000 square meter,18.006
9/25/2023,SKQ202312S-DBO4.6n,SKQ202312S-DBO4.6n-Gersemia rubiformis,71.85369,-162.157262,8:41:33,Benthos,"Plumb-staff beam trawl,  2.26m opening, 7-mm mesh net, 4-mm cod end liner",Gersemia rubiformis,Species,urn:lsid:marinespecies.org:taxname:156103,"Ehrenberg, 1834",Animalia,Cnidaria,Anthozoa,Malacalcyonacea,Alcyoniidae,Gersemia,biomass,Grams per 1000 square meter,54.017
9/25/2023,SKQ202312S-DBO4.6n,SKQ202312S-DBO4.6n-Golfingia margaritacea,71.85369,-162.157262,8:41:33,Benthos,"Plumb-staff beam trawl,  2.26m opening, 7-mm mesh net, 4-mm cod end liner",Golfingia margaritacea,Species,urn:lsid:marinespecies.org:taxname:175027,"Sars, 1851",Animalia,Annelida,NA,Sipuncula,Golfingiidae,Golfingia,biomass,Grams per 1000 square meter,18.006
9/25/2023,SKQ202312S-DBO4.6n,SKQ202312S-DBO4.6n-Harmothoe imbricata,71.85369,-162.157262,8:41:33,Benthos,"Plumb-staff beam trawl,  2.26m opening, 7-mm mesh net, 4-mm cod end liner",Harmothoe imbricata,Species,urn:lsid:marinespecies.org:taxname:130769,"Linnaeus, 1767",Animalia,Annelida,Polychaeta,Phyllodocida,Polynoidae,Harmothoe,biomass,Grams per 1000 square meter,18.006
9/25/2023,SKQ202312S-DBO4.6n,SKQ202312S-DBO4.6n-Hyas coarctatus,71.85369,-162.157262,8:41:33,Benthos,"Plumb-staff beam trawl,  2.26m opening, 7-mm mesh net, 4-mm cod end liner",Hyas coarctatus,Species,urn:lsid:marinespecies.org:taxname:107323,"Leach, 1815",Animalia,Arthropoda,Malacostraca,Decapoda,Oregoniidae,Hyas,biomass,Grams per 1000 square meter,198.061
9/25/2023,SKQ202312S-DBO4.6n,SKQ202312S-DBO4.6n-Iphionopsis,71.85369,-162.157262,8:41:33,Benthos,"Plumb-staff beam trawl,  2.26m opening, 7-mm mesh net, 4-mm cod end liner",Iphinopsis,Genus,urn:lsid:marinespecies.org:taxname:137727  ,"Dall, 1924",Animalia,Mollusca,Gastropoda,NA,Cancellariidae,Iphinopsis,biomass,Grams per 1000 square meter,18.006
9/25/2023,SKQ202312S-DBO4.6n,SKQ202312S-DBO4.6n-Labidochirus splendescens,71.85369,-162.157262,8:41:33,Benthos,"Plumb-staff beam trawl,  2.26m opening, 7-mm mesh net, 4-mm cod end liner",Labidochirus splendescens,Species,urn:lsid:marinespecies.org:taxname:248348,"Owen, 1839",Animalia,Arthropoda,Malacostraca,Decapoda,Paguridae,Labidochirus,biomass,Grams per 1000 square meter,90.028
9/25/2023,SKQ202312S-DBO4.6n,SKQ202312S-DBO4.6n-Lafoeina maxima,71.85369,-162.157262,8:41:33,Benthos,"Plumb-staff beam trawl,  2.26m opening, 7-mm mesh net, 4-mm cod end liner",Lafoeina maxima,Species,urn:lsid:marinespecies.org:taxname:117411,"Levinsen, 1893",Animalia,Cnidaria,Hydrozoa,Leptothecata,Campanulinidae,Lafoeina,biomass,Grams per 1000 square meter,36.011
9/25/2023,SKQ202312S-DBO4.6n,SKQ202312S-DBO4.6n-Leptasterias groenlandica,71.85369,-162.157262,8:41:33,Benthos,"Plumb-staff beam trawl,  2.26m opening, 7-mm mesh net, 4-mm cod end liner",Leptasterias groenlandica,Species,urn:lsid:marinespecies.org:taxname:369176,"Steenstrup in Lutken, 1857",Animalia,Echinodermata,Asteroidea,Forcipulatida,Asteriidae,Leptasterias,biomass,Grams per 1000 square meter,162.05
9/25/2023,SKQ202312S-DBO4.6n,SKQ202312S-DBO4.6n-Limneria undata,71.85369,-162.157262,8:41:33,Benthos,"Plumb-staff beam trawl,  2.26m opening, 7-mm mesh net, 4-mm cod end liner",Limneria undata,Species,urn:lsid:marinespecies.org:taxname:159903,"T. Brown, 1839",Animalia,Mollusca,Gastropoda,Littorinimorpha,Velutinidae,Limneria,biomass,Grams per 1000 square meter,18.006
9/25/2023,SKQ202312S-DBO4.6n,SKQ202312S-DBO4.6n-Margarites costalis,71.85369,-162.157262,8:41:33,Benthos,"Plumb-staff beam trawl,  2.26m opening, 7-mm mesh net, 4-mm cod end liner",Margarites costalis,Species,urn:lsid:marinespecies.org:taxname:141819,"A. Gould, 1841",Animalia,Mollusca,Gastropoda,Trochida,Margaritidae,Margarites,biomass,Grams per 1000 square meter,144.044
9/25/2023,SKQ202312S-DBO4.6n,SKQ202312S-DBO4.6n-Myriotrochus rinkii,71.85369,-162.157262,8:41:33,Benthos,"Plumb-staff beam trawl,  2.26m opening, 7-mm mesh net, 4-mm cod end liner",Myriotrochus rinkii,Species,urn:lsid:marinespecies.org:taxname:124446,"Steenstrup, 1851",Animalia,Echinodermata,Holothuroidea,Apodida,Myriotrochidae,Myriotrochus,biomass,Grams per 1000 square meter,558.172
9/25/2023,SKQ202312S-DBO4.6n,SKQ202312S-DBO4.6n-Nemertea,71.85369,-162.157262,8:41:33,Benthos,"Plumb-staff beam trawl,  2.26m opening, 7-mm mesh net, 4-mm cod end liner",Nemertea,Phylum,urn:lsid:marinespecies.org:taxname:152391,NA,Animalia,Nemertea,NA,NA,NA,NA,biomass,Grams per 1000 square meter,9.003
9/25/2023,SKQ202312S-DBO4.6n,SKQ202312S-DBO4.6n-Neptunea heros,71.85369,-162.157262,8:41:33,Benthos,"Plumb-staff beam trawl,  2.26m opening, 7-mm mesh net, 4-mm cod end liner",Neptunea heros,Species,urn:lsid:marinespecies.org:taxname:254479,"J. E. Gray, 1850",Animalia,Mollusca,Gastropoda,Neogastropoda,Buccinidae,Neptunea,biomass,Grams per 1000 square meter,72.022
9/25/2023,SKQ202312S-DBO4.6n,SKQ202312S-DBO4.6n-Nodulotrophon coronatus,71.85369,-162.157262,8:41:33,Benthos,"Plumb-staff beam trawl,  2.26m opening, 7-mm mesh net, 4-mm cod end liner",Nodulotrophon coronatus,Species,urn:lsid:marinespecies.org:taxname:399228,"H. Adams & A. Adams, 1864",Animalia,Mollusca,Gastropoda,Neogastropoda,Muricidae,Nodulotrophon,biomass,Grams per 1000 square meter,108.033
9/25/2023,SKQ202312S-DBO4.6n,SKQ202312S-DBO4.6n-Nymphon,71.85369,-162.157262,8:41:33,Benthos,"Plumb-staff beam trawl,  2.26m opening, 7-mm mesh net, 4-mm cod end liner",Nymphon,Genus,urn:lsid:marinespecies.org:taxname:134591,"Fabricius, 1794",Animalia,Arthropoda,Pycnogonida,Pantopoda,Nymphonidae,Nymphon,biomass,Grams per 1000 square meter,1.801
9/25/2023,SKQ202312S-DBO4.6n,SKQ202312S-DBO4.6n-Ophiura sarsii,71.85369,-162.157262,8:41:33,Benthos,"Plumb-staff beam trawl,  2.26m opening, 7-mm mesh net, 4-mm cod end liner",Ophiura sarsii,Species,urn:lsid:marinespecies.org:taxname:124934,"Lütken, 1855",Animalia,Echinodermata,Ophiuroidea,Ophiurida,Ophiuridae,Ophiura,biomass,Grams per 1000 square meter,3096.955
9/25/2023,SKQ202312S-DBO4.6n,SKQ202312S-DBO4.6n-Pagurus capillatus,71.85369,-162.157262,8:41:33,Benthos,"Plumb-staff beam trawl,  2.26m opening, 7-mm mesh net, 4-mm cod end liner",Pagurus capillatus,Species,urn:lsid:marinespecies.org:taxname:254489,"Benedict, 1892",Animalia,Arthropoda,Malacostraca,Decapoda,Paguridae,Pagurus,biomass,Grams per 1000 square meter,90.028
9/25/2023,SKQ202312S-DBO4.6n,SKQ202312S-DBO4.6n-Paramphithoe polyacantha,71.85369,-162.157262,8:41:33,Benthos,"Plumb-staff beam trawl,  2.26m opening, 7-mm mesh net, 4-mm cod end liner",Paramphithoe polyacantha,Species,urn:lsid:marinespecies.org:taxname:102154,"Murdoch, 1885",Animalia,Arthropoda,Malacostraca,Amphipoda,Paramphithoidae,Paramphithoe,biomass,Grams per 1000 square meter,9.003
9/25/2023,SKQ202312S-DBO4.6n,SKQ202312S-DBO4.6n-Pelonaia corrugata,71.85369,-162.157262,8:41:33,Benthos,"Plumb-staff beam trawl,  2.26m opening, 7-mm mesh net, 4-mm cod end liner",Pelonaia corrugata,Species,urn:lsid:marinespecies.org:taxname:103894,"Goodsir & Forbes, 1841",Animalia,Chordata,Ascidiacea,Stolidobranchia,Styelidae,Pelonaia,biomass,Grams per 1000 square meter,72.022
9/25/2023,SKQ202312S-DBO4.6n,SKQ202312S-DBO4.6n-Propebela nobilis,71.85369,-162.157262,8:41:33,Benthos,"Plumb-staff beam trawl,  2.26m opening, 7-mm mesh net, 4-mm cod end liner",Propebela nobilis,Species,urn:lsid:marinespecies.org:taxname:160450,"Møller, 1842",Animalia,Mollusca,Gastropoda,Neogastropoda,Mangeliidae,Propebela,biomass,Grams per 1000 square meter,36.011
9/25/2023,SKQ202312S-DBO4.6n,SKQ202312S-DBO4.6n-Rhachotropis aculeata,71.85369,-162.157262,8:41:33,Benthos,"Plumb-staff beam trawl,  2.26m opening, 7-mm mesh net, 4-mm cod end liner",Rhachotropis aculeata,Species,urn:lsid:marinespecies.org:taxname:102224,"Lepechin, 1780",Animalia,Arthropoda,Malacostraca,Amphipoda,Eusiridae,Rhachotropis,biomass,Grams per 1000 square meter,36.011
9/25/2023,SKQ202312S-DBO4.6n,SKQ202312S-DBO4.6n-Serripes groenlandicus,71.85369,-162.157262,8:41:33,Benthos,"Plumb-staff beam trawl,  2.26m opening, 7-mm mesh net, 4-mm cod end liner",Serripes groenlandicus,Species,urn:lsid:marinespecies.org:taxname:582749,"Mohr, 1786",Animalia,Mollusca,Bivalvia,Cardiida,Cardiidae,Serripes,biomass,Grams per 1000 square meter,54.017
9/25/2023,SKQ202312S-DBO4.6n,SKQ202312S-DBO4.6n-Solariella obscura,71.85369,-162.157262,8:41:33,Benthos,"Plumb-staff beam trawl,  2.26m opening, 7-mm mesh net, 4-mm cod end liner",Solariella obscura,Species,urn:lsid:marinespecies.org:taxname:141840,"Couthouy, 1838",Animalia,Mollusca,Gastropoda,Trochida,Solariellidae,Solariella,biomass,Grams per 1000 square meter,54.017
9/25/2023,SKQ202312S-DBO4.6n,SKQ202312S-DBO4.6n-Stegophiura nodosa,71.85369,-162.157262,8:41:33,Benthos,"Plumb-staff beam trawl,  2.26m opening, 7-mm mesh net, 4-mm cod end liner",Stegophiura nodosa,Species,urn:lsid:marinespecies.org:taxname:124943,"Lütken, 1855",Animalia,Echinodermata,Ophiuroidea,Ophiurida,Ophiopyrgidae,Stegophiura,biomass,Grams per 1000 square meter,72.022
9/25/2023,SKQ202312S-DBO4.6n,SKQ202312S-DBO4.6n-Synidotea bicuspida,71.85369,-162.157262,8:41:33,Benthos,"Plumb-staff beam trawl,  2.26m opening, 7-mm mesh net, 4-mm cod end liner",Synidotea bicuspida,Species,urn:lsid:marinespecies.org:taxname:156445,"Owen, 1839",Animalia,Arthropoda,Malacostraca,Isopoda,Idoteidae,Synidotea,biomass,Grams per 1000 square meter,18.006
9/26/2023,SKQ202312S-IC11,SKQ202312S-IC11-Actiniaria,70.583097,-162.498076,17:30:33,Benthos,"Plumb-staff beam trawl,  2.26m opening, 7-mm mesh net, 4-mm cod end liner",Actiniaria,Order,urn:lsid:marinespecies.org:taxname:1360,"Hertwig, 1882",Animalia,Cnidaria,Anthozoa,Actiniaria,NA,NA,biomass,Grams per 1000 square meter,34.425
9/26/2023,SKQ202312S-IC11,SKQ202312S-IC11-Alcyonidium disciforme,70.583097,-162.498076,17:30:33,Benthos,"Plumb-staff beam trawl,  2.26m opening, 7-mm mesh net, 4-mm cod end liner",Alcyonidium disciforme,Species,urn:lsid:marinespecies.org:taxname:111598,"Smitt, 1872",Animalia,Bryozoa,Gymnolaemata,Ctenostomatida,Alcyonidiidae,Alcyonidium,biomass,Grams per 1000 square meter,112.836
9/26/2023,SKQ202312S-IC11,SKQ202312S-IC11-Alcyonidium gelatinosum,70.583097,-162.498076,17:30:33,Benthos,"Plumb-staff beam trawl,  2.26m opening, 7-mm mesh net, 4-mm cod end liner",Alcyonidium gelatinosum,Species,urn:lsid:marinespecies.org:taxname:111600,"Linnaeus, 1761",Animalia,Bryozoa,Gymnolaemata,Ctenostomatida,Alcyonidiidae,Alcyonidium,biomass,Grams per 1000 square meter,508.719
9/26/2023,SKQ202312S-IC11,SKQ202312S-IC11-Arctonoe fragilis,70.583097,-162.498076,17:30:33,Benthos,"Plumb-staff beam trawl,  2.26m opening, 7-mm mesh net, 4-mm cod end liner",Arctonoe fragilis,Species,urn:lsid:marinespecies.org:taxname:333029,"Baird, 1863",Animalia,Annelida,Polychaeta,Phyllodocida,Polynoidae,Arctonoe,biomass,Grams per 1000 square meter,1.912
9/26/2023,SKQ202312S-IC11,SKQ202312S-IC11-Argis,70.583097,-162.498076,17:30:33,Benthos,"Plumb-staff beam trawl,  2.26m opening, 7-mm mesh net, 4-mm cod end liner",Argis,Genus,urn:lsid:marinespecies.org:taxname:107006,"Krøyer, 1843",Animalia,Arthropoda,Malacostraca,Decapoda,Crangonidae,Argis,biomass,Grams per 1000 square meter,82.236
9/26/2023,SKQ202312S-IC11,SKQ202312S-IC11-Ascidiacea,70.583097,-162.498076,17:30:33,Benthos,"Plumb-staff beam trawl,  2.26m opening, 7-mm mesh net, 4-mm cod end liner",Ascidiacea,Class,urn:lsid:marinespecies.org:taxname:1839,"Blainville, 1824",Animalia,Chordata,Ascidiacea,NA,NA,NA,biomass,Grams per 1000 square meter,13.387
9/26/2023,SKQ202312S-IC11,SKQ202312S-IC11-Asterias amurensis,70.583097,-162.498076,17:30:33,Benthos,"Plumb-staff beam trawl,  2.26m opening, 7-mm mesh net, 4-mm cod end liner",Asterias amurensis,Species,urn:lsid:marinespecies.org:taxname:254497,"Lutken, 1871",Animalia,Echinodermata,Asteroidea,Forcipulatida,Asteriidae,Asterias,biomass,Grams per 1000 square meter,15724.383
9/26/2023,SKQ202312S-IC11,SKQ202312S-IC11-Boltenia ovifera,70.583097,-162.498076,17:30:33,Benthos,"Plumb-staff beam trawl,  2.26m opening, 7-mm mesh net, 4-mm cod end liner",Boltenia ovifera,Species,urn:lsid:marinespecies.org:taxname:103815,"Linnaeus, 1767",Animalia,Chordata,Ascidiacea,Stolidobranchia,Pyuridae,Boltenia,biomass,Grams per 1000 square meter,0.956
9/26/2023,SKQ202312S-IC11,SKQ202312S-IC11-Bryozoa - soft lobed,70.583097,-162.498076,17:30:33,Benthos,"Plumb-staff beam trawl,  2.26m opening, 7-mm mesh net, 4-mm cod end liner",Bryozoa - soft lobed,Phylum,urn:lsid:marinespecies.org:taxname:146142,NA,Animalia,Bryozoa,NA,NA,NA,NA,biomass,Grams per 1000 square meter,13.387
9/26/2023,SKQ202312S-IC11,SKQ202312S-IC11-Chionoecetes opilio,70.583097,-162.498076,17:30:33,Benthos,"Plumb-staff beam trawl,  2.26m opening, 7-mm mesh net, 4-mm cod end liner",Chionoecetes opilio,Species,urn:lsid:marinespecies.org:taxname:107315,"Fabricius, 1788",Animalia,Arthropoda,Malacostraca,Decapoda,Oregoniidae,Chionoecetes,biomass,Grams per 1000 square meter,47.812
9/26/2023,SKQ202312S-IC11,SKQ202312S-IC11-Crangon dalli,70.583097,-162.498076,17:30:33,Benthos,"Plumb-staff beam trawl,  2.26m opening, 7-mm mesh net, 4-mm cod end liner",Crangon dalli,Species,urn:lsid:marinespecies.org:taxname:254486,"Rathbun, 1902",Animalia,Arthropoda,Malacostraca,Decapoda,Crangonidae,Crangon,biomass,Grams per 1000 square meter,24.862
9/26/2023,SKQ202312S-IC11,SKQ202312S-IC11-Dendrobeania,70.583097,-162.498076,17:30:33,Benthos,"Plumb-staff beam trawl,  2.26m opening, 7-mm mesh net, 4-mm cod end liner",Dendrobeania,Genus,urn:lsid:marinespecies.org:taxname:110842,"Levinsen, 1909",Animalia,Bryozoa,Gymnolaemata,Cheilostomatida,Bugulidae,Dendrobeania,biomass,Grams per 1000 square meter,3.825
9/26/2023,SKQ202312S-IC11,SKQ202312S-IC11-Echinarachnius parma,70.583097,-162.498076,17:30:33,Benthos,"Plumb-staff beam trawl,  2.26m opening, 7-mm mesh net, 4-mm cod end liner",Echinarachnius parma,Species,urn:lsid:marinespecies.org:taxname:158062,"Lamarck, 1816",Animalia,Echinodermata,Echinoidea,Echinolampadacea,Echinarachniidae,Echinarachnius,biomass,Grams per 1000 square meter,139.611
9/26/2023,SKQ202312S-IC11,SKQ202312S-IC11-Eucratea loricata,70.583097,-162.498076,17:30:33,Benthos,"Plumb-staff beam trawl,  2.26m opening, 7-mm mesh net, 4-mm cod end liner",Eucratea loricata,Species,urn:lsid:marinespecies.org:taxname:111361,"Linnaeus, 1758",Animalia,Bryozoa,Gymnolaemata,Cheilostomatida,Eucrateidae,Eucratea,biomass,Grams per 1000 square meter,118.574
9/26/2023,SKQ202312S-IC11,SKQ202312S-IC11-Golfingia margaritacea,70.583097,-162.498076,17:30:33,Benthos,"Plumb-staff beam trawl,  2.26m opening, 7-mm mesh net, 4-mm cod end liner",Golfingia margaritacea,Species,urn:lsid:marinespecies.org:taxname:175027,"Sars, 1851",Animalia,Annelida,NA,Sipuncula,Golfingiidae,Golfingia,biomass,Grams per 1000 square meter,0.191
9/26/2023,SKQ202312S-IC11,SKQ202312S-IC11-Gorgonocephalus eucnemis,70.583097,-162.498076,17:30:33,Benthos,"Plumb-staff beam trawl,  2.26m opening, 7-mm mesh net, 4-mm cod end liner",Gorgonocephalus eucnemis,Species,urn:lsid:marinespecies.org:taxname:124969,"Müller & Troschel, 1842",Animalia,Echinodermata,Ophiuroidea,Euryalida,Gorgonocephalidae,Gorgonocephalus,biomass,Grams per 1000 square meter,1778.603
9/26/2023,SKQ202312S-IC11,SKQ202312S-IC11-Henricia tumida,70.583097,-162.498076,17:30:33,Benthos,"Plumb-staff beam trawl,  2.26m opening, 7-mm mesh net, 4-mm cod end liner",Henricia tumida,Species,urn:lsid:marinespecies.org:taxname:369147,"Verrill, 1909",Animalia,Echinodermata,Asteroidea,Spinulosida,Echisteridae,Henricia,biomass,Grams per 1000 square meter,5.737
9/26/2023,SKQ202312S-IC11,SKQ202312S-IC11-Hyas coarctatus,70.583097,-162.498076,17:30:33,Benthos,"Plumb-staff beam trawl,  2.26m opening, 7-mm mesh net, 4-mm cod end liner",Hyas coarctatus,Species,urn:lsid:marinespecies.org:taxname:107323,"Leach, 1815",Animalia,Arthropoda,Malacostraca,Decapoda,Oregoniidae,Hyas,biomass,Grams per 1000 square meter,120.486
9/26/2023,SKQ202312S-IC11,SKQ202312S-IC11-Hydrozoa,70.583097,-162.498076,17:30:33,Benthos,"Plumb-staff beam trawl,  2.26m opening, 7-mm mesh net, 4-mm cod end liner",Hydrozoa,Class,urn:lsid:marinespecies.org:taxname:1337,"Owen, 1843",Animalia,Cnidaria,Hydrozoa,NA,NA,NA,biomass,Grams per 1000 square meter,22.95
9/26/2023,SKQ202312S-IC11,SKQ202312S-IC11-Labidochirus splendescens,70.583097,-162.498076,17:30:33,Benthos,"Plumb-staff beam trawl,  2.26m opening, 7-mm mesh net, 4-mm cod end liner",Labidochirus splendescens,Species,urn:lsid:marinespecies.org:taxname:248348,"Owen, 1839",Animalia,Arthropoda,Malacostraca,Decapoda,Paguridae,Labidochirus,biomass,Grams per 1000 square meter,61.199
9/26/2023,SKQ202312S-IC11,SKQ202312S-IC11-Leptasterias arctica,70.583097,-162.498076,17:30:33,Benthos,"Plumb-staff beam trawl,  2.26m opening, 7-mm mesh net, 4-mm cod end liner",Leptasterias arctica,Species,urn:lsid:marinespecies.org:taxname:369158,"Murdoch, 1885",Animalia,Echinodermata,Asteroidea,Forcipulatida,Asteriidae,Leptasterias,biomass,Grams per 1000 square meter,26.775
9/26/2023,SKQ202312S-IC11,SKQ202312S-IC11-Musculus niger,70.583097,-162.498076,17:30:33,Benthos,"Plumb-staff beam trawl,  2.26m opening, 7-mm mesh net, 4-mm cod end liner",Musculus niger,Species,urn:lsid:marinespecies.org:taxname:140474,"J. E. Gray, 1824",Animalia,Mollusca,Bivalvia,Mytilida,Mytilidae,Musculus,biomass,Grams per 1000 square meter,24.862
9/26/2023,SKQ202312S-IC11,SKQ202312S-IC11-Pagurus capillatus,70.583097,-162.498076,17:30:33,Benthos,"Plumb-staff beam trawl,  2.26m opening, 7-mm mesh net, 4-mm cod end liner",Pagurus capillatus,Species,urn:lsid:marinespecies.org:taxname:254489,"Benedict, 1892",Animalia,Arthropoda,Malacostraca,Decapoda,Paguridae,Pagurus,biomass,Grams per 1000 square meter,0.191
9/26/2023,SKQ202312S-IC11,SKQ202312S-IC11-Pandalus eous,70.583097,-162.498076,17:30:33,Benthos,"Plumb-staff beam trawl,  2.26m opening, 7-mm mesh net, 4-mm cod end liner",Pandalus eous,Species,urn:lsid:marinespecies.org:taxname:515463,"Makarov, 1935",Animalia,Arthropoda,Malacostraca,Decapoda,Pandalidae,Pandalus,biomass,Grams per 1000 square meter,3.825
9/26/2023,SKQ202312S-IC11,SKQ202312S-IC11-Pandalus goniurus,70.583097,-162.498076,17:30:33,Benthos,"Plumb-staff beam trawl,  2.26m opening, 7-mm mesh net, 4-mm cod end liner",Pandalus goniurus,Species,urn:lsid:marinespecies.org:taxname:254483,"Stimpson, 1860",Animalia,Arthropoda,Malacostraca,Decapoda,Pandalidae,Pandalus,biomass,Grams per 1000 square meter,22.95
9/26/2023,SKQ202312S-IC11,SKQ202312S-IC11-Pycnogonida,70.583097,-162.498076,17:30:33,Benthos,"Plumb-staff beam trawl,  2.26m opening, 7-mm mesh net, 4-mm cod end liner",Pycnogonida,Class,urn:lsid:marinespecies.org:taxname:1302,"Latreille, 1810",Animalia,Arthropoda,Pycnogonida,NA,NA,NA,biomass,Grams per 1000 square meter,0.191
9/26/2023,SKQ202312S-IC11,SKQ202312S-IC11-Rhachotropis oculata,70.583097,-162.498076,17:30:33,Benthos,"Plumb-staff beam trawl,  2.26m opening, 7-mm mesh net, 4-mm cod end liner",Rhachotropis oculata,Species,urn:lsid:marinespecies.org:taxname:102240,"Hansen, 1888",Animalia,Arthropoda,Malacostraca,Amphipoda,Eusiridae,Rhachotropis,biomass,Grams per 1000 square meter,0.191
9/26/2023,SKQ202312S-IC11,SKQ202312S-IC11-Sertularia robusta,70.583097,-162.498076,17:30:33,Benthos,"Plumb-staff beam trawl,  2.26m opening, 7-mm mesh net, 4-mm cod end liner",Sertularia robusta,Species,urn:lsid:marinespecies.org:taxname:117923,"Clark, 1877",Animalia,Cnidaria,Hydrozoa,Leptothecata,Sertulariidae,Sertularia,biomass,Grams per 1000 square meter,15.3
9/26/2023,SKQ202312S-IC11,SKQ202312S-IC11-Spirontocaris,70.583097,-162.498076,17:30:33,Benthos,"Plumb-staff beam trawl,  2.26m opening, 7-mm mesh net, 4-mm cod end liner",Spirontocaris,Genus,urn:lsid:marinespecies.org:taxname:106994,"Spence Bate, 1888",Animalia,Arthropoda,Malacostraca,Decapoda,Thoridae,Spirontocaris,biomass,Grams per 1000 square meter,3.825
9/26/2023,SKQ202312S-IC11,SKQ202312S-IC11-Synoicum pulmonaria,70.583097,-162.498076,17:30:33,Benthos,"Plumb-staff beam trawl,  2.26m opening, 7-mm mesh net, 4-mm cod end liner",Synoicum pulmonaria,Species,urn:lsid:marinespecies.org:taxname:103692,"Ellis & Solander, 1786",Animalia,Chordata,Ascidiacea,Aplousobranchia,Polyclinidae,Synoicum,biomass,Grams per 1000 square meter,17.212
9/27/2023,SKQ202312S-IC9,SKQ202312S-IC9-Acanthonotozoma rusanovae,70.848329,-163.2,1:01:03,Benthos,"Plumb-staff beam trawl,  2.26m opening, 7-mm mesh net, 4-mm cod end liner",Acanthonotozoma rusanovae,Species,urn:lsid:marinespecies.org:taxname:101876,"Bryazgin, 1974",Animalia,Arthropoda,Malacostraca,Amphipoda,Acanthonotozomatidae,Acanthonotozoma,biomass,Grams per 1000 square meter,0.17
9/26/2023,SKQ202312S-IC9,SKQ202312S-IC9-Admete solida,70.848329,-163.2,1:01:03,Benthos,"Plumb-staff beam trawl,  2.26m opening, 7-mm mesh net, 4-mm cod end liner",Admete solida,Species,urn:lsid:marinespecies.org:taxname:576338,"Aurivillius, 1885",Animalia,Mollusca,Gastropoda,Neogastropoda,Cancellariidae,Admete,biomass,Grams per 1000 square meter,1.702
9/26/2023,SKQ202312S-IC9,SKQ202312S-IC9-Alcyonidium gelatinosum,70.848329,-163.2,1:01:03,Benthos,"Plumb-staff beam trawl,  2.26m opening, 7-mm mesh net, 4-mm cod end liner",Alcyonidium gelatinosum,Species,urn:lsid:marinespecies.org:taxname:111600,"Linnaeus, 1761",Animalia,Bryozoa,Gymnolaemata,Ctenostomatida,Alcyonidiidae,Alcyonidium,biomass,Grams per 1000 square meter,10.211
9/26/2023,SKQ202312S-IC9,SKQ202312S-IC9-Anonyx,70.848329,-163.2,1:01:03,Benthos,"Plumb-staff beam trawl,  2.26m opening, 7-mm mesh net, 4-mm cod end liner",Anonyx,Genus,urn:lsid:marinespecies.org:taxname:101592,"Krøyer, 1838",Animalia,Arthropoda,Malacostraca,Amphipoda,Uristidae,Anonyx,biomass,Grams per 1000 square meter,1.702
9/26/2023,SKQ202312S-IC9,SKQ202312S-IC9-Arctonoe vittata,70.848329,-163.2,1:01:03,Benthos,"Plumb-staff beam trawl,  2.26m opening, 7-mm mesh net, 4-mm cod end liner",Arctonoe vittata,Species,urn:lsid:marinespecies.org:taxname:254301,"Grube, 1855",Animalia,Annelida,Polychaeta,Phyllodocida,Polynoidae,Arctonoe,biomass,Grams per 1000 square meter,0.17
9/26/2023,SKQ202312S-IC9,SKQ202312S-IC9-Argis,70.848329,-163.2,1:01:03,Benthos,"Plumb-staff beam trawl,  2.26m opening, 7-mm mesh net, 4-mm cod end liner",Argis,Genus,urn:lsid:marinespecies.org:taxname:107006,"Krøyer, 1843",Animalia,Arthropoda,Malacostraca,Decapoda,Crangonidae,Argis,biomass,Grams per 1000 square meter,158.266
9/26/2023,SKQ202312S-IC9,SKQ202312S-IC9-Arrhis luthkei,70.848329,-163.2,1:01:03,Benthos,"Plumb-staff beam trawl,  2.26m opening, 7-mm mesh net, 4-mm cod end liner",Arrhis luthkei,Species,urn:lsid:marinespecies.org:taxname:423163,"Gurjanova, 1936",Animalia,Arthropoda,Malacostraca,Amphipoda,Oedicerotidae,Arrhis,biomass,Grams per 1000 square meter,1.702
9/26/2023,SKQ202312S-IC9,SKQ202312S-IC9-Boreotrophon truncatus,70.848329,-163.2,1:01:03,Benthos,"Plumb-staff beam trawl,  2.26m opening, 7-mm mesh net, 4-mm cod end liner",Boreotrophon truncatus,Species,urn:lsid:marinespecies.org:taxname:146733,"Strøm, 1768",Animalia,Mollusca,Gastropoda,Neogastropoda,Muricidae,Boreotrophon,biomass,Grams per 1000 square meter,0.17
9/26/2023,SKQ202312S-IC9,SKQ202312S-IC9-Buccinum polare,70.848329,-163.2,1:01:03,Benthos,"Plumb-staff beam trawl,  2.26m opening, 7-mm mesh net, 4-mm cod end liner",Buccinum polare,Species,urn:lsid:marinespecies.org:taxname:138873,"Gray, 1839",Animalia,Mollusca,Gastropoda,Neogastropoda,Buccinidae,Buccinum,biomass,Grams per 1000 square meter,54.457
9/26/2023,SKQ202312S-IC9,SKQ202312S-IC9-Buccinum scalariforme,70.848329,-163.2,1:01:03,Benthos,"Plumb-staff beam trawl,  2.26m opening, 7-mm mesh net, 4-mm cod end liner",Buccinum scalariforme,Species,urn:lsid:marinespecies.org:taxname:138875,"Møller, 1842",Animalia,Mollusca,Gastropoda,Neogastropoda,Buccinidae,Buccinum,biomass,Grams per 1000 square meter,95.3
9/26/2023,SKQ202312S-IC9,SKQ202312S-IC9-Chionoecetes opilio,70.848329,-163.2,1:01:03,Benthos,"Plumb-staff beam trawl,  2.26m opening, 7-mm mesh net, 4-mm cod end liner",Chionoecetes opilio,Species,urn:lsid:marinespecies.org:taxname:107315,"Fabricius, 1788",Animalia,Arthropoda,Malacostraca,Decapoda,Oregoniidae,Chionoecetes,biomass,Grams per 1000 square meter,175.284
9/26/2023,SKQ202312S-IC9,SKQ202312S-IC9-Crangon dalli,70.848329,-163.2,1:01:03,Benthos,"Plumb-staff beam trawl,  2.26m opening, 7-mm mesh net, 4-mm cod end liner",Crangon dalli,Species,urn:lsid:marinespecies.org:taxname:254486,"Rathbun, 1902",Animalia,Arthropoda,Malacostraca,Decapoda,Crangonidae,Crangon,biomass,Grams per 1000 square meter,11.912
9/26/2023,SKQ202312S-IC9,SKQ202312S-IC9-Cryptonatica affinis,70.848329,-163.2,1:01:03,Benthos,"Plumb-staff beam trawl,  2.26m opening, 7-mm mesh net, 4-mm cod end liner",Cryptonatica affinis,Species,urn:lsid:marinespecies.org:taxname:140525,"Gmelin, 1791",Animalia,Mollusca,Gastropoda,Littorinimorpha,Ticidae,Cryptonatica,biomass,Grams per 1000 square meter,1.702
9/26/2023,SKQ202312S-IC9,SKQ202312S-IC9-Cylichnoides occultus,70.848329,-163.2,1:01:03,Benthos,"Plumb-staff beam trawl,  2.26m opening, 7-mm mesh net, 4-mm cod end liner",Cylichnoides occultus,Species,urn:lsid:marinespecies.org:taxname:884604,"Mighels & C. B. Adams, 1842",Animalia,Mollusca,Gastropoda,Cephalaspidea,Eoscaphandridae,Cylichnoides,biomass,Grams per 1000 square meter,1.702
9/26/2023,SKQ202312S-IC9,SKQ202312S-IC9-Distaplia alaskensis,70.848329,-163.2,1:01:03,Benthos,"Plumb-staff beam trawl,  2.26m opening, 7-mm mesh net, 4-mm cod end liner",Distaplia alaskensis,Species,urn:lsid:marinespecies.org:taxname:181923,"Calman, 1912",Animalia,Chordata,Ascidiacea,Aplousobranchia,Holozoidae,Distaplia,biomass,Grams per 1000 square meter,3.404
9/26/2023,SKQ202312S-IC9,SKQ202312S-IC9-Eualus gaimardii ,70.848329,-163.2,1:01:03,Benthos,"Plumb-staff beam trawl,  2.26m opening, 7-mm mesh net, 4-mm cod end liner",Eualus gaimardii ,Species,urn:lsid:marinespecies.org:taxname:107504,"H. Milne Edwards, 1837",Animalia,Arthropoda,Malacostraca,Decapoda,Thoridae,Eualus,biomass,Grams per 1000 square meter,173.582
9/26/2023,SKQ202312S-IC9,SKQ202312S-IC9-Eualus macilentus,70.848329,-163.2,1:01:03,Benthos,"Plumb-staff beam trawl,  2.26m opening, 7-mm mesh net, 4-mm cod end liner",Eualus macilentus,Species,urn:lsid:marinespecies.org:taxname:158359,"Krøyer, 1841",Animalia,Arthropoda,Malacostraca,Decapoda,Thoridae,Eualus,biomass,Grams per 1000 square meter,5.105
9/26/2023,SKQ202312S-IC9,SKQ202312S-IC9-Euspira pallida,70.848329,-163.2,1:01:03,Benthos,"Plumb-staff beam trawl,  2.26m opening, 7-mm mesh net, 4-mm cod end liner",Euspira pallida,Species,urn:lsid:marinespecies.org:taxname:140536,"Broderip & G. B. Sowerby I, 1829",Animalia,Mollusca,Gastropoda,Littorinimorpha,Naticidae,Euspira,biomass,Grams per 1000 square meter,1.702
9/26/2023,SKQ202312S-IC9,SKQ202312S-IC9-Gattyana ciliata,70.848329,-163.2,1:01:03,Benthos,"Plumb-staff beam trawl,  2.26m opening, 7-mm mesh net, 4-mm cod end liner",Gattyana ciliata,Species,urn:lsid:marinespecies.org:taxname:254456,"Moore, 1902",Animalia,Annelida,Polychaeta,Phyllodocida,Polynoidae,Gattyana,biomass,Grams per 1000 square meter,95.3
9/26/2023,SKQ202312S-IC9,SKQ202312S-IC9-Gersemia rubiformis,70.848329,-163.2,1:01:03,Benthos,"Plumb-staff beam trawl,  2.26m opening, 7-mm mesh net, 4-mm cod end liner",Gersemia rubiformis,Species,urn:lsid:marinespecies.org:taxname:156103,"Ehrenberg, 1834",Animalia,Cnidaria,Anthozoa,Malacalcyonacea,Alcyoniidae,Gersemia,biomass,Grams per 1000 square meter,1.702
9/26/2023,SKQ202312S-IC9,SKQ202312S-IC9-Gorgonocephalus arcticus,70.848329,-163.2,1:01:03,Benthos,"Plumb-staff beam trawl,  2.26m opening, 7-mm mesh net, 4-mm cod end liner",Gorgonocephalus arcticus,Species,urn:lsid:marinespecies.org:taxname:124966,"Leach, 1819",Animalia,Echinodermata,Ophiuroidea,Euryalida,Gorgonocephalidae,Gorgonocephalus,biomass,Grams per 1000 square meter,571.799
9/26/2023,SKQ202312S-IC9,SKQ202312S-IC9-Gorgonocephalus eucnemis,70.848329,-163.2,1:01:03,Benthos,"Plumb-staff beam trawl,  2.26m opening, 7-mm mesh net, 4-mm cod end liner",Gorgonocephalus eucnemis,Species,urn:lsid:marinespecies.org:taxname:124969,"Müller & Troschel, 1842",Animalia,Echinodermata,Ophiuroidea,Euryalida,Gorgonocephalidae,Gorgonocephalus,biomass,Grams per 1000 square meter,370.988
9/26/2023,SKQ202312S-IC9,SKQ202312S-IC9-Hyas,70.848329,-163.2,1:01:03,Benthos,"Plumb-staff beam trawl,  2.26m opening, 7-mm mesh net, 4-mm cod end liner",Hyas,Genus,urn:lsid:marinespecies.org:taxname:106903,"Leach, 1814",Animalia,Arthropoda,Malacostraca,Decapoda,Oregoniidae,Hyas,biomass,Grams per 1000 square meter,37.439
9/26/2023,SKQ202312S-IC9,SKQ202312S-IC9-Labidochirus splendescens,70.848329,-163.2,1:01:03,Benthos,"Plumb-staff beam trawl,  2.26m opening, 7-mm mesh net, 4-mm cod end liner",Labidochirus splendescens,Species,urn:lsid:marinespecies.org:taxname:248348,"Owen, 1839",Animalia,Arthropoda,Malacostraca,Decapoda,Paguridae,Labidochirus,biomass,Grams per 1000 square meter,3.404
9/26/2023,SKQ202312S-IC9,SKQ202312S-IC9-Latisipho hypolispus,70.848329,-163.2,1:01:03,Benthos,"Plumb-staff beam trawl,  2.26m opening, 7-mm mesh net, 4-mm cod end liner",Latisipho hypolispus,Species,urn:lsid:marinespecies.org:taxname:491062,"Dall, 1891",Animalia,Mollusca,Gastropoda,Neogastropoda,Buccinidae,Latisipho,biomass,Grams per 1000 square meter,22.123
9/26/2023,SKQ202312S-IC9,SKQ202312S-IC9-Leptasterias groenlandica,70.848329,-163.2,1:01:03,Benthos,"Plumb-staff beam trawl,  2.26m opening, 7-mm mesh net, 4-mm cod end liner",Leptasterias groenlandica,Species,urn:lsid:marinespecies.org:taxname:369176,"Steenstrup in Lutken, 1857",Animalia,Echinodermata,Asteroidea,Forcipulatida,Asteriidae,Leptasterias,biomass,Grams per 1000 square meter,28.93
9/26/2023,SKQ202312S-IC9,SKQ202312S-IC9-Margarites,70.848329,-163.2,1:01:03,Benthos,"Plumb-staff beam trawl,  2.26m opening, 7-mm mesh net, 4-mm cod end liner",Margarites,Genus,urn:lsid:marinespecies.org:taxname:138592,"Leach, 1847",Animalia,Mollusca,Gastropoda,Trochida,Margaritidae,Margarites,biomass,Grams per 1000 square meter,895.137
9/26/2023,SKQ202312S-IC9,SKQ202312S-IC9-Margarites costalis,70.848329,-163.2,1:01:03,Benthos,"Plumb-staff beam trawl,  2.26m opening, 7-mm mesh net, 4-mm cod end liner",Margarites costalis,Species,urn:lsid:marinespecies.org:taxname:141819,"A. Gould, 1841",Animalia,Mollusca,Gastropoda,Trochida,Margaritidae,Margarites,biomass,Grams per 1000 square meter,6.807
9/26/2023,SKQ202312S-IC9,SKQ202312S-IC9-Muusoctopus sibiricus,70.848329,-163.2,1:01:03,Benthos,"Plumb-staff beam trawl,  2.26m opening, 7-mm mesh net, 4-mm cod end liner",Muusoctopus sibiricus,Species,urn:lsid:marinespecies.org:taxname:527164,"Loyning, 1930",Animalia,Mollusca,Cephalopoda,Octopoda,Bathypolypodidae,Muusoctopus,biomass,Grams per 1000 square meter,1.702
9/26/2023,SKQ202312S-IC9,SKQ202312S-IC9-Myriotrochus rinkii,70.848329,-163.2,1:01:03,Benthos,"Plumb-staff beam trawl,  2.26m opening, 7-mm mesh net, 4-mm cod end liner",Myriotrochus rinkii,Species,urn:lsid:marinespecies.org:taxname:124446,"Steenstrup, 1851",Animalia,Echinodermata,Holothuroidea,Apodida,Myriotrochidae,Myriotrochus,biomass,Grams per 1000 square meter,44.246
9/26/2023,SKQ202312S-IC9,SKQ202312S-IC9-Nemertea,70.848329,-163.2,1:01:03,Benthos,"Plumb-staff beam trawl,  2.26m opening, 7-mm mesh net, 4-mm cod end liner",Nemertea,Phylum,urn:lsid:marinespecies.org:taxname:152391,NA,Animalia,Nemertea,NA,NA,NA,NA,biomass,Grams per 1000 square meter,10.211
9/26/2023,SKQ202312S-IC9,SKQ202312S-IC9-Neocrangon communis,70.848329,-163.2,1:01:03,Benthos,"Plumb-staff beam trawl,  2.26m opening, 7-mm mesh net, 4-mm cod end liner",Neocrangon communis,Species,urn:lsid:marinespecies.org:taxname:423552,"Rathbun, 1899",Animalia,Arthropoda,Malacostraca,Decapoda,Crangonidae,Neocrangon,biomass,Grams per 1000 square meter,3.404
9/26/2023,SKQ202312S-IC9,SKQ202312S-IC9-Neoiphinoe coronata,70.848329,-163.2,1:01:03,Benthos,"Plumb-staff beam trawl,  2.26m opening, 7-mm mesh net, 4-mm cod end liner",Neoiphinoe coronata,Species,urn:lsid:marinespecies.org:taxname:576321,"A. Gould, 1860",Animalia,Mollusca,Gastropoda,Littorinimorpha,Capulidae,Neoiphinoe,biomass,Grams per 1000 square meter,3.404
9/26/2023,SKQ202312S-IC9,SKQ202312S-IC9-Nymphon,70.848329,-163.2,1:01:03,Benthos,"Plumb-staff beam trawl,  2.26m opening, 7-mm mesh net, 4-mm cod end liner",Nymphon,Genus,urn:lsid:marinespecies.org:taxname:134591,"Fabricius, 1794",Animalia,Arthropoda,Pycnogonida,Pantopoda,Nymphonidae,Nymphon,biomass,Grams per 1000 square meter,1.702
9/26/2023,SKQ202312S-IC9,SKQ202312S-IC9-Obesotoma,70.848329,-163.2,1:01:03,Benthos,"Plumb-staff beam trawl,  2.26m opening, 7-mm mesh net, 4-mm cod end liner",Obesotoma,Genus,urn:lsid:marinespecies.org:taxname:137825,"Bartsch, 1941",Animalia,Mollusca,Gastropoda,Neogastropoda,Mangeliidae,Obesotoma,biomass,Grams per 1000 square meter,1.702
9/26/2023,SKQ202312S-IC9,SKQ202312S-IC9-Ocnus glacialis,70.848329,-163.2,1:01:03,Benthos,"Plumb-staff beam trawl,  2.26m opening, 7-mm mesh net, 4-mm cod end liner",Ocnus glacialis,Species,urn:lsid:marinespecies.org:taxname:124641,"Ljungman, 1879",Animalia,Echinodermata,Holothuroidea,Dendrochirotida,Cucumariidae,Ocnus,biomass,Grams per 1000 square meter,6.807
9/26/2023,SKQ202312S-IC9,SKQ202312S-IC9-Ophiura robusta,70.848329,-163.2,1:01:03,Benthos,"Plumb-staff beam trawl,  2.26m opening, 7-mm mesh net, 4-mm cod end liner",Ophiura robusta,Species,urn:lsid:marinespecies.org:taxname:124933,"Ayres, 1852",Animalia,Echinodermata,Ophiuroidea,Ophiurida,Ophiuridae,Ophiura,biomass,Grams per 1000 square meter,0.17
9/26/2023,SKQ202312S-IC9,SKQ202312S-IC9-Ophiura sarsii,70.848329,-163.2,1:01:03,Benthos,"Plumb-staff beam trawl,  2.26m opening, 7-mm mesh net, 4-mm cod end liner",Ophiura sarsii,Species,urn:lsid:marinespecies.org:taxname:124934,"Lütken, 1855",Animalia,Echinodermata,Ophiuroidea,Ophiurida,Ophiuridae,Ophiura,biomass,Grams per 1000 square meter,8148.132
9/26/2023,SKQ202312S-IC9,SKQ202312S-IC9-Pagurus capillatus,70.848329,-163.2,1:01:03,Benthos,"Plumb-staff beam trawl,  2.26m opening, 7-mm mesh net, 4-mm cod end liner",Pagurus capillatus,Species,urn:lsid:marinespecies.org:taxname:254489,"Benedict, 1892",Animalia,Arthropoda,Malacostraca,Decapoda,Paguridae,Pagurus,biomass,Grams per 1000 square meter,15.316
9/26/2023,SKQ202312S-IC9,SKQ202312S-IC9-Pagurus trigonocheirus,70.848329,-163.2,1:01:03,Benthos,"Plumb-staff beam trawl,  2.26m opening, 7-mm mesh net, 4-mm cod end liner",Pagurus trigonocheirus,Species,urn:lsid:marinespecies.org:taxname:254490,"Stimpson, 1858",Animalia,Arthropoda,Malacostraca,Decapoda,Paguridae,Pagurus,biomass,Grams per 1000 square meter,1.702
9/26/2023,SKQ202312S-IC9,SKQ202312S-IC9-Phyllodoce groenlandica,70.848329,-163.2,1:01:03,Benthos,"Plumb-staff beam trawl,  2.26m opening, 7-mm mesh net, 4-mm cod end liner",Phyllodoce groenlandica,Species,urn:lsid:marinespecies.org:taxname:334506,"Örsted, 1842",Animalia,Annelida,Polychaeta,Phyllodocida,Phyllodocidae,Phyllodoce,biomass,Grams per 1000 square meter,10.211
9/26/2023,SKQ202312S-IC9,SKQ202312S-IC9-Propebela arctica,70.848329,-163.2,1:01:03,Benthos,"Plumb-staff beam trawl,  2.26m opening, 7-mm mesh net, 4-mm cod end liner",Propebela arctica,Species,urn:lsid:marinespecies.org:taxname:367571,"A. Adams, 1855",Animalia,Mollusca,Gastropoda,Neogastropoda,Mangeliidae,Propebela,biomass,Grams per 1000 square meter,0.851
9/26/2023,SKQ202312S-IC9,SKQ202312S-IC9-Psolus peronii,70.848329,-163.2,1:01:03,Benthos,"Plumb-staff beam trawl,  2.26m opening, 7-mm mesh net, 4-mm cod end liner",Psolus peronii,Species,urn:lsid:marinespecies.org:taxname:529651,"Bell, 1883",Animalia,Echinodermata,Holothuroidea,Dendrochirotida,Psolidae,Psolus,biomass,Grams per 1000 square meter,641.572
9/26/2023,SKQ202312S-IC9,SKQ202312S-IC9-Pteraster obscurus,70.848329,-163.2,1:01:03,Benthos,"Plumb-staff beam trawl,  2.26m opening, 7-mm mesh net, 4-mm cod end liner",Pteraster obscurus,Species,urn:lsid:marinespecies.org:taxname:124149,"Perrier, 1891",Animalia,Echinodermata,Asteroidea,Velatida,Pterasteridae,Pteraster,biomass,Grams per 1000 square meter,0.17
9/26/2023,SKQ202312S-IC9,SKQ202312S-IC9-Stomphia,70.848329,-163.2,1:01:03,Benthos,"Plumb-staff beam trawl,  2.26m opening, 7-mm mesh net, 4-mm cod end liner",Stomphia,Genus,urn:lsid:marinespecies.org:taxname:100716,"Gosse, 1859",Animalia,Cnidaria,Anthozoa,Actiniaria,Actinostolidae,Stomphia,biomass,Grams per 1000 square meter,20.421
9/26/2023,SKQ202312S-IC9,SKQ202312S-IC9-Synidotea,70.848329,-163.2,1:01:03,Benthos,"Plumb-staff beam trawl,  2.26m opening, 7-mm mesh net, 4-mm cod end liner",Synidotea,Genus,urn:lsid:marinespecies.org:taxname:118456,"Harger, 1878",Animalia,Arthropoda,Malacostraca,Isopoda,Idoteidae,Synidotea,biomass,Grams per 1000 square meter,0.851
9/26/2023,SKQ202312S-IC9,SKQ202312S-IC9-Synidotea bicuspida,70.848329,-163.2,1:01:03,Benthos,"Plumb-staff beam trawl,  2.26m opening, 7-mm mesh net, 4-mm cod end liner",Synidotea bicuspida,Species,urn:lsid:marinespecies.org:taxname:156445,"Owen, 1839",Animalia,Arthropoda,Malacostraca,Isopoda,Idoteidae,Synidotea,biomass,Grams per 1000 square meter,1.702
9/26/2023,SKQ202312S-IC9,SKQ202312S-IC9-Tachyrhynchus erosus,70.848329,-163.2,1:01:03,Benthos,"Plumb-staff beam trawl,  2.26m opening, 7-mm mesh net, 4-mm cod end liner",Tachyrhynchus erosus,Species,urn:lsid:marinespecies.org:taxname:196391,"Couthouy, 1838",Animalia,Mollusca,Gastropoda,Caenogastropoda,Turritellidae,Tachyrhynchus,biomass,Grams per 1000 square meter,1.702
9/27/2023,SKQ202312S-IC5,SKQ202312S-IC5-Alcyonidium gelatinosum,71.341581,-164.62299,9:59:33,Benthos,"Plumb-staff beam trawl,  2.26m opening, 7-mm mesh net, 4-mm cod end liner",Alcyonidium gelatinosum,Species,urn:lsid:marinespecies.org:taxname:111600,"Linnaeus, 1761",Animalia,Bryozoa,Gymnolaemata,Ctenostomatida,Alcyonidiidae,Alcyonidium,biomass,Grams per 1000 square meter,5.105
9/27/2023,SKQ202312S-IC5,SKQ202312S-IC5-Anonyx,71.341581,-164.62299,9:59:33,Benthos,"Plumb-staff beam trawl,  2.26m opening, 7-mm mesh net, 4-mm cod end liner",Anonyx,Genus,urn:lsid:marinespecies.org:taxname:101592,"Krøyer, 1838",Animalia,Arthropoda,Malacostraca,Amphipoda,Uristidae,Anonyx,biomass,Grams per 1000 square meter,1.702
9/27/2023,SKQ202312S-IC5,SKQ202312S-IC5-Argis,71.341581,-164.62299,9:59:33,Benthos,"Plumb-staff beam trawl,  2.26m opening, 7-mm mesh net, 4-mm cod end liner",Argis,Genus,urn:lsid:marinespecies.org:taxname:107006,"Krøyer, 1843",Animalia,Arthropoda,Malacostraca,Decapoda,Crangonidae,Argis,biomass,Grams per 1000 square meter,30.632
9/27/2023,SKQ202312S-IC5,SKQ202312S-IC5-Boreotrophon,71.341581,-164.62299,9:59:33,Benthos,"Plumb-staff beam trawl,  2.26m opening, 7-mm mesh net, 4-mm cod end liner",Boreotrophon,Genus,urn:lsid:marinespecies.org:taxname:146731,"P. Fischer, 1884",Animalia,Mollusca,Gastropoda,Neogastropoda,Muricidae,Boreotrophon,biomass,Grams per 1000 square meter,6.807
9/27/2023,SKQ202312S-IC5,SKQ202312S-IC5-Bryozoa - hard lobed,71.341581,-164.62299,9:59:33,Benthos,"Plumb-staff beam trawl,  2.26m opening, 7-mm mesh net, 4-mm cod end liner",Bryozoa - hard lobed,Phylum,urn:lsid:marinespecies.org:taxname:146142,NA,Animalia,Bryozoa,NA,NA,NA,NA,biomass,Grams per 1000 square meter,39.141
9/27/2023,SKQ202312S-IC5,SKQ202312S-IC5-Buccinum polare,71.341581,-164.62299,9:59:33,Benthos,"Plumb-staff beam trawl,  2.26m opening, 7-mm mesh net, 4-mm cod end liner",Buccinum polare,Species,urn:lsid:marinespecies.org:taxname:138873,"Gray, 1839",Animalia,Mollusca,Gastropoda,Neogastropoda,Buccinidae,Buccinum,biomass,Grams per 1000 square meter,5.105
9/27/2023,SKQ202312S-IC5,SKQ202312S-IC5-Buccinum solenum,71.341581,-164.62299,9:59:33,Benthos,"Plumb-staff beam trawl,  2.26m opening, 7-mm mesh net, 4-mm cod end liner",Buccinum solenum,Species,urn:lsid:marinespecies.org:taxname:490864,"Mörch, 1869",Animalia,Mollusca,Gastropoda,Neogastropoda,Buccinidae,Buccinum,biomass,Grams per 1000 square meter,22.123
9/27/2023,SKQ202312S-IC5,SKQ202312S-IC5-Chionoecetes opilio,71.341581,-164.62299,9:59:33,Benthos,"Plumb-staff beam trawl,  2.26m opening, 7-mm mesh net, 4-mm cod end liner",Chionoecetes opilio,Species,urn:lsid:marinespecies.org:taxname:107315,"Fabricius, 1788",Animalia,Arthropoda,Malacostraca,Decapoda,Oregoniidae,Chionoecetes,biomass,Grams per 1000 square meter,1.702
9/27/2023,SKQ202312S-IC5,SKQ202312S-IC5-Colus pubescens,71.341581,-164.62299,9:59:33,Benthos,"Plumb-staff beam trawl,  2.26m opening, 7-mm mesh net, 4-mm cod end liner",Colus pubescens,Species,urn:lsid:marinespecies.org:taxname:160212,"A. E. Verrill, 1882",Animalia,Mollusca,Gastropoda,Neogastropoda,Colidae,Colus,biomass,Grams per 1000 square meter,5.105
9/27/2023,SKQ202312S-IC5,SKQ202312S-IC5-Crangon dalli,71.341581,-164.62299,9:59:33,Benthos,"Plumb-staff beam trawl,  2.26m opening, 7-mm mesh net, 4-mm cod end liner",Crangon dalli,Species,urn:lsid:marinespecies.org:taxname:254486,"Rathbun, 1902",Animalia,Arthropoda,Malacostraca,Decapoda,Crangonidae,Crangon,biomass,Grams per 1000 square meter,3.404
9/27/2023,SKQ202312S-IC5,SKQ202312S-IC5-Crossaster papposus,71.341581,-164.62299,9:59:33,Benthos,"Plumb-staff beam trawl,  2.26m opening, 7-mm mesh net, 4-mm cod end liner",Crossaster papposus,Species,urn:lsid:marinespecies.org:taxname:124154,"Linnaeus, 1767",Animalia,Echinodermata,Asteroidea,Valvatida,Solasteridae,Crossaster,biomass,Grams per 1000 square meter,30.632
9/27/2023,SKQ202312S-IC5,SKQ202312S-IC5-Cryptonatica affinis,71.341581,-164.62299,9:59:33,Benthos,"Plumb-staff beam trawl,  2.26m opening, 7-mm mesh net, 4-mm cod end liner",Cryptonatica affinis,Species,urn:lsid:marinespecies.org:taxname:140525,"Gmelin, 1791",Animalia,Mollusca,Gastropoda,Littorinimorpha,Ticidae,Cryptonatica,biomass,Grams per 1000 square meter,6.807
9/27/2023,SKQ202312S-IC5,SKQ202312S-IC5-Diastylis alaskensis,71.341581,-164.62299,9:59:33,Benthos,"Plumb-staff beam trawl,  2.26m opening, 7-mm mesh net, 4-mm cod end liner",Diastylis alaskensis,Species,urn:lsid:marinespecies.org:taxname:181923,"Calman, 1912",Animalia,Arthropoda,Malacostraca,Cumacea,Diastylidae,Diastylis,biomass,Grams per 1000 square meter,1.702
9/27/2023,SKQ202312S-IC5,SKQ202312S-IC5-Eualus gaimardii ,71.341581,-164.62299,9:59:33,Benthos,"Plumb-staff beam trawl,  2.26m opening, 7-mm mesh net, 4-mm cod end liner",Eualus gaimardii ,Species,urn:lsid:marinespecies.org:taxname:107504,"H. Milne Edwards, 1837",Animalia,Arthropoda,Malacostraca,Decapoda,Thoridae,Eualus,biomass,Grams per 1000 square meter,3.404
9/27/2023,SKQ202312S-IC5,SKQ202312S-IC5-Euspira pallida,71.341581,-164.62299,9:59:33,Benthos,"Plumb-staff beam trawl,  2.26m opening, 7-mm mesh net, 4-mm cod end liner",Euspira pallida,Species,urn:lsid:marinespecies.org:taxname:140536,"Broderip & G. B. Sowerby I, 1829",Animalia,Mollusca,Gastropoda,Littorinimorpha,Naticidae,Euspira,biomass,Grams per 1000 square meter,10.211
9/27/2023,SKQ202312S-IC5,SKQ202312S-IC5-Gattyana ciliata,71.341581,-164.62299,9:59:33,Benthos,"Plumb-staff beam trawl,  2.26m opening, 7-mm mesh net, 4-mm cod end liner",Gattyana ciliata,Species,urn:lsid:marinespecies.org:taxname:254456,"Moore, 1902",Animalia,Annelida,Polychaeta,Phyllodocida,Polynoidae,Gattyana,biomass,Grams per 1000 square meter,5.105
9/27/2023,SKQ202312S-IC5,SKQ202312S-IC5-Gersemia rubiformis,71.341581,-164.62299,9:59:33,Benthos,"Plumb-staff beam trawl,  2.26m opening, 7-mm mesh net, 4-mm cod end liner",Gersemia rubiformis,Species,urn:lsid:marinespecies.org:taxname:156103,"Ehrenberg, 1834",Animalia,Cnidaria,Anthozoa,Malacalcyonacea,Alcyoniidae,Gersemia,biomass,Grams per 1000 square meter,15.316
9/27/2023,SKQ202312S-IC5,SKQ202312S-IC5-Golfingia margaritacea,71.341581,-164.62299,9:59:33,Benthos,"Plumb-staff beam trawl,  2.26m opening, 7-mm mesh net, 4-mm cod end liner",Golfingia margaritacea,Species,urn:lsid:marinespecies.org:taxname:175027,"Sars, 1851",Animalia,Annelida,NA,Sipuncula,Golfingiidae,Golfingia,biomass,Grams per 1000 square meter,0.851
9/27/2023,SKQ202312S-IC5,SKQ202312S-IC5-Gorgonocephalus eucnemis,71.341581,-164.62299,9:59:33,Benthos,"Plumb-staff beam trawl,  2.26m opening, 7-mm mesh net, 4-mm cod end liner",Gorgonocephalus eucnemis,Species,urn:lsid:marinespecies.org:taxname:124969,"Müller & Troschel, 1842",Animalia,Echinodermata,Ophiuroidea,Euryalida,Gorgonocephalidae,Gorgonocephalus,biomass,Grams per 1000 square meter,103.809
9/27/2023,SKQ202312S-IC5,SKQ202312S-IC5-Hyas,71.341581,-164.62299,9:59:33,Benthos,"Plumb-staff beam trawl,  2.26m opening, 7-mm mesh net, 4-mm cod end liner",Hyas,Genus,urn:lsid:marinespecies.org:taxname:106903,"Leach, 1814",Animalia,Arthropoda,Malacostraca,Decapoda,Oregoniidae,Hyas,biomass,Grams per 1000 square meter,3.404
9/27/2023,SKQ202312S-IC5,SKQ202312S-IC5-Lafoeina maxima,71.341581,-164.62299,9:59:33,Benthos,"Plumb-staff beam trawl,  2.26m opening, 7-mm mesh net, 4-mm cod end liner",Lafoeina maxima,Species,urn:lsid:marinespecies.org:taxname:117411,"Levinsen, 1893",Animalia,Cnidaria,Hydrozoa,Leptothecata,Campanulinidae,Lafoeina,biomass,Grams per 1000 square meter,3.404
9/27/2023,SKQ202312S-IC5,SKQ202312S-IC5-Leptasterias (Hexasterias) polaris katherinae,71.341581,-164.62299,9:59:33,Benthos,"Plumb-staff beam trawl,  2.26m opening, 7-mm mesh net, 4-mm cod end liner",Leptasterias (Hexasterias) polaris katherinae,Species,urn:lsid:marinespecies.org:taxname:379157,"Gray, 1840",Animalia,Echinodermata,Asteroidea,Forcipulatida,Asteriidae,Leptasterias,biomass,Grams per 1000 square meter,85.089
9/27/2023,SKQ202312S-IC5,SKQ202312S-IC5-Leptasterias groenlandica,71.341581,-164.62299,9:59:33,Benthos,"Plumb-staff beam trawl,  2.26m opening, 7-mm mesh net, 4-mm cod end liner",Leptasterias groenlandica,Species,urn:lsid:marinespecies.org:taxname:369176,"Steenstrup in Lutken, 1857",Animalia,Echinodermata,Asteroidea,Forcipulatida,Asteriidae,Leptasterias,biomass,Grams per 1000 square meter,13.614
9/27/2023,SKQ202312S-IC5,SKQ202312S-IC5-Margarites costalis,71.341581,-164.62299,9:59:33,Benthos,"Plumb-staff beam trawl,  2.26m opening, 7-mm mesh net, 4-mm cod end liner",Margarites costalis,Species,urn:lsid:marinespecies.org:taxname:141819,"A. Gould, 1841",Animalia,Mollusca,Gastropoda,Trochida,Margaritidae,Margarites,biomass,Grams per 1000 square meter,1.702
9/27/2023,SKQ202312S-IC5,SKQ202312S-IC5-Muusoctopus sibiricus,71.341581,-164.62299,9:59:33,Benthos,"Plumb-staff beam trawl,  2.26m opening, 7-mm mesh net, 4-mm cod end liner",Muusoctopus sibiricus,Species,urn:lsid:marinespecies.org:taxname:527164,"Loyning, 1930",Animalia,Mollusca,Cephalopoda,Octopoda,Bathypolypodidae,Muusoctopus,biomass,Grams per 1000 square meter,11.912
9/27/2023,SKQ202312S-IC5,SKQ202312S-IC5-Myriotrochus rinkii,71.341581,-164.62299,9:59:33,Benthos,"Plumb-staff beam trawl,  2.26m opening, 7-mm mesh net, 4-mm cod end liner",Myriotrochus rinkii,Species,urn:lsid:marinespecies.org:taxname:124446,"Steenstrup, 1851",Animalia,Echinodermata,Holothuroidea,Apodida,Myriotrochidae,Myriotrochus,biomass,Grams per 1000 square meter,39.141
9/27/2023,SKQ202312S-IC5,SKQ202312S-IC5-Nemertea,71.341581,-164.62299,9:59:33,Benthos,"Plumb-staff beam trawl,  2.26m opening, 7-mm mesh net, 4-mm cod end liner",Nemertea,Phylum,urn:lsid:marinespecies.org:taxname:152391,NA,Animalia,Nemertea,NA,NA,NA,NA,biomass,Grams per 1000 square meter,1.702
9/27/2023,SKQ202312S-IC5,SKQ202312S-IC5-Neocrangon communis,71.341581,-164.62299,9:59:33,Benthos,"Plumb-staff beam trawl,  2.26m opening, 7-mm mesh net, 4-mm cod end liner",Neocrangon communis,Species,urn:lsid:marinespecies.org:taxname:423552,"Rathbun, 1899",Animalia,Arthropoda,Malacostraca,Decapoda,Crangonidae,Neocrangon,biomass,Grams per 1000 square meter,1.702
9/27/2023,SKQ202312S-IC5,SKQ202312S-IC5-Neptunea heros,71.341581,-164.62299,9:59:33,Benthos,"Plumb-staff beam trawl,  2.26m opening, 7-mm mesh net, 4-mm cod end liner",Neptunea heros,Species,urn:lsid:marinespecies.org:taxname:254479,"J. E. Gray, 1850",Animalia,Mollusca,Gastropoda,Neogastropoda,Buccinidae,Neptunea,biomass,Grams per 1000 square meter,5.105
9/27/2023,SKQ202312S-IC5,SKQ202312S-IC5-Onchidiopsis,71.341581,-164.62299,9:59:33,Benthos,"Plumb-staff beam trawl,  2.26m opening, 7-mm mesh net, 4-mm cod end liner",Onchidiopsis,Genus,urn:lsid:marinespecies.org:taxname:138628,"Bergh, 1853",Animalia,Mollusca,Gastropoda,Littorinimorpha,Velutinidae,Onchidiopsis,biomass,Grams per 1000 square meter,1.702
9/27/2023,SKQ202312S-IC5,SKQ202312S-IC5-Ophiura sarsii,71.341581,-164.62299,9:59:33,Benthos,"Plumb-staff beam trawl,  2.26m opening, 7-mm mesh net, 4-mm cod end liner",Ophiura sarsii,Species,urn:lsid:marinespecies.org:taxname:124934,"Lütken, 1855",Animalia,Echinodermata,Ophiuroidea,Ophiurida,Ophiuridae,Ophiura,biomass,Grams per 1000 square meter,1305.267
9/27/2023,SKQ202312S-IC5,SKQ202312S-IC5-Pagurus capillatus,71.341581,-164.62299,9:59:33,Benthos,"Plumb-staff beam trawl,  2.26m opening, 7-mm mesh net, 4-mm cod end liner",Pagurus capillatus,Species,urn:lsid:marinespecies.org:taxname:254489,"Benedict, 1892",Animalia,Arthropoda,Malacostraca,Decapoda,Paguridae,Pagurus,biomass,Grams per 1000 square meter,1.702
9/27/2023,SKQ202312S-IC5,SKQ202312S-IC5-Paramphithoe polyacantha,71.341581,-164.62299,9:59:33,Benthos,"Plumb-staff beam trawl,  2.26m opening, 7-mm mesh net, 4-mm cod end liner",Paramphithoe polyacantha,Species,urn:lsid:marinespecies.org:taxname:102154,"Murdoch, 1885",Animalia,Arthropoda,Malacostraca,Amphipoda,Paramphithoidae,Paramphithoe,biomass,Grams per 1000 square meter,1.702
9/27/2023,SKQ202312S-IC5,SKQ202312S-IC5-Phyllodoce groenlandica,71.341581,-164.62299,9:59:33,Benthos,"Plumb-staff beam trawl,  2.26m opening, 7-mm mesh net, 4-mm cod end liner",Phyllodoce groenlandica,Species,urn:lsid:marinespecies.org:taxname:334506,"Örsted, 1842",Animalia,Annelida,Polychaeta,Phyllodocida,Phyllodocidae,Phyllodoce,biomass,Grams per 1000 square meter,3.404
9/27/2023,SKQ202312S-IC5,SKQ202312S-IC5-Propebela arctica,71.341581,-164.62299,9:59:33,Benthos,"Plumb-staff beam trawl,  2.26m opening, 7-mm mesh net, 4-mm cod end liner",Propebela arctica,Species,urn:lsid:marinespecies.org:taxname:367571,"A. Adams, 1855",Animalia,Mollusca,Gastropoda,Neogastropoda,Mangeliidae,Propebela,biomass,Grams per 1000 square meter,0.17
9/27/2023,SKQ202312S-IC5,SKQ202312S-IC5-Psolus peronii,71.341581,-164.62299,9:59:33,Benthos,"Plumb-staff beam trawl,  2.26m opening, 7-mm mesh net, 4-mm cod end liner",Psolus peronii,Species,urn:lsid:marinespecies.org:taxname:529651,"Bell, 1883",Animalia,Echinodermata,Holothuroidea,Dendrochirotida,Psolidae,Psolus,biomass,Grams per 1000 square meter,229.741
9/27/2023,SKQ202312S-IC5,SKQ202312S-IC5-Pteraster obscurus,71.341581,-164.62299,9:59:33,Benthos,"Plumb-staff beam trawl,  2.26m opening, 7-mm mesh net, 4-mm cod end liner",Pteraster obscurus,Species,urn:lsid:marinespecies.org:taxname:124149,"Perrier, 1891",Animalia,Echinodermata,Asteroidea,Velatida,Pterasteridae,Pteraster,biomass,Grams per 1000 square meter,20.421
9/27/2023,SKQ202312S-IC5,SKQ202312S-IC5-Stomphia,71.341581,-164.62299,9:59:33,Benthos,"Plumb-staff beam trawl,  2.26m opening, 7-mm mesh net, 4-mm cod end liner",Stomphia,Genus,urn:lsid:marinespecies.org:taxname:100716,"Gosse, 1859",Animalia,Cnidaria,Anthozoa,Actiniaria,Actinostolidae,Stomphia,biomass,Grams per 1000 square meter,11.912
9/27/2023,SKQ202312S-IC5,SKQ202312S-IC5-Synidotea bicuspida,71.341581,-164.62299,9:59:33,Benthos,"Plumb-staff beam trawl,  2.26m opening, 7-mm mesh net, 4-mm cod end liner",Synidotea bicuspida,Species,urn:lsid:marinespecies.org:taxname:156445,"Owen, 1839",Animalia,Arthropoda,Malacostraca,Isopoda,Idoteidae,Synidotea,biomass,Grams per 1000 square meter,0.851
9/27/2023,SKQ202312S-IC5,SKQ202312S-IC5-Tachyrhynchus erosus,71.341581,-164.62299,9:59:33,Benthos,"Plumb-staff beam trawl,  2.26m opening, 7-mm mesh net, 4-mm cod end liner",Tachyrhynchus erosus,Species,urn:lsid:marinespecies.org:taxname:196391,"Couthouy, 1838",Animalia,Mollusca,Gastropoda,Caenogastropoda,Turritellidae,Tachyrhynchus,biomass,Grams per 1000 square meter,3.404
9/28/2023,SKQ202312S-IC1,SKQ202312S-IC1-Anonyx,71.82358,-165.949722,8:00:03,Benthos,"Plumb-staff beam trawl,  2.26m opening, 7-mm mesh net, 4-mm cod end liner",Anonyx,Genus,urn:lsid:marinespecies.org:taxname:101592,"Krøyer, 1838",Animalia,Arthropoda,Malacostraca,Amphipoda,Uristidae,Anonyx,biomass,Grams per 1000 square meter,3.33
9/28/2023,SKQ202312S-IC1,SKQ202312S-IC1-Argis,71.82358,-165.949722,8:00:03,Benthos,"Plumb-staff beam trawl,  2.26m opening, 7-mm mesh net, 4-mm cod end liner",Argis,Genus,urn:lsid:marinespecies.org:taxname:107006,"Krøyer, 1843",Animalia,Arthropoda,Malacostraca,Decapoda,Crangonidae,Argis,biomass,Grams per 1000 square meter,16.651
9/28/2023,SKQ202312S-IC1,SKQ202312S-IC1-Buccinum polare,71.82358,-165.949722,8:00:03,Benthos,"Plumb-staff beam trawl,  2.26m opening, 7-mm mesh net, 4-mm cod end liner",Buccinum polare,Species,urn:lsid:marinespecies.org:taxname:138873,"Gray, 1839",Animalia,Mollusca,Gastropoda,Neogastropoda,Buccinidae,Buccinum,biomass,Grams per 1000 square meter,1.665
9/28/2023,SKQ202312S-IC1,SKQ202312S-IC1-Ceradocus torelli,71.82358,-165.949722,8:00:03,Benthos,"Plumb-staff beam trawl,  2.26m opening, 7-mm mesh net, 4-mm cod end liner",Ceradocus torelli,Species,urn:lsid:marinespecies.org:taxname:535546,"Goës, 1866",Animalia,Arthropoda,Malacostraca,Amphipoda,Maeridae,Ceradocus,biomass,Grams per 1000 square meter,1.665
9/28/2023,SKQ202312S-IC1,SKQ202312S-IC1-Chionoecetes opilio,71.82358,-165.949722,8:00:03,Benthos,"Plumb-staff beam trawl,  2.26m opening, 7-mm mesh net, 4-mm cod end liner",Chionoecetes opilio,Species,urn:lsid:marinespecies.org:taxname:107315,"Fabricius, 1788",Animalia,Arthropoda,Malacostraca,Decapoda,Oregoniidae,Chionoecetes,biomass,Grams per 1000 square meter,39.962
9/28/2023,SKQ202312S-IC1,SKQ202312S-IC1-Crangon dalli,71.82358,-165.949722,8:00:03,Benthos,"Plumb-staff beam trawl,  2.26m opening, 7-mm mesh net, 4-mm cod end liner",Crangon dalli,Species,urn:lsid:marinespecies.org:taxname:254486,"Rathbun, 1902",Animalia,Arthropoda,Malacostraca,Decapoda,Crangonidae,Crangon,biomass,Grams per 1000 square meter,4.995
9/28/2023,SKQ202312S-IC1,SKQ202312S-IC1-Cryptonatica affinis,71.82358,-165.949722,8:00:03,Benthos,"Plumb-staff beam trawl,  2.26m opening, 7-mm mesh net, 4-mm cod end liner",Cryptonatica affinis,Species,urn:lsid:marinespecies.org:taxname:140525,"Gmelin, 1791",Animalia,Mollusca,Gastropoda,Littorinimorpha,Ticidae,Cryptonatica,biomass,Grams per 1000 square meter,11.655
9/28/2023,SKQ202312S-IC1,SKQ202312S-IC1-Diastylis alaskensis,71.82358,-165.949722,8:00:03,Benthos,"Plumb-staff beam trawl,  2.26m opening, 7-mm mesh net, 4-mm cod end liner",Diastylis alaskensis,Species,urn:lsid:marinespecies.org:taxname:181923,"Calman, 1912",Animalia,Arthropoda,Malacostraca,Cumacea,Diastylidae,Diastylis,biomass,Grams per 1000 square meter,0.167
9/28/2023,SKQ202312S-IC1,SKQ202312S-IC1-Eualus gaimardii ,71.82358,-165.949722,8:00:03,Benthos,"Plumb-staff beam trawl,  2.26m opening, 7-mm mesh net, 4-mm cod end liner",Eualus gaimardii ,Species,urn:lsid:marinespecies.org:taxname:107504,"H. Milne Edwards, 1837",Animalia,Arthropoda,Malacostraca,Decapoda,Thoridae,Eualus,biomass,Grams per 1000 square meter,33.301
9/28/2023,SKQ202312S-IC1,SKQ202312S-IC1-Eualus macilentus,71.82358,-165.949722,8:00:03,Benthos,"Plumb-staff beam trawl,  2.26m opening, 7-mm mesh net, 4-mm cod end liner",Eualus macilentus,Species,urn:lsid:marinespecies.org:taxname:158359,"Krøyer, 1841",Animalia,Arthropoda,Malacostraca,Decapoda,Thoridae,Eualus,biomass,Grams per 1000 square meter,18.316
9/28/2023,SKQ202312S-IC1,SKQ202312S-IC1-Gattyana amondseni,71.82358,-165.949722,8:00:03,Benthos,"Plumb-staff beam trawl,  2.26m opening, 7-mm mesh net, 4-mm cod end liner",Gattyana amondseni,Species,urn:lsid:marinespecies.org:taxname:130748,"Malmgren, 1867",Animalia,Annelida,Polychaeta,Phyllodocida,Polynoidae,Gattyana,biomass,Grams per 1000 square meter,1.665
9/28/2023,SKQ202312S-IC1,SKQ202312S-IC1-Hyas,71.82358,-165.949722,8:00:03,Benthos,"Plumb-staff beam trawl,  2.26m opening, 7-mm mesh net, 4-mm cod end liner",Hyas,Genus,urn:lsid:marinespecies.org:taxname:106903,"Leach, 1814",Animalia,Arthropoda,Malacostraca,Decapoda,Oregoniidae,Hyas,biomass,Grams per 1000 square meter,1.665
9/28/2023,SKQ202312S-IC1,SKQ202312S-IC1-Margarites costalis,71.82358,-165.949722,8:00:03,Benthos,"Plumb-staff beam trawl,  2.26m opening, 7-mm mesh net, 4-mm cod end liner",Margarites costalis,Species,urn:lsid:marinespecies.org:taxname:141819,"A. Gould, 1841",Animalia,Mollusca,Gastropoda,Trochida,Margaritidae,Margarites,biomass,Grams per 1000 square meter,3.33
9/28/2023,SKQ202312S-IC1,SKQ202312S-IC1-Myriotrochus rinkii,71.82358,-165.949722,8:00:03,Benthos,"Plumb-staff beam trawl,  2.26m opening, 7-mm mesh net, 4-mm cod end liner",Myriotrochus rinkii,Species,urn:lsid:marinespecies.org:taxname:124446,"Steenstrup, 1851",Animalia,Echinodermata,Holothuroidea,Apodida,Myriotrochidae,Myriotrochus,biomass,Grams per 1000 square meter,6.66
9/28/2023,SKQ202312S-IC1,SKQ202312S-IC1-Nemertea,71.82358,-165.949722,8:00:03,Benthos,"Plumb-staff beam trawl,  2.26m opening, 7-mm mesh net, 4-mm cod end liner",Nemertea,Phylum,urn:lsid:marinespecies.org:taxname:152391,NA,Animalia,Nemertea,NA,NA,NA,NA,biomass,Grams per 1000 square meter,1.665
9/28/2023,SKQ202312S-IC1,SKQ202312S-IC1-Nymphon,71.82358,-165.949722,8:00:03,Benthos,"Plumb-staff beam trawl,  2.26m opening, 7-mm mesh net, 4-mm cod end liner",Nymphon,Genus,urn:lsid:marinespecies.org:taxname:134591,"Fabricius, 1794",Animalia,Arthropoda,Pycnogonida,Pantopoda,Nymphonidae,Nymphon,biomass,Grams per 1000 square meter,0.167
9/28/2023,SKQ202312S-IC1,SKQ202312S-IC1-Onchidiopsis,71.82358,-165.949722,8:00:03,Benthos,"Plumb-staff beam trawl,  2.26m opening, 7-mm mesh net, 4-mm cod end liner",Onchidiopsis,Genus,urn:lsid:marinespecies.org:taxname:138628,"Bergh, 1853",Animalia,Mollusca,Gastropoda,Littorinimorpha,Velutinidae,Onchidiopsis,biomass,Grams per 1000 square meter,14.986
9/28/2023,SKQ202312S-IC1,SKQ202312S-IC1-Ophiura robusta,71.82358,-165.949722,8:00:03,Benthos,"Plumb-staff beam trawl,  2.26m opening, 7-mm mesh net, 4-mm cod end liner",Ophiura robusta,Species,urn:lsid:marinespecies.org:taxname:124933,"Ayres, 1852",Animalia,Echinodermata,Ophiuroidea,Ophiurida,Ophiuridae,Ophiura,biomass,Grams per 1000 square meter,1.665
9/28/2023,SKQ202312S-IC1,SKQ202312S-IC1-Ophiura sarsii,71.82358,-165.949722,8:00:03,Benthos,"Plumb-staff beam trawl,  2.26m opening, 7-mm mesh net, 4-mm cod end liner",Ophiura sarsii,Species,urn:lsid:marinespecies.org:taxname:124934,"Lütken, 1855",Animalia,Echinodermata,Ophiuroidea,Ophiurida,Ophiuridae,Ophiura,biomass,Grams per 1000 square meter,141.531
9/28/2023,SKQ202312S-IC1,SKQ202312S-IC1-Pagurus capillatus,71.82358,-165.949722,8:00:03,Benthos,"Plumb-staff beam trawl,  2.26m opening, 7-mm mesh net, 4-mm cod end liner",Pagurus capillatus,Species,urn:lsid:marinespecies.org:taxname:254489,"Benedict, 1892",Animalia,Arthropoda,Malacostraca,Decapoda,Paguridae,Pagurus,biomass,Grams per 1000 square meter,16.651
9/28/2023,SKQ202312S-IC1,SKQ202312S-IC1-Polychaeta,71.82358,-165.949722,8:00:03,Benthos,"Plumb-staff beam trawl,  2.26m opening, 7-mm mesh net, 4-mm cod end liner",Polychaeta,Class,urn:lsid:marinespecies.org:taxname:883,"Grube, 1850",Animalia,Annelida,Polychaeta,NA,NA,NA,biomass,Grams per 1000 square meter,6.66
9/28/2023,SKQ202312S-IC1,SKQ202312S-IC1-Serripes groenlandicus,71.82358,-165.949722,8:00:03,Benthos,"Plumb-staff beam trawl,  2.26m opening, 7-mm mesh net, 4-mm cod end liner",Serripes groenlandicus,Species,urn:lsid:marinespecies.org:taxname:582749,"Mohr, 1786",Animalia,Mollusca,Bivalvia,Cardiida,Cardiidae,Serripes,biomass,Grams per 1000 square meter,0.167
9/28/2023,SKQ202312S-IC1,SKQ202312S-IC1-Synidotea,71.82358,-165.949722,8:00:03,Benthos,"Plumb-staff beam trawl,  2.26m opening, 7-mm mesh net, 4-mm cod end liner",Synidotea,Genus,urn:lsid:marinespecies.org:taxname:118456,"Harger, 1878",Animalia,Arthropoda,Malacostraca,Isopoda,Idoteidae,Synidotea,biomass,Grams per 1000 square meter,0.167
9/28/2023,SKQ202312S-IC1,SKQ202312S-IC1-Tachyrhynchus erosus,71.82358,-165.949722,8:00:03,Benthos,"Plumb-staff beam trawl,  2.26m opening, 7-mm mesh net, 4-mm cod end liner",Tachyrhynchus erosus,Species,urn:lsid:marinespecies.org:taxname:196391,"Couthouy, 1838",Animalia,Mollusca,Gastropoda,Caenogastropoda,Turritellidae,Tachyrhynchus,biomass,Grams per 1000 square meter,0.167
9/29/2023,SKQ202312S-DBO3.6,SKQ202312S-DBO3.6-Actiniaria,67.891396,-168.228429,6:26:03,Benthos,"Plumb-staff beam trawl,  2.26m opening, 7-mm mesh net, 4-mm cod end liner",Actiniaria,Order,urn:lsid:marinespecies.org:taxname:1360,"Hertwig, 1882",Animalia,Cnidaria,Anthozoa,Actiniaria,NA,NA,biomass,Grams per 1000 square meter,554.26
9/29/2023,SKQ202312S-DBO3.6,SKQ202312S-DBO3.6-Amphipoda,67.891396,-168.228429,6:26:03,Benthos,"Plumb-staff beam trawl,  2.26m opening, 7-mm mesh net, 4-mm cod end liner",Amphipoda,Order,urn:lsid:marinespecies.org:taxname:1135,"Latreille, 1816",Animalia,Arthropoda,Malacostraca,Amphipoda,NA,NA,biomass,Grams per 1000 square meter,3.339
9/29/2023,SKQ202312S-DBO3.6,SKQ202312S-DBO3.6-Anomalisipho martensi,67.891396,-168.228429,6:26:03,Benthos,"Plumb-staff beam trawl,  2.26m opening, 7-mm mesh net, 4-mm cod end liner",Anomalisipho martensi,Species,urn:lsid:marinespecies.org:taxname:821662,"A. Krause, 1885",Animalia,Mollusca,Gastropoda,Neogastropoda,Buccinidae,Anomalisipho,biomass,Grams per 1000 square meter,43.406
9/29/2023,SKQ202312S-DBO3.6,SKQ202312S-DBO3.6-Anonyx,67.891396,-168.228429,6:26:03,Benthos,"Plumb-staff beam trawl,  2.26m opening, 7-mm mesh net, 4-mm cod end liner",Anonyx,Genus,urn:lsid:marinespecies.org:taxname:101592,"Krøyer, 1838",Animalia,Arthropoda,Malacostraca,Amphipoda,Uristidae,Anonyx,biomass,Grams per 1000 square meter,6.678
9/29/2023,SKQ202312S-DBO3.6,SKQ202312S-DBO3.6-Argis,67.891396,-168.228429,6:26:03,Benthos,"Plumb-staff beam trawl,  2.26m opening, 7-mm mesh net, 4-mm cod end liner",Argis,Genus,urn:lsid:marinespecies.org:taxname:107006,"Krøyer, 1843",Animalia,Arthropoda,Malacostraca,Decapoda,Crangonidae,Argis,biomass,Grams per 1000 square meter,20.033
9/29/2023,SKQ202312S-DBO3.6,SKQ202312S-DBO3.6-Brada villosa,67.891396,-168.228429,6:26:03,Benthos,"Plumb-staff beam trawl,  2.26m opening, 7-mm mesh net, 4-mm cod end liner",Brada villosa,Species,urn:lsid:marinespecies.org:taxname:1355594,"Rathke, 1843",Animalia,Annelida,Polychaeta,Terebellida,Flabelligeridae,Brada,biomass,Grams per 1000 square meter,43.406
9/29/2023,SKQ202312S-DBO3.6,SKQ202312S-DBO3.6-Buccinum polare,67.891396,-168.228429,6:26:03,Benthos,"Plumb-staff beam trawl,  2.26m opening, 7-mm mesh net, 4-mm cod end liner",Buccinum polare,Species,urn:lsid:marinespecies.org:taxname:138873,"Gray, 1839",Animalia,Mollusca,Gastropoda,Neogastropoda,Buccinidae,Buccinum,biomass,Grams per 1000 square meter,86.812
9/29/2023,SKQ202312S-DBO3.6,SKQ202312S-DBO3.6-Chionoecetes opilio,67.891396,-168.228429,6:26:03,Benthos,"Plumb-staff beam trawl,  2.26m opening, 7-mm mesh net, 4-mm cod end liner",Chionoecetes opilio,Species,urn:lsid:marinespecies.org:taxname:107315,"Fabricius, 1788",Animalia,Arthropoda,Malacostraca,Decapoda,Oregoniidae,Chionoecetes,biomass,Grams per 1000 square meter,1893.165
9/29/2023,SKQ202312S-DBO3.6,SKQ202312S-DBO3.6-Cistenides hyperborea,67.891396,-168.228429,6:26:03,Benthos,"Plumb-staff beam trawl,  2.26m opening, 7-mm mesh net, 4-mm cod end liner",Cistenides hyperborea,Species,urn:lsid:marinespecies.org:taxname:157317,"Malmgren, 1866",Animalia,Annelida,Polychaeta,Terebellida,Pectiriidae,Cistenides,biomass,Grams per 1000 square meter,120.201
9/29/2023,SKQ202312S-DBO3.6,SKQ202312S-DBO3.6-Crangon dalli,67.891396,-168.228429,6:26:03,Benthos,"Plumb-staff beam trawl,  2.26m opening, 7-mm mesh net, 4-mm cod end liner",Crangon dalli,Species,urn:lsid:marinespecies.org:taxname:254486,"Rathbun, 1902",Animalia,Arthropoda,Malacostraca,Decapoda,Crangonidae,Crangon,biomass,Grams per 1000 square meter,3.339
9/29/2023,SKQ202312S-DBO3.6,SKQ202312S-DBO3.6-Cryptonatica affinis,67.891396,-168.228429,6:26:03,Benthos,"Plumb-staff beam trawl,  2.26m opening, 7-mm mesh net, 4-mm cod end liner",Cryptonatica affinis,Species,urn:lsid:marinespecies.org:taxname:140525,"Gmelin, 1791",Animalia,Mollusca,Gastropoda,Littorinimorpha,Ticidae,Cryptonatica,biomass,Grams per 1000 square meter,120.201
9/29/2023,SKQ202312S-DBO3.6,SKQ202312S-DBO3.6-Eualus,67.891396,-168.228429,6:26:03,Benthos,"Plumb-staff beam trawl,  2.26m opening, 7-mm mesh net, 4-mm cod end liner",Eualus,Genus,urn:lsid:marinespecies.org:taxname:106986,"Thallwitz, 1891",Animalia,Arthropoda,Malacostraca,Decapoda,Thoridae,Eualus,biomass,Grams per 1000 square meter,23.372
9/29/2023,SKQ202312S-DBO3.6,SKQ202312S-DBO3.6-Eualus gaimardii ,67.891396,-168.228429,6:26:03,Benthos,"Plumb-staff beam trawl,  2.26m opening, 7-mm mesh net, 4-mm cod end liner",Eualus gaimardii ,Species,urn:lsid:marinespecies.org:taxname:107504,"H. Milne Edwards, 1837",Animalia,Arthropoda,Malacostraca,Decapoda,Thoridae,Eualus,biomass,Grams per 1000 square meter,31.72
9/29/2023,SKQ202312S-DBO3.6,SKQ202312S-DBO3.6-Eualus macilentus,67.891396,-168.228429,6:26:03,Benthos,"Plumb-staff beam trawl,  2.26m opening, 7-mm mesh net, 4-mm cod end liner",Eualus macilentus,Species,urn:lsid:marinespecies.org:taxname:158359,"Krøyer, 1841",Animalia,Arthropoda,Malacostraca,Decapoda,Thoridae,Eualus,biomass,Grams per 1000 square meter,18.364
9/29/2023,SKQ202312S-DBO3.6,SKQ202312S-DBO3.6-Euspira pallida,67.891396,-168.228429,6:26:03,Benthos,"Plumb-staff beam trawl,  2.26m opening, 7-mm mesh net, 4-mm cod end liner",Euspira pallida,Species,urn:lsid:marinespecies.org:taxname:140536,"Broderip & G. B. Sowerby I, 1829",Animalia,Mollusca,Gastropoda,Littorinimorpha,Naticidae,Euspira,biomass,Grams per 1000 square meter,6.678
9/29/2023,SKQ202312S-DBO3.6,SKQ202312S-DBO3.6-Gattyana amondseni,67.891396,-168.228429,6:26:03,Benthos,"Plumb-staff beam trawl,  2.26m opening, 7-mm mesh net, 4-mm cod end liner",Gattyana amondseni,Species,urn:lsid:marinespecies.org:taxname:130748,"Malmgren, 1867",Animalia,Annelida,Polychaeta,Phyllodocida,Polynoidae,Gattyana,biomass,Grams per 1000 square meter,16.695
9/29/2023,SKQ202312S-DBO3.6,SKQ202312S-DBO3.6-Harmothoe imbricata,67.891396,-168.228429,6:26:03,Benthos,"Plumb-staff beam trawl,  2.26m opening, 7-mm mesh net, 4-mm cod end liner",Harmothoe imbricata,Species,urn:lsid:marinespecies.org:taxname:130769,"Linnaeus, 1767",Animalia,Annelida,Polychaeta,Phyllodocida,Polynoidae,Harmothoe,biomass,Grams per 1000 square meter,10.017
9/29/2023,SKQ202312S-DBO3.6,SKQ202312S-DBO3.6-Hyas coarctatus,67.891396,-168.228429,6:26:03,Benthos,"Plumb-staff beam trawl,  2.26m opening, 7-mm mesh net, 4-mm cod end liner",Hyas coarctatus,Species,urn:lsid:marinespecies.org:taxname:107323,"Leach, 1815",Animalia,Arthropoda,Malacostraca,Decapoda,Oregoniidae,Hyas,biomass,Grams per 1000 square meter,30.05
9/29/2023,SKQ202312S-DBO3.6,SKQ202312S-DBO3.6-Latisipho hypolispus,67.891396,-168.228429,6:26:03,Benthos,"Plumb-staff beam trawl,  2.26m opening, 7-mm mesh net, 4-mm cod end liner",Latisipho hypolispus,Species,urn:lsid:marinespecies.org:taxname:491062,"Dall, 1891",Animalia,Mollusca,Gastropoda,Neogastropoda,Buccinidae,Latisipho,biomass,Grams per 1000 square meter,60.1
9/29/2023,SKQ202312S-DBO3.6,SKQ202312S-DBO3.6-Leptasterias (Hexasterias) polaris katherinae,67.891396,-168.228429,6:26:03,Benthos,"Plumb-staff beam trawl,  2.26m opening, 7-mm mesh net, 4-mm cod end liner",Leptasterias (Hexasterias) polaris katherinae,Species,urn:lsid:marinespecies.org:taxname:379157,"Gray, 1840",Animalia,Echinodermata,Asteroidea,Forcipulatida,Asteriidae,Leptasterias,biomass,Grams per 1000 square meter,1666.119
9/29/2023,SKQ202312S-DBO3.6,SKQ202312S-DBO3.6-Leptasterias arctica,67.891396,-168.228429,6:26:03,Benthos,"Plumb-staff beam trawl,  2.26m opening, 7-mm mesh net, 4-mm cod end liner",Leptasterias arctica,Species,urn:lsid:marinespecies.org:taxname:369158,"Murdoch, 1885",Animalia,Echinodermata,Asteroidea,Forcipulatida,Asteriidae,Leptasterias,biomass,Grams per 1000 square meter,66.778
9/29/2023,SKQ202312S-DBO3.6,SKQ202312S-DBO3.6-Leptasterias groenlandica,67.891396,-168.228429,6:26:03,Benthos,"Plumb-staff beam trawl,  2.26m opening, 7-mm mesh net, 4-mm cod end liner",Leptasterias groenlandica,Species,urn:lsid:marinespecies.org:taxname:369176,"Steenstrup in Lutken, 1857",Animalia,Echinodermata,Asteroidea,Forcipulatida,Asteriidae,Leptasterias,biomass,Grams per 1000 square meter,217.03
9/29/2023,SKQ202312S-DBO3.6,SKQ202312S-DBO3.6-Neoiphinoe coronata,67.891396,-168.228429,6:26:03,Benthos,"Plumb-staff beam trawl,  2.26m opening, 7-mm mesh net, 4-mm cod end liner",Neoiphinoe coronata,Species,urn:lsid:marinespecies.org:taxname:576321,"A. Gould, 1860",Animalia,Mollusca,Gastropoda,Littorinimorpha,Capulidae,Neoiphinoe,biomass,Grams per 1000 square meter,20.033
9/29/2023,SKQ202312S-DBO3.6,SKQ202312S-DBO3.6-Neptunea heros,67.891396,-168.228429,6:26:03,Benthos,"Plumb-staff beam trawl,  2.26m opening, 7-mm mesh net, 4-mm cod end liner",Neptunea heros,Species,urn:lsid:marinespecies.org:taxname:254479,"J. E. Gray, 1850",Animalia,Mollusca,Gastropoda,Neogastropoda,Buccinidae,Neptunea,biomass,Grams per 1000 square meter,176.963
9/29/2023,SKQ202312S-DBO3.6,SKQ202312S-DBO3.6-Onisimus,67.891396,-168.228429,6:26:03,Benthos,"Plumb-staff beam trawl,  2.26m opening, 7-mm mesh net, 4-mm cod end liner",Onisimus,Genus,urn:lsid:marinespecies.org:taxname:101631,"Boeck, 1871",Animalia,Arthropoda,Malacostraca,Amphipoda,Uristidae,Onisimus,biomass,Grams per 1000 square meter,3.339
9/29/2023,SKQ202312S-DBO3.6,SKQ202312S-DBO3.6-Ophiura sarsii,67.891396,-168.228429,6:26:03,Benthos,"Plumb-staff beam trawl,  2.26m opening, 7-mm mesh net, 4-mm cod end liner",Ophiura sarsii,Species,urn:lsid:marinespecies.org:taxname:124934,"Lütken, 1855",Animalia,Echinodermata,Ophiuroidea,Ophiurida,Ophiuridae,Ophiura,biomass,Grams per 1000 square meter,3973.31
9/29/2023,SKQ202312S-DBO3.6,SKQ202312S-DBO3.6-Pagurus capillatus,67.891396,-168.228429,6:26:03,Benthos,"Plumb-staff beam trawl,  2.26m opening, 7-mm mesh net, 4-mm cod end liner",Pagurus capillatus,Species,urn:lsid:marinespecies.org:taxname:254489,"Benedict, 1892",Animalia,Arthropoda,Malacostraca,Decapoda,Paguridae,Pagurus,biomass,Grams per 1000 square meter,180.301
9/29/2023,SKQ202312S-DBO3.6,SKQ202312S-DBO3.6-Pagurus trigonocheirus,67.891396,-168.228429,6:26:03,Benthos,"Plumb-staff beam trawl,  2.26m opening, 7-mm mesh net, 4-mm cod end liner",Pagurus trigonocheirus,Species,urn:lsid:marinespecies.org:taxname:254490,"Stimpson, 1858",Animalia,Arthropoda,Malacostraca,Decapoda,Paguridae,Pagurus,biomass,Grams per 1000 square meter,40.067
9/29/2023,SKQ202312S-DBO3.6,SKQ202312S-DBO3.6-Quasimelita formosa,67.891396,-168.228429,6:26:03,Benthos,"Plumb-staff beam trawl,  2.26m opening, 7-mm mesh net, 4-mm cod end liner",Quasimelita formosa,Species,urn:lsid:marinespecies.org:taxname:423709,"Murdoch, 1885",Animalia,Arthropoda,Malacostraca,Amphipoda,Melitidae,Quasimelita,biomass,Grams per 1000 square meter,13.356
9/29/2023,SKQ202312S-DBO3.6,SKQ202312S-DBO3.6-Serripes groenlandicus,67.891396,-168.228429,6:26:03,Benthos,"Plumb-staff beam trawl,  2.26m opening, 7-mm mesh net, 4-mm cod end liner",Serripes groenlandicus,Species,urn:lsid:marinespecies.org:taxname:582749,"Mohr, 1786",Animalia,Mollusca,Bivalvia,Cardiida,Cardiidae,Serripes,biomass,Grams per 1000 square meter,6.678
9/29/2023,SKQ202312S-DBO3.6,SKQ202312S-DBO3.6-Spirontocaris,67.891396,-168.228429,6:26:03,Benthos,"Plumb-staff beam trawl,  2.26m opening, 7-mm mesh net, 4-mm cod end liner",Spirontocaris,Genus,urn:lsid:marinespecies.org:taxname:106994,"Spence Bate, 1888",Animalia,Arthropoda,Malacostraca,Decapoda,Thoridae,Spirontocaris,biomass,Grams per 1000 square meter,3.339
9/29/2023,SKQ202312S-DBO3.6,SKQ202312S-DBO3.6-Stegocephalidae,67.891396,-168.228429,6:26:03,Benthos,"Plumb-staff beam trawl,  2.26m opening, 7-mm mesh net, 4-mm cod end liner",Stegocephalidae,Family,urn:lsid:marinespecies.org:taxname:101408,"Dana, 1852",Animalia,Arthropoda,Malacostraca,Amphipoda,Stegocephalidae,NA,biomass,Grams per 1000 square meter,6.678
9/29/2023,SKQ202312S-DBO3.6,SKQ202312S-DBO3.6-Stomphia,67.891396,-168.228429,6:26:03,Benthos,"Plumb-staff beam trawl,  2.26m opening, 7-mm mesh net, 4-mm cod end liner",Stomphia,Genus,urn:lsid:marinespecies.org:taxname:100716,"Gosse, 1859",Animalia,Cnidaria,Anthozoa,Actiniaria,Actinostolidae,Stomphia,biomass,Grams per 1000 square meter,3919.888
9/29/2023,SKQ202312S-DBO3.6,SKQ202312S-DBO3.6-Synidotea,67.891396,-168.228429,6:26:03,Benthos,"Plumb-staff beam trawl,  2.26m opening, 7-mm mesh net, 4-mm cod end liner",Synidotea,Genus,urn:lsid:marinespecies.org:taxname:118456,"Harger, 1878",Animalia,Arthropoda,Malacostraca,Isopoda,Idoteidae,Synidotea,biomass,Grams per 1000 square meter,0.334
9/29/2023,SKQ202312S-DBO3.6,SKQ202312S-DBO3.6-Tachyrhynchus erosus,67.891396,-168.228429,6:26:03,Benthos,"Plumb-staff beam trawl,  2.26m opening, 7-mm mesh net, 4-mm cod end liner",Tachyrhynchus erosus,Species,urn:lsid:marinespecies.org:taxname:196391,"Couthouy, 1838",Animalia,Mollusca,Gastropoda,Caenogastropoda,Turritellidae,Tachyrhynchus,biomass,Grams per 1000 square meter,16.695
9/29/2023,SKQ202312S-DBO3.8,SKQ202312S-DBO3.8-Actiniaria,67.672017,-168.953017,23:50:18,Benthos,"Plumb-staff beam trawl,  2.26m opening, 7-mm mesh net, 4-mm cod end liner",Actiniaria,Order,urn:lsid:marinespecies.org:taxname:1360,"Hertwig, 1882",Animalia,Cnidaria,Anthozoa,Actiniaria,NA,NA,biomass,Grams per 1000 square meter,166.901
9/29/2023,SKQ202312S-DBO3.8,SKQ202312S-DBO3.8-Ampharetidae,67.672017,-168.953017,23:50:18,Benthos,"Plumb-staff beam trawl,  2.26m opening, 7-mm mesh net, 4-mm cod end liner",Ampharetidae,Family,urn:lsid:marinespecies.org:taxname:981,"Malmgren, 1866",Animalia,Annelida,Polychaeta,Terebellida,Ampharetidae,NA,biomass,Grams per 1000 square meter,3.589
9/29/2023,SKQ202312S-DBO3.8,SKQ202312S-DBO3.8-Anonyx,67.672017,-168.953017,23:50:18,Benthos,"Plumb-staff beam trawl,  2.26m opening, 7-mm mesh net, 4-mm cod end liner",Anonyx,Genus,urn:lsid:marinespecies.org:taxname:101592,"Krøyer, 1838",Animalia,Arthropoda,Malacostraca,Amphipoda,Uristidae,Anonyx,biomass,Grams per 1000 square meter,3.589
9/29/2023,SKQ202312S-DBO3.8,SKQ202312S-DBO3.8-Argis,67.672017,-168.953017,23:50:18,Benthos,"Plumb-staff beam trawl,  2.26m opening, 7-mm mesh net, 4-mm cod end liner",Argis,Genus,urn:lsid:marinespecies.org:taxname:107006,"Krøyer, 1843",Animalia,Arthropoda,Malacostraca,Decapoda,Crangonidae,Argis,biomass,Grams per 1000 square meter,35.893
9/29/2023,SKQ202312S-DBO3.8,SKQ202312S-DBO3.8-Arrhis luthkei,67.672017,-168.953017,23:50:18,Benthos,"Plumb-staff beam trawl,  2.26m opening, 7-mm mesh net, 4-mm cod end liner",Arrhis luthkei,Species,urn:lsid:marinespecies.org:taxname:423163,"Gurjanova, 1936",Animalia,Arthropoda,Malacostraca,Amphipoda,Oedicerotidae,Arrhis,biomass,Grams per 1000 square meter,1.795
9/29/2023,SKQ202312S-DBO3.8,SKQ202312S-DBO3.8-Balanus crenatus,67.672017,-168.953017,23:50:18,Benthos,"Plumb-staff beam trawl,  2.26m opening, 7-mm mesh net, 4-mm cod end liner",Balanus crenatus,Species,urn:lsid:marinespecies.org:taxname:106215,"Bruguière, 1789",Animalia,Arthropoda,Thecostraca,Balanomorpha,Balanidae,Balanus,biomass,Grams per 1000 square meter,5.384
9/29/2023,SKQ202312S-DBO3.8,SKQ202312S-DBO3.8-Buccinum polare,67.672017,-168.953017,23:50:18,Benthos,"Plumb-staff beam trawl,  2.26m opening, 7-mm mesh net, 4-mm cod end liner",Buccinum polare,Species,urn:lsid:marinespecies.org:taxname:138873,"Gray, 1839",Animalia,Mollusca,Gastropoda,Neogastropoda,Buccinidae,Buccinum,biomass,Grams per 1000 square meter,62.812
9/29/2023,SKQ202312S-DBO3.8,SKQ202312S-DBO3.8-Buccinum scalariforme,67.672017,-168.953017,23:50:18,Benthos,"Plumb-staff beam trawl,  2.26m opening, 7-mm mesh net, 4-mm cod end liner",Buccinum scalariforme,Species,urn:lsid:marinespecies.org:taxname:138875,"Møller, 1842",Animalia,Mollusca,Gastropoda,Neogastropoda,Buccinidae,Buccinum,biomass,Grams per 1000 square meter,30.509
9/29/2023,SKQ202312S-DBO3.8,SKQ202312S-DBO3.8-Buccinum solenum,67.672017,-168.953017,23:50:18,Benthos,"Plumb-staff beam trawl,  2.26m opening, 7-mm mesh net, 4-mm cod end liner",Buccinum solenum,Species,urn:lsid:marinespecies.org:taxname:490864,"Mörch, 1869",Animalia,Mollusca,Gastropoda,Neogastropoda,Buccinidae,Buccinum,biomass,Grams per 1000 square meter,77.169
9/29/2023,SKQ202312S-DBO3.8,SKQ202312S-DBO3.8-Chionoecetes opilio,67.672017,-168.953017,23:50:18,Benthos,"Plumb-staff beam trawl,  2.26m opening, 7-mm mesh net, 4-mm cod end liner",Chionoecetes opilio,Species,urn:lsid:marinespecies.org:taxname:107315,"Fabricius, 1788",Animalia,Arthropoda,Malacostraca,Decapoda,Oregoniidae,Chionoecetes,biomass,Grams per 1000 square meter,1887.956
9/29/2023,SKQ202312S-DBO3.8,SKQ202312S-DBO3.8-Cistenides hyperborea,67.672017,-168.953017,23:50:18,Benthos,"Plumb-staff beam trawl,  2.26m opening, 7-mm mesh net, 4-mm cod end liner",Cistenides hyperborea,Species,urn:lsid:marinespecies.org:taxname:157317,"Malmgren, 1866",Animalia,Annelida,Polychaeta,Terebellida,Pectiriidae,Cistenides,biomass,Grams per 1000 square meter,3.589
9/29/2023,SKQ202312S-DBO3.8,SKQ202312S-DBO3.8-Crangon dalli,67.672017,-168.953017,23:50:18,Benthos,"Plumb-staff beam trawl,  2.26m opening, 7-mm mesh net, 4-mm cod end liner",Crangon dalli,Species,urn:lsid:marinespecies.org:taxname:254486,"Rathbun, 1902",Animalia,Arthropoda,Malacostraca,Decapoda,Crangonidae,Crangon,biomass,Grams per 1000 square meter,3.589
9/29/2023,SKQ202312S-DBO3.8,SKQ202312S-DBO3.8-Cryptonatica affinis,67.672017,-168.953017,23:50:18,Benthos,"Plumb-staff beam trawl,  2.26m opening, 7-mm mesh net, 4-mm cod end liner",Cryptonatica affinis,Species,urn:lsid:marinespecies.org:taxname:140525,"Gmelin, 1791",Animalia,Mollusca,Gastropoda,Littorinimorpha,Ticidae,Cryptonatica,biomass,Grams per 1000 square meter,671.193
9/29/2023,SKQ202312S-DBO3.8,SKQ202312S-DBO3.8-Eualus,67.672017,-168.953017,23:50:18,Benthos,"Plumb-staff beam trawl,  2.26m opening, 7-mm mesh net, 4-mm cod end liner",Eualus,Genus,urn:lsid:marinespecies.org:taxname:106986,"Thallwitz, 1891",Animalia,Arthropoda,Malacostraca,Decapoda,Thoridae,Eualus,biomass,Grams per 1000 square meter,8.973
9/29/2023,SKQ202312S-DBO3.8,SKQ202312S-DBO3.8-Eualus gaimardii ,67.672017,-168.953017,23:50:18,Benthos,"Plumb-staff beam trawl,  2.26m opening, 7-mm mesh net, 4-mm cod end liner",Eualus gaimardii ,Species,urn:lsid:marinespecies.org:taxname:107504,"H. Milne Edwards, 1837",Animalia,Arthropoda,Malacostraca,Decapoda,Thoridae,Eualus,biomass,Grams per 1000 square meter,16.152
9/29/2023,SKQ202312S-DBO3.8,SKQ202312S-DBO3.8-Eualus macilentus,67.672017,-168.953017,23:50:18,Benthos,"Plumb-staff beam trawl,  2.26m opening, 7-mm mesh net, 4-mm cod end liner",Eualus macilentus,Species,urn:lsid:marinespecies.org:taxname:158359,"Krøyer, 1841",Animalia,Arthropoda,Malacostraca,Decapoda,Thoridae,Eualus,biomass,Grams per 1000 square meter,10.768
9/29/2023,SKQ202312S-DBO3.8,SKQ202312S-DBO3.8-Euspira pallida,67.672017,-168.953017,23:50:18,Benthos,"Plumb-staff beam trawl,  2.26m opening, 7-mm mesh net, 4-mm cod end liner",Euspira pallida,Species,urn:lsid:marinespecies.org:taxname:140536,"Broderip & G. B. Sowerby I, 1829",Animalia,Mollusca,Gastropoda,Littorinimorpha,Naticidae,Euspira,biomass,Grams per 1000 square meter,1.795
9/29/2023,SKQ202312S-DBO3.8,SKQ202312S-DBO3.8-Harmothoe imbricata,67.672017,-168.953017,23:50:18,Benthos,"Plumb-staff beam trawl,  2.26m opening, 7-mm mesh net, 4-mm cod end liner",Harmothoe imbricata,Species,urn:lsid:marinespecies.org:taxname:130769,"Linnaeus, 1767",Animalia,Annelida,Polychaeta,Phyllodocida,Polynoidae,Harmothoe,biomass,Grams per 1000 square meter,1.795
9/29/2023,SKQ202312S-DBO3.8,SKQ202312S-DBO3.8-Hyas coarctatus,67.672017,-168.953017,23:50:18,Benthos,"Plumb-staff beam trawl,  2.26m opening, 7-mm mesh net, 4-mm cod end liner",Hyas coarctatus,Species,urn:lsid:marinespecies.org:taxname:107323,"Leach, 1815",Animalia,Arthropoda,Malacostraca,Decapoda,Oregoniidae,Hyas,biomass,Grams per 1000 square meter,14.357
9/29/2023,SKQ202312S-DBO3.8,SKQ202312S-DBO3.8-Labidochirus splendescens,67.672017,-168.953017,23:50:18,Benthos,"Plumb-staff beam trawl,  2.26m opening, 7-mm mesh net, 4-mm cod end liner",Labidochirus splendescens,Species,urn:lsid:marinespecies.org:taxname:248348,"Owen, 1839",Animalia,Arthropoda,Malacostraca,Decapoda,Paguridae,Labidochirus,biomass,Grams per 1000 square meter,35.893
9/29/2023,SKQ202312S-DBO3.8,SKQ202312S-DBO3.8-Leptasterias (Hexasterias) polaris katherinae,67.672017,-168.953017,23:50:18,Benthos,"Plumb-staff beam trawl,  2.26m opening, 7-mm mesh net, 4-mm cod end liner",Leptasterias (Hexasterias) polaris katherinae,Species,urn:lsid:marinespecies.org:taxname:379157,"Gray, 1840",Animalia,Echinodermata,Asteroidea,Forcipulatida,Asteriidae,Leptasterias,biomass,Grams per 1000 square meter,665.809
9/29/2023,SKQ202312S-DBO3.8,SKQ202312S-DBO3.8-Leptasterias groenlandica,67.672017,-168.953017,23:50:18,Benthos,"Plumb-staff beam trawl,  2.26m opening, 7-mm mesh net, 4-mm cod end liner",Leptasterias groenlandica,Species,urn:lsid:marinespecies.org:taxname:369176,"Steenstrup in Lutken, 1857",Animalia,Echinodermata,Asteroidea,Forcipulatida,Asteriidae,Leptasterias,biomass,Grams per 1000 square meter,312.266
9/29/2023,SKQ202312S-DBO3.8,SKQ202312S-DBO3.8-Myriotrochus rinkii,67.672017,-168.953017,23:50:18,Benthos,"Plumb-staff beam trawl,  2.26m opening, 7-mm mesh net, 4-mm cod end liner",Myriotrochus rinkii,Species,urn:lsid:marinespecies.org:taxname:124446,"Steenstrup, 1851",Animalia,Echinodermata,Holothuroidea,Apodida,Myriotrochidae,Myriotrochus,biomass,Grams per 1000 square meter,1.795
9/29/2023,SKQ202312S-DBO3.8,SKQ202312S-DBO3.8-Nemertea,67.672017,-168.953017,23:50:18,Benthos,"Plumb-staff beam trawl,  2.26m opening, 7-mm mesh net, 4-mm cod end liner",Nemertea,Phylum,urn:lsid:marinespecies.org:taxname:152391,NA,Animalia,Nemertea,NA,NA,NA,NA,biomass,Grams per 1000 square meter,30.509
9/29/2023,SKQ202312S-DBO3.8,SKQ202312S-DBO3.8-Nymphon,67.672017,-168.953017,23:50:18,Benthos,"Plumb-staff beam trawl,  2.26m opening, 7-mm mesh net, 4-mm cod end liner",Nymphon,Genus,urn:lsid:marinespecies.org:taxname:134591,"Fabricius, 1794",Animalia,Arthropoda,Pycnogonida,Pantopoda,Nymphonidae,Nymphon,biomass,Grams per 1000 square meter,0.179
9/29/2023,SKQ202312S-DBO3.8,SKQ202312S-DBO3.8-Onisimus,67.672017,-168.953017,23:50:18,Benthos,"Plumb-staff beam trawl,  2.26m opening, 7-mm mesh net, 4-mm cod end liner",Onisimus,Genus,urn:lsid:marinespecies.org:taxname:101631,"Boeck, 1871",Animalia,Arthropoda,Malacostraca,Amphipoda,Uristidae,Onisimus,biomass,Grams per 1000 square meter,0.179
9/29/2023,SKQ202312S-DBO3.8,SKQ202312S-DBO3.8-Ophelina acuminata,67.672017,-168.953017,23:50:18,Benthos,"Plumb-staff beam trawl,  2.26m opening, 7-mm mesh net, 4-mm cod end liner",Ophelina acuminata,Species,urn:lsid:marinespecies.org:taxname:130500,"Örsted, 1843",Animalia,Annelida,Polychaeta,NA,Opheliidae,Ophelina,biomass,Grams per 1000 square meter,1.795
9/29/2023,SKQ202312S-DBO3.8,SKQ202312S-DBO3.8-Ophiura robusta,67.672017,-168.953017,23:50:18,Benthos,"Plumb-staff beam trawl,  2.26m opening, 7-mm mesh net, 4-mm cod end liner",Ophiura robusta,Species,urn:lsid:marinespecies.org:taxname:124933,"Ayres, 1852",Animalia,Echinodermata,Ophiuroidea,Ophiurida,Ophiuridae,Ophiura,biomass,Grams per 1000 square meter,0.179
9/29/2023,SKQ202312S-DBO3.8,SKQ202312S-DBO3.8-Ophiura sarsii,67.672017,-168.953017,23:50:18,Benthos,"Plumb-staff beam trawl,  2.26m opening, 7-mm mesh net, 4-mm cod end liner",Ophiura sarsii,Species,urn:lsid:marinespecies.org:taxname:124934,"Lütken, 1855",Animalia,Echinodermata,Ophiuroidea,Ophiurida,Ophiuridae,Ophiura,biomass,Grams per 1000 square meter,12.562
9/29/2023,SKQ202312S-DBO3.8,SKQ202312S-DBO3.8-Pagurus capillatus,67.672017,-168.953017,23:50:18,Benthos,"Plumb-staff beam trawl,  2.26m opening, 7-mm mesh net, 4-mm cod end liner",Pagurus capillatus,Species,urn:lsid:marinespecies.org:taxname:254489,"Benedict, 1892",Animalia,Arthropoda,Malacostraca,Decapoda,Paguridae,Pagurus,biomass,Grams per 1000 square meter,159.722
9/29/2023,SKQ202312S-DBO3.8,SKQ202312S-DBO3.8-Pagurus trigonocheirus,67.672017,-168.953017,23:50:18,Benthos,"Plumb-staff beam trawl,  2.26m opening, 7-mm mesh net, 4-mm cod end liner",Pagurus trigonocheirus,Species,urn:lsid:marinespecies.org:taxname:254490,"Stimpson, 1858",Animalia,Arthropoda,Malacostraca,Decapoda,Paguridae,Pagurus,biomass,Grams per 1000 square meter,75.375
9/29/2023,SKQ202312S-DBO3.8,SKQ202312S-DBO3.8-Phyllodoce groenlandica,67.672017,-168.953017,23:50:18,Benthos,"Plumb-staff beam trawl,  2.26m opening, 7-mm mesh net, 4-mm cod end liner",Phyllodoce groenlandica,Species,urn:lsid:marinespecies.org:taxname:334506,"Örsted, 1842",Animalia,Annelida,Polychaeta,Phyllodocida,Phyllodocidae,Phyllodoce,biomass,Grams per 1000 square meter,0.179
9/29/2023,SKQ202312S-DBO3.8,SKQ202312S-DBO3.8-Quasimelita formosa,67.672017,-168.953017,23:50:18,Benthos,"Plumb-staff beam trawl,  2.26m opening, 7-mm mesh net, 4-mm cod end liner",Quasimelita formosa,Species,urn:lsid:marinespecies.org:taxname:423709,"Murdoch, 1885",Animalia,Arthropoda,Malacostraca,Amphipoda,Melitidae,Quasimelita,biomass,Grams per 1000 square meter,3.589
9/29/2023,SKQ202312S-DBO3.8,SKQ202312S-DBO3.8-Serripes groenlandicus,67.672017,-168.953017,23:50:18,Benthos,"Plumb-staff beam trawl,  2.26m opening, 7-mm mesh net, 4-mm cod end liner",Serripes groenlandicus,Species,urn:lsid:marinespecies.org:taxname:582749,"Mohr, 1786",Animalia,Mollusca,Bivalvia,Cardiida,Cardiidae,Serripes,biomass,Grams per 1000 square meter,1.795
9/29/2023,SKQ202312S-DBO3.8,SKQ202312S-DBO3.8-Stegophiura nodosa,67.672017,-168.953017,23:50:18,Benthos,"Plumb-staff beam trawl,  2.26m opening, 7-mm mesh net, 4-mm cod end liner",Stegophiura nodosa,Species,urn:lsid:marinespecies.org:taxname:124943,"Lütken, 1855",Animalia,Echinodermata,Ophiuroidea,Ophiurida,Ophiopyrgidae,Stegophiura,biomass,Grams per 1000 square meter,39.482
9/29/2023,SKQ202312S-DBO3.8,SKQ202312S-DBO3.8-Stomphia,67.672017,-168.953017,23:50:18,Benthos,"Plumb-staff beam trawl,  2.26m opening, 7-mm mesh net, 4-mm cod end liner",Stomphia,Genus,urn:lsid:marinespecies.org:taxname:100716,"Gosse, 1859",Animalia,Cnidaria,Anthozoa,Actiniaria,Actinostolidae,Stomphia,biomass,Grams per 1000 square meter,1139.593
9/29/2023,SKQ202312S-DBO3.8,SKQ202312S-DBO3.8-Tachyrhynchus erosus,67.672017,-168.953017,23:50:18,Benthos,"Plumb-staff beam trawl,  2.26m opening, 7-mm mesh net, 4-mm cod end liner",Tachyrhynchus erosus,Species,urn:lsid:marinespecies.org:taxname:196391,"Couthouy, 1838",Animalia,Mollusca,Gastropoda,Caenogastropoda,Turritellidae,Tachyrhynchus,biomass,Grams per 1000 square meter,16.152
10/1/2023,SKQ202312S-DBO3.2,SKQ202312S-DBO3.2-Arctolembos arcticus,68.247231,-167.138723,7:02:18,Benthos,"Plumb-staff beam trawl,  2.26m opening, 7-mm mesh net, 4-mm cod end liner",Arctolembos arcticus,Species,urn:lsid:marinespecies.org:taxname:102014,"Hansen, 1888",Animalia,Arthropoda,Malacostraca,Amphipoda,Aoridae,Arctolembos,biomass,Grams per 1000 square meter,3.654
10/1/2023,SKQ202312S-DBO3.2,SKQ202312S-DBO3.2-Argis,68.247231,-167.138723,7:02:18,Benthos,"Plumb-staff beam trawl,  2.26m opening, 7-mm mesh net, 4-mm cod end liner",Argis,Genus,urn:lsid:marinespecies.org:taxname:107006,"Krøyer, 1843",Animalia,Arthropoda,Malacostraca,Decapoda,Crangonidae,Argis,biomass,Grams per 1000 square meter,54.81
10/1/2023,SKQ202312S-DBO3.2,SKQ202312S-DBO3.2-Asterias amurensis,68.247231,-167.138723,7:02:18,Benthos,"Plumb-staff beam trawl,  2.26m opening, 7-mm mesh net, 4-mm cod end liner",Asterias amurensis,Species,urn:lsid:marinespecies.org:taxname:254497,"Lutken, 1871",Animalia,Echinodermata,Asteroidea,Forcipulatida,Asteriidae,Asterias,biomass,Grams per 1000 square meter,4805.044
10/1/2023,SKQ202312S-DBO3.2,SKQ202312S-DBO3.2-Beringius behringii,68.247231,-167.138723,7:02:18,Benthos,"Plumb-staff beam trawl,  2.26m opening, 7-mm mesh net, 4-mm cod end liner",Beringius behringii,Species,urn:lsid:marinespecies.org:taxname:160112,"Middendorff, 1848",Animalia,Mollusca,Gastropoda,Neogastropoda,Buccinidae,Beringius,biomass,Grams per 1000 square meter,131.545
10/1/2023,SKQ202312S-DBO3.2,SKQ202312S-DBO3.2-Bryozoa,68.247231,-167.138723,7:02:18,Benthos,"Plumb-staff beam trawl,  2.26m opening, 7-mm mesh net, 4-mm cod end liner",Bryozoa,Phylum,urn:lsid:marinespecies.org:taxname:146142,NA,Animalia,Bryozoa,NA,NA,NA,NA,biomass,Grams per 1000 square meter,20.097
10/1/2023,SKQ202312S-DBO3.2,SKQ202312S-DBO3.2-Chelyosoma macleayanum,68.247231,-167.138723,7:02:18,Benthos,"Plumb-staff beam trawl,  2.26m opening, 7-mm mesh net, 4-mm cod end liner",Chelyosoma macleayanum,Species,urn:lsid:marinespecies.org:taxname:103740,"Broderip & Sowerby, 1830",Animalia,Chordata,Ascidiacea,Phlebobranchia,Corellidae,Chelyosoma,biomass,Grams per 1000 square meter,244.82
10/1/2023,SKQ202312S-DBO3.2,SKQ202312S-DBO3.2-Chionoecetes opilio,68.247231,-167.138723,7:02:18,Benthos,"Plumb-staff beam trawl,  2.26m opening, 7-mm mesh net, 4-mm cod end liner",Chionoecetes opilio,Species,urn:lsid:marinespecies.org:taxname:107315,"Fabricius, 1788",Animalia,Arthropoda,Malacostraca,Decapoda,Oregoniidae,Chionoecetes,biomass,Grams per 1000 square meter,175.393
10/1/2023,SKQ202312S-DBO3.2,SKQ202312S-DBO3.2-Crangon dalli,68.247231,-167.138723,7:02:18,Benthos,"Plumb-staff beam trawl,  2.26m opening, 7-mm mesh net, 4-mm cod end liner",Crangon dalli,Species,urn:lsid:marinespecies.org:taxname:254486,"Rathbun, 1902",Animalia,Arthropoda,Malacostraca,Decapoda,Crangonidae,Crangon,biomass,Grams per 1000 square meter,10.962
10/1/2023,SKQ202312S-DBO3.2,SKQ202312S-DBO3.2-Crossaster papposus,68.247231,-167.138723,7:02:18,Benthos,"Plumb-staff beam trawl,  2.26m opening, 7-mm mesh net, 4-mm cod end liner",Crossaster papposus,Species,urn:lsid:marinespecies.org:taxname:124154,"Linnaeus, 1767",Animalia,Echinodermata,Asteroidea,Valvatida,Solasteridae,Crossaster,biomass,Grams per 1000 square meter,60.291
10/1/2023,SKQ202312S-DBO3.2,SKQ202312S-DBO3.2-Dendrobeania,68.247231,-167.138723,7:02:18,Benthos,"Plumb-staff beam trawl,  2.26m opening, 7-mm mesh net, 4-mm cod end liner",Dendrobeania,Genus,urn:lsid:marinespecies.org:taxname:110842,"Levinsen, 1909",Animalia,Bryozoa,Gymnolaemata,Cheilostomatida,Bugulidae,Dendrobeania,biomass,Grams per 1000 square meter,18.27
10/1/2023,SKQ202312S-DBO3.2,SKQ202312S-DBO3.2-Diastylis alaskensis,68.247231,-167.138723,7:02:18,Benthos,"Plumb-staff beam trawl,  2.26m opening, 7-mm mesh net, 4-mm cod end liner",Diastylis alaskensis,Species,urn:lsid:marinespecies.org:taxname:181923,"Calman, 1912",Animalia,Arthropoda,Malacostraca,Cumacea,Diastylidae,Diastylis,biomass,Grams per 1000 square meter,0.914
10/1/2023,SKQ202312S-DBO3.2,SKQ202312S-DBO3.2-Eualus gaimardii ,68.247231,-167.138723,7:02:18,Benthos,"Plumb-staff beam trawl,  2.26m opening, 7-mm mesh net, 4-mm cod end liner",Eualus gaimardii ,Species,urn:lsid:marinespecies.org:taxname:107504,"H. Milne Edwards, 1837",Animalia,Arthropoda,Malacostraca,Decapoda,Thoridae,Eualus,biomass,Grams per 1000 square meter,1.827
10/1/2023,SKQ202312S-DBO3.2,SKQ202312S-DBO3.2-Gattyana amondseni,68.247231,-167.138723,7:02:18,Benthos,"Plumb-staff beam trawl,  2.26m opening, 7-mm mesh net, 4-mm cod end liner",Gattyana amondseni,Species,urn:lsid:marinespecies.org:taxname:130748,"Malmgren, 1867",Animalia,Annelida,Polychaeta,Phyllodocida,Polynoidae,Gattyana,biomass,Grams per 1000 square meter,3.654
10/1/2023,SKQ202312S-DBO3.2,SKQ202312S-DBO3.2-Gersemia rubiformis,68.247231,-167.138723,7:02:18,Benthos,"Plumb-staff beam trawl,  2.26m opening, 7-mm mesh net, 4-mm cod end liner",Gersemia rubiformis,Species,urn:lsid:marinespecies.org:taxname:156103,"Ehrenberg, 1834",Animalia,Cnidaria,Anthozoa,Malacalcyonacea,Alcyoniidae,Gersemia,biomass,Grams per 1000 square meter,38.367
10/1/2023,SKQ202312S-DBO3.2,SKQ202312S-DBO3.2-Gorgonocephalus eucnemis,68.247231,-167.138723,7:02:18,Benthos,"Plumb-staff beam trawl,  2.26m opening, 7-mm mesh net, 4-mm cod end liner",Gorgonocephalus eucnemis,Species,urn:lsid:marinespecies.org:taxname:124969,"Müller & Troschel, 1842",Animalia,Echinodermata,Ophiuroidea,Euryalida,Gorgonocephalidae,Gorgonocephalus,biomass,Grams per 1000 square meter,1355.644
10/1/2023,SKQ202312S-DBO3.2,SKQ202312S-DBO3.2-Harmothoe imbricata,68.247231,-167.138723,7:02:18,Benthos,"Plumb-staff beam trawl,  2.26m opening, 7-mm mesh net, 4-mm cod end liner",Harmothoe imbricata,Species,urn:lsid:marinespecies.org:taxname:130769,"Linnaeus, 1767",Animalia,Annelida,Polychaeta,Phyllodocida,Polynoidae,Harmothoe,biomass,Grams per 1000 square meter,1.827
10/1/2023,SKQ202312S-DBO3.2,SKQ202312S-DBO3.2-Henricia tumida,68.247231,-167.138723,7:02:18,Benthos,"Plumb-staff beam trawl,  2.26m opening, 7-mm mesh net, 4-mm cod end liner",Henricia tumida,Species,urn:lsid:marinespecies.org:taxname:369147,"Verrill, 1909",Animalia,Echinodermata,Asteroidea,Spinulosida,Echisteridae,Henricia,biomass,Grams per 1000 square meter,3.654
10/1/2023,SKQ202312S-DBO3.2,SKQ202312S-DBO3.2-Hyas coarctatus,68.247231,-167.138723,7:02:18,Benthos,"Plumb-staff beam trawl,  2.26m opening, 7-mm mesh net, 4-mm cod end liner",Hyas coarctatus,Species,urn:lsid:marinespecies.org:taxname:107323,"Leach, 1815",Animalia,Arthropoda,Malacostraca,Decapoda,Oregoniidae,Hyas,biomass,Grams per 1000 square meter,950.047
10/1/2023,SKQ202312S-DBO3.2,SKQ202312S-DBO3.2-Hydrozoa,68.247231,-167.138723,7:02:18,Benthos,"Plumb-staff beam trawl,  2.26m opening, 7-mm mesh net, 4-mm cod end liner",Hydrozoa,Class,urn:lsid:marinespecies.org:taxname:1337,"Owen, 1843",Animalia,Cnidaria,Hydrozoa,NA,NA,NA,biomass,Grams per 1000 square meter,1.827
10/1/2023,SKQ202312S-DBO3.2,SKQ202312S-DBO3.2-Labidochirus splendescens,68.247231,-167.138723,7:02:18,Benthos,"Plumb-staff beam trawl,  2.26m opening, 7-mm mesh net, 4-mm cod end liner",Labidochirus splendescens,Species,urn:lsid:marinespecies.org:taxname:248348,"Owen, 1839",Animalia,Arthropoda,Malacostraca,Decapoda,Paguridae,Labidochirus,biomass,Grams per 1000 square meter,51.156
10/1/2023,SKQ202312S-DBO3.2,SKQ202312S-DBO3.2-Lebbeus groenlandicus,68.247231,-167.138723,7:02:18,Benthos,"Plumb-staff beam trawl,  2.26m opening, 7-mm mesh net, 4-mm cod end liner",Lebbeus groenlandicus,Species,urn:lsid:marinespecies.org:taxname:107520,"Fabricius, 1775",Animalia,Arthropoda,Malacostraca,Decapoda,Thoridae,Lebbeus,biomass,Grams per 1000 square meter,21.924
10/1/2023,SKQ202312S-DBO3.2,SKQ202312S-DBO3.2-Leptasterias (Hexasterias) polaris katherinae,68.247231,-167.138723,7:02:18,Benthos,"Plumb-staff beam trawl,  2.26m opening, 7-mm mesh net, 4-mm cod end liner",Leptasterias (Hexasterias) polaris katherinae,Species,urn:lsid:marinespecies.org:taxname:379157,"Gray, 1840",Animalia,Echinodermata,Asteroidea,Forcipulatida,Asteriidae,Leptasterias,biomass,Grams per 1000 square meter,785.616
10/1/2023,SKQ202312S-DBO3.2,SKQ202312S-DBO3.2-Leptasterias arctica,68.247231,-167.138723,7:02:18,Benthos,"Plumb-staff beam trawl,  2.26m opening, 7-mm mesh net, 4-mm cod end liner",Leptasterias arctica,Species,urn:lsid:marinespecies.org:taxname:369158,"Murdoch, 1885",Animalia,Echinodermata,Asteroidea,Forcipulatida,Asteriidae,Leptasterias,biomass,Grams per 1000 square meter,392.808
10/1/2023,SKQ202312S-DBO3.2,SKQ202312S-DBO3.2-Lethasterias nanimensis,68.247231,-167.138723,7:02:18,Benthos,"Plumb-staff beam trawl,  2.26m opening, 7-mm mesh net, 4-mm cod end liner",Lethasterias nanimensis,Species,urn:lsid:marinespecies.org:taxname:254499,"Verrill, 1914",Animalia,Echinodermata,Asteroidea,Forcipulatida,Asteriidae,Lethasterias,biomass,Grams per 1000 square meter,968.317
10/1/2023,SKQ202312S-DBO3.2,SKQ202312S-DBO3.2-Nymphon,68.247231,-167.138723,7:02:18,Benthos,"Plumb-staff beam trawl,  2.26m opening, 7-mm mesh net, 4-mm cod end liner",Nymphon,Genus,urn:lsid:marinespecies.org:taxname:134591,"Fabricius, 1794",Animalia,Arthropoda,Pycnogonida,Pantopoda,Nymphonidae,Nymphon,biomass,Grams per 1000 square meter,0.183
10/1/2023,SKQ202312S-DBO3.2,SKQ202312S-DBO3.2-Pagurus trigonocheirus,68.247231,-167.138723,7:02:18,Benthos,"Plumb-staff beam trawl,  2.26m opening, 7-mm mesh net, 4-mm cod end liner",Pagurus trigonocheirus,Species,urn:lsid:marinespecies.org:taxname:254490,"Stimpson, 1858",Animalia,Arthropoda,Malacostraca,Decapoda,Paguridae,Pagurus,biomass,Grams per 1000 square meter,45.675
10/1/2023,SKQ202312S-DBO3.2,SKQ202312S-DBO3.2-Pandalus goniurus,68.247231,-167.138723,7:02:18,Benthos,"Plumb-staff beam trawl,  2.26m opening, 7-mm mesh net, 4-mm cod end liner",Pandalus goniurus,Species,urn:lsid:marinespecies.org:taxname:254483,"Stimpson, 1860",Animalia,Arthropoda,Malacostraca,Decapoda,Pandalidae,Pandalus,biomass,Grams per 1000 square meter,87.697
10/1/2023,SKQ202312S-DBO3.2,SKQ202312S-DBO3.2-Paramphithoe polyacantha,68.247231,-167.138723,7:02:18,Benthos,"Plumb-staff beam trawl,  2.26m opening, 7-mm mesh net, 4-mm cod end liner",Paramphithoe polyacantha,Species,urn:lsid:marinespecies.org:taxname:102154,"Murdoch, 1885",Animalia,Arthropoda,Malacostraca,Amphipoda,Paramphithoidae,Paramphithoe,biomass,Grams per 1000 square meter,1.827
10/1/2023,SKQ202312S-DBO3.2,SKQ202312S-DBO3.2-Plicifusus kroyeri,68.247231,-167.138723,7:02:18,Benthos,"Plumb-staff beam trawl,  2.26m opening, 7-mm mesh net, 4-mm cod end liner",Plicifusus kroyeri,Species,urn:lsid:marinespecies.org:taxname:491269,"Møller, 1842",Animalia,Mollusca,Gastropoda,Neogastropoda,Buccinidae,Plicifusus,biomass,Grams per 1000 square meter,1.827
10/1/2023,SKQ202312S-DBO3.2,SKQ202312S-DBO3.2-Pododesmus macrochisma,68.247231,-167.138723,7:02:18,Benthos,"Plumb-staff beam trawl,  2.26m opening, 7-mm mesh net, 4-mm cod end liner",Pododesmus macrochisma,Species,urn:lsid:marinespecies.org:taxname:758426,"Deshayes, 1839",Animalia,Mollusca,Bivalvia,Pectinida,Anomiidae,Pododesmus,biomass,Grams per 1000 square meter,65.772
10/1/2023,SKQ202312S-DBO3.2,SKQ202312S-DBO3.2-Sclerocrangon boreas,68.247231,-167.138723,7:02:18,Benthos,"Plumb-staff beam trawl,  2.26m opening, 7-mm mesh net, 4-mm cod end liner",Sclerocrangon boreas,Species,urn:lsid:marinespecies.org:taxname:107568,"Phipps, 1774",Animalia,Arthropoda,Malacostraca,Decapoda,Crangonidae,Sclerocrangon,biomass,Grams per 1000 square meter,120.583
10/1/2023,SKQ202312S-DBO3.2,SKQ202312S-DBO3.2-Sertularia robusta,68.247231,-167.138723,7:02:18,Benthos,"Plumb-staff beam trawl,  2.26m opening, 7-mm mesh net, 4-mm cod end liner",Sertularia robusta,Species,urn:lsid:marinespecies.org:taxname:117923,"Clark, 1877",Animalia,Cnidaria,Hydrozoa,Leptothecata,Sertulariidae,Sertularia,biomass,Grams per 1000 square meter,1.827
10/1/2023,SKQ202312S-DBO3.2,SKQ202312S-DBO3.2-Strongylocentrotus pallidus,68.247231,-167.138723,7:02:18,Benthos,"Plumb-staff beam trawl,  2.26m opening, 7-mm mesh net, 4-mm cod end liner",Strongylocentrotus pallidus,Species,urn:lsid:marinespecies.org:taxname:124324,"Sars G.O., 1872",Animalia,Echinodermata,Echinoidea,Camarodonta,Strongylocentrotidae,Strongylocentrotus,biomass,Grams per 1000 square meter,4019.428
10/1/2023,SKQ202312S-DBO3.2,SKQ202312S-DBO3.2-Styela rustica,68.247231,-167.138723,7:02:18,Benthos,"Plumb-staff beam trawl,  2.26m opening, 7-mm mesh net, 4-mm cod end liner",Styela rustica,Species,urn:lsid:marinespecies.org:taxname:103937,"Linnaeus, 1767",Animalia,Chordata,Ascidiacea,Stolidobranchia,Styelidae,Styela,biomass,Grams per 1000 square meter,1.827
10/1/2023,SKQ202312S-DBO3.2,SKQ202312S-DBO3.2-Telmessus cheiragonus,68.247231,-167.138723,7:02:18,Benthos,"Plumb-staff beam trawl,  2.26m opening, 7-mm mesh net, 4-mm cod end liner",Telmessus cheiragonus,Species,urn:lsid:marinespecies.org:taxname:254360,"Tilesius, 1815",Animalia,Arthropoda,Malacostraca,Decapoda,Cheiragonidae,Telmessus,biomass,Grams per 1000 square meter,210.106
10/1/2023,SKQ202312S-DBO3.2,SKQ202312S-DBO3.2-Tritonia,68.247231,-167.138723,7:02:18,Benthos,"Plumb-staff beam trawl,  2.26m opening, 7-mm mesh net, 4-mm cod end liner",Tritonia,Genus,urn:lsid:marinespecies.org:taxname:138580,"Cuvier, 1797",Animalia,Mollusca,Gastropoda,Nudibranchia,Tritoniidae,Tritonia,biomass,Grams per 1000 square meter,10.962
10/1/2023,SKQ202312S-DBO3.4,SKQ202312S-DBO3.4-Amicula vestita,68.137996,-167.492373,17:03:18,Benthos,"Plumb-staff beam trawl,  2.26m opening, 7-mm mesh net, 4-mm cod end liner",Amicula vestita,Species,urn:lsid:marinespecies.org:taxname:386339,"Pallas, 1788",Animalia,Mollusca,Polyplacophora,Chitonida,Mopaliidae,Amicula,biomass,Grams per 1000 square meter,0.205
10/1/2023,SKQ202312S-DBO3.4,SKQ202312S-DBO3.4-Argis,68.137996,-167.492373,17:03:18,Benthos,"Plumb-staff beam trawl,  2.26m opening, 7-mm mesh net, 4-mm cod end liner",Argis,Genus,urn:lsid:marinespecies.org:taxname:107006,"Krøyer, 1843",Animalia,Arthropoda,Malacostraca,Decapoda,Crangonidae,Argis,biomass,Grams per 1000 square meter,638.958
10/1/2023,SKQ202312S-DBO3.4,SKQ202312S-DBO3.4-Balanus crenatus,68.137996,-167.492373,17:03:18,Benthos,"Plumb-staff beam trawl,  2.26m opening, 7-mm mesh net, 4-mm cod end liner",Balanus crenatus,Species,urn:lsid:marinespecies.org:taxname:106215,"Bruguière, 1789",Animalia,Arthropoda,Thecostraca,Balanomorpha,Balanidae,Balanus,biomass,Grams per 1000 square meter,20.545
10/1/2023,SKQ202312S-DBO3.4,SKQ202312S-DBO3.4-Boltenia echinata,68.137996,-167.492373,17:03:18,Benthos,"Plumb-staff beam trawl,  2.26m opening, 7-mm mesh net, 4-mm cod end liner",Boltenia echinata,Species,urn:lsid:marinespecies.org:taxname:103814,"Linnaeus, 1767",Animalia,Chordata,Ascidiacea,Stolidobranchia,Pyuridae,Boltenia,biomass,Grams per 1000 square meter,6.164
10/1/2023,SKQ202312S-DBO3.4,SKQ202312S-DBO3.4-Brachiopoda,68.137996,-167.492373,17:03:18,Benthos,"Plumb-staff beam trawl,  2.26m opening, 7-mm mesh net, 4-mm cod end liner",Brachiopoda,Phylum,urn:lsid:marinespecies.org:taxname:1803,"Duméril, 1805",Animalia,Brachiopoda,NA,NA,NA,NA,biomass,Grams per 1000 square meter,1.027
10/1/2023,SKQ202312S-DBO3.4,SKQ202312S-DBO3.4-Chelyosoma macleayanum,68.137996,-167.492373,17:03:18,Benthos,"Plumb-staff beam trawl,  2.26m opening, 7-mm mesh net, 4-mm cod end liner",Chelyosoma macleayanum,Species,urn:lsid:marinespecies.org:taxname:103740,"Broderip & Sowerby, 1830",Animalia,Chordata,Ascidiacea,Phlebobranchia,Corellidae,Chelyosoma,biomass,Grams per 1000 square meter,2.055
10/1/2023,SKQ202312S-DBO3.4,SKQ202312S-DBO3.4-Chionoecetes opilio,68.137996,-167.492373,17:03:18,Benthos,"Plumb-staff beam trawl,  2.26m opening, 7-mm mesh net, 4-mm cod end liner",Chionoecetes opilio,Species,urn:lsid:marinespecies.org:taxname:107315,"Fabricius, 1788",Animalia,Arthropoda,Malacostraca,Decapoda,Oregoniidae,Chionoecetes,biomass,Grams per 1000 square meter,513.631
10/1/2023,SKQ202312S-DBO3.4,SKQ202312S-DBO3.4-Coryphella,68.137996,-167.492373,17:03:18,Benthos,"Plumb-staff beam trawl,  2.26m opening, 7-mm mesh net, 4-mm cod end liner",Coryphella,Genus,urn:lsid:marinespecies.org:taxname:138018,"J. E. Gray, 1850",Animalia,Mollusca,Gastropoda,Nudibranchia,Coryphellidae,Coryphella,biomass,Grams per 1000 square meter,2.055
10/1/2023,SKQ202312S-DBO3.4,SKQ202312S-DBO3.4-Crangon dalli,68.137996,-167.492373,17:03:18,Benthos,"Plumb-staff beam trawl,  2.26m opening, 7-mm mesh net, 4-mm cod end liner",Crangon dalli,Species,urn:lsid:marinespecies.org:taxname:254486,"Rathbun, 1902",Animalia,Arthropoda,Malacostraca,Decapoda,Crangonidae,Crangon,biomass,Grams per 1000 square meter,2.055
10/1/2023,SKQ202312S-DBO3.4,SKQ202312S-DBO3.4-Dendrobeania,68.137996,-167.492373,17:03:18,Benthos,"Plumb-staff beam trawl,  2.26m opening, 7-mm mesh net, 4-mm cod end liner",Dendrobeania,Genus,urn:lsid:marinespecies.org:taxname:110842,"Levinsen, 1909",Animalia,Bryozoa,Gymnolaemata,Cheilostomatida,Bugulidae,Dendrobeania,biomass,Grams per 1000 square meter,14.382
10/1/2023,SKQ202312S-DBO3.4,SKQ202312S-DBO3.4-Diastylis alaskensis,68.137996,-167.492373,17:03:18,Benthos,"Plumb-staff beam trawl,  2.26m opening, 7-mm mesh net, 4-mm cod end liner",Diastylis alaskensis,Species,urn:lsid:marinespecies.org:taxname:181923,"Calman, 1912",Animalia,Arthropoda,Malacostraca,Cumacea,Diastylidae,Diastylis,biomass,Grams per 1000 square meter,2.055
10/1/2023,SKQ202312S-DBO3.4,SKQ202312S-DBO3.4-Ericthonius,68.137996,-167.492373,17:03:18,Benthos,"Plumb-staff beam trawl,  2.26m opening, 7-mm mesh net, 4-mm cod end liner",Ericthonius,Genus,urn:lsid:marinespecies.org:taxname:101567,"H. Milne Edwards, 1830",Animalia,Arthropoda,Malacostraca,Amphipoda,Ischyroceridae,Ericthonius,biomass,Grams per 1000 square meter,0.205
10/1/2023,SKQ202312S-DBO3.4,SKQ202312S-DBO3.4-Eualus,68.137996,-167.492373,17:03:18,Benthos,"Plumb-staff beam trawl,  2.26m opening, 7-mm mesh net, 4-mm cod end liner",Eualus,Genus,urn:lsid:marinespecies.org:taxname:106986,"Thallwitz, 1891",Animalia,Arthropoda,Malacostraca,Decapoda,Thoridae,Eualus,biomass,Grams per 1000 square meter,4.109
10/1/2023,SKQ202312S-DBO3.4,SKQ202312S-DBO3.4-Eualus gaimardii ,68.137996,-167.492373,17:03:18,Benthos,"Plumb-staff beam trawl,  2.26m opening, 7-mm mesh net, 4-mm cod end liner",Eualus gaimardii ,Species,urn:lsid:marinespecies.org:taxname:107504,"H. Milne Edwards, 1837",Animalia,Arthropoda,Malacostraca,Decapoda,Thoridae,Eualus,biomass,Grams per 1000 square meter,18.491
10/1/2023,SKQ202312S-DBO3.4,SKQ202312S-DBO3.4-Eucratea loricata,68.137996,-167.492373,17:03:18,Benthos,"Plumb-staff beam trawl,  2.26m opening, 7-mm mesh net, 4-mm cod end liner",Eucratea loricata,Species,urn:lsid:marinespecies.org:taxname:111361,"Linnaeus, 1758",Animalia,Bryozoa,Gymnolaemata,Cheilostomatida,Eucrateidae,Eucratea,biomass,Grams per 1000 square meter,22.6
10/1/2023,SKQ202312S-DBO3.4,SKQ202312S-DBO3.4-Gattyana amondseni,68.137996,-167.492373,17:03:18,Benthos,"Plumb-staff beam trawl,  2.26m opening, 7-mm mesh net, 4-mm cod end liner",Gattyana amondseni,Species,urn:lsid:marinespecies.org:taxname:130748,"Malmgren, 1867",Animalia,Annelida,Polychaeta,Phyllodocida,Polynoidae,Gattyana,biomass,Grams per 1000 square meter,4.109
10/1/2023,SKQ202312S-DBO3.4,SKQ202312S-DBO3.4-Gorgonocephalus eucnemis,68.137996,-167.492373,17:03:18,Benthos,"Plumb-staff beam trawl,  2.26m opening, 7-mm mesh net, 4-mm cod end liner",Gorgonocephalus eucnemis,Species,urn:lsid:marinespecies.org:taxname:124969,"Müller & Troschel, 1842",Animalia,Echinodermata,Ophiuroidea,Euryalida,Gorgonocephalidae,Gorgonocephalus,biomass,Grams per 1000 square meter,1390.914
10/1/2023,SKQ202312S-DBO3.4,SKQ202312S-DBO3.4-Halocynthia aurantium,68.137996,-167.492373,17:03:18,Benthos,"Plumb-staff beam trawl,  2.26m opening, 7-mm mesh net, 4-mm cod end liner",Halocynthia aurantium,Species,urn:lsid:marinespecies.org:taxname:250674,"Pallas, 1787",Animalia,Chordata,Ascidiacea,Stolidobranchia,Pyuridae,Halocynthia,biomass,Grams per 1000 square meter,1179.298
10/1/2023,SKQ202312S-DBO3.4,SKQ202312S-DBO3.4-Harmothoe imbricata,68.137996,-167.492373,17:03:18,Benthos,"Plumb-staff beam trawl,  2.26m opening, 7-mm mesh net, 4-mm cod end liner",Harmothoe imbricata,Species,urn:lsid:marinespecies.org:taxname:130769,"Linnaeus, 1767",Animalia,Annelida,Polychaeta,Phyllodocida,Polynoidae,Harmothoe,biomass,Grams per 1000 square meter,2.055
10/1/2023,SKQ202312S-DBO3.4,SKQ202312S-DBO3.4-Henricia tumida,68.137996,-167.492373,17:03:18,Benthos,"Plumb-staff beam trawl,  2.26m opening, 7-mm mesh net, 4-mm cod end liner",Henricia tumida,Species,urn:lsid:marinespecies.org:taxname:369147,"Verrill, 1909",Animalia,Echinodermata,Asteroidea,Spinulosida,Echisteridae,Henricia,biomass,Grams per 1000 square meter,2.055
10/1/2023,SKQ202312S-DBO3.4,SKQ202312S-DBO3.4-Heteropora,68.137996,-167.492373,17:03:18,Benthos,"Plumb-staff beam trawl,  2.26m opening, 7-mm mesh net, 4-mm cod end liner",Heteropora,Genus,urn:lsid:marinespecies.org:taxname:248342  ,"de Blainville, 1830",Animalia,Bryozoa,Stenolaemata,Cyclostomatida,Heteroporidae,Heteropora,biomass,Grams per 1000 square meter,4.109
10/1/2023,SKQ202312S-DBO3.4,SKQ202312S-DBO3.4-Hiatella arctica,68.137996,-167.492373,17:03:18,Benthos,"Plumb-staff beam trawl,  2.26m opening, 7-mm mesh net, 4-mm cod end liner",Hiatella arctica,Species,urn:lsid:marinespecies.org:taxname:140103,"Linnaeus, 1767",Animalia,Mollusca,Bivalvia,Adapedonta,Hiatellidae,Hiatella,biomass,Grams per 1000 square meter,8.218
10/1/2023,SKQ202312S-DBO3.4,SKQ202312S-DBO3.4-Hyas coarctatus,68.137996,-167.492373,17:03:18,Benthos,"Plumb-staff beam trawl,  2.26m opening, 7-mm mesh net, 4-mm cod end liner",Hyas coarctatus,Species,urn:lsid:marinespecies.org:taxname:107323,"Leach, 1815",Animalia,Arthropoda,Malacostraca,Decapoda,Oregoniidae,Hyas,biomass,Grams per 1000 square meter,0.205
10/1/2023,SKQ202312S-DBO3.4,SKQ202312S-DBO3.4-Hydrozoa,68.137996,-167.492373,17:03:18,Benthos,"Plumb-staff beam trawl,  2.26m opening, 7-mm mesh net, 4-mm cod end liner",Hydrozoa,Class,urn:lsid:marinespecies.org:taxname:1337,"Owen, 1843",Animalia,Cnidaria,Hydrozoa,NA,NA,NA,biomass,Grams per 1000 square meter,10.273
10/1/2023,SKQ202312S-DBO3.4,SKQ202312S-DBO3.4-Labidochirus splendescens,68.137996,-167.492373,17:03:18,Benthos,"Plumb-staff beam trawl,  2.26m opening, 7-mm mesh net, 4-mm cod end liner",Labidochirus splendescens,Species,urn:lsid:marinespecies.org:taxname:248348,"Owen, 1839",Animalia,Arthropoda,Malacostraca,Decapoda,Paguridae,Labidochirus,biomass,Grams per 1000 square meter,49.309
10/1/2023,SKQ202312S-DBO3.4,SKQ202312S-DBO3.4-Nereis pelagica,68.137996,-167.492373,17:03:18,Benthos,"Plumb-staff beam trawl,  2.26m opening, 7-mm mesh net, 4-mm cod end liner",Nereis pelagica,Species,urn:lsid:marinespecies.org:taxname:130404,"Linnaeus, 1758",Animalia,Annelida,Polychaeta,Phyllodocida,Nereididae,Nereis,biomass,Grams per 1000 square meter,2.055
10/1/2023,SKQ202312S-DBO3.4,SKQ202312S-DBO3.4-Onchidiopsis,68.137996,-167.492373,17:03:18,Benthos,"Plumb-staff beam trawl,  2.26m opening, 7-mm mesh net, 4-mm cod end liner",Onchidiopsis,Genus,urn:lsid:marinespecies.org:taxname:138628,"Bergh, 1853",Animalia,Mollusca,Gastropoda,Littorinimorpha,Velutinidae,Onchidiopsis,biomass,Grams per 1000 square meter,154.089
10/1/2023,SKQ202312S-DBO3.4,SKQ202312S-DBO3.4-Ophiopholis aculeata,68.137996,-167.492373,17:03:18,Benthos,"Plumb-staff beam trawl,  2.26m opening, 7-mm mesh net, 4-mm cod end liner",Ophiopholis aculeata,Species,urn:lsid:marinespecies.org:taxname:125125,"Linnaeus, 1767",Animalia,Echinodermata,Ophiuroidea,Amphilepidida,Ophiopholidae,Ophiopholis,biomass,Grams per 1000 square meter,2.055
10/1/2023,SKQ202312S-DBO3.4,SKQ202312S-DBO3.4-Pagurus trigonocheirus,68.137996,-167.492373,17:03:18,Benthos,"Plumb-staff beam trawl,  2.26m opening, 7-mm mesh net, 4-mm cod end liner",Pagurus trigonocheirus,Species,urn:lsid:marinespecies.org:taxname:254490,"Stimpson, 1858",Animalia,Arthropoda,Malacostraca,Decapoda,Paguridae,Pagurus,biomass,Grams per 1000 square meter,6.164
10/1/2023,SKQ202312S-DBO3.4,SKQ202312S-DBO3.4-Pandalus goniurus,68.137996,-167.492373,17:03:18,Benthos,"Plumb-staff beam trawl,  2.26m opening, 7-mm mesh net, 4-mm cod end liner",Pandalus goniurus,Species,urn:lsid:marinespecies.org:taxname:254483,"Stimpson, 1860",Animalia,Arthropoda,Malacostraca,Decapoda,Pandalidae,Pandalus,biomass,Grams per 1000 square meter,119.162
10/1/2023,SKQ202312S-DBO3.4,SKQ202312S-DBO3.4-Plicifusus kroyeri,68.137996,-167.492373,17:03:18,Benthos,"Plumb-staff beam trawl,  2.26m opening, 7-mm mesh net, 4-mm cod end liner",Plicifusus kroyeri,Species,urn:lsid:marinespecies.org:taxname:491269,"Møller, 1842",Animalia,Mollusca,Gastropoda,Neogastropoda,Buccinidae,Plicifusus,biomass,Grams per 1000 square meter,2.055
10/1/2023,SKQ202312S-DBO3.4,SKQ202312S-DBO3.4-Quasimelita formosa,68.137996,-167.492373,17:03:18,Benthos,"Plumb-staff beam trawl,  2.26m opening, 7-mm mesh net, 4-mm cod end liner",Quasimelita formosa,Species,urn:lsid:marinespecies.org:taxname:423709,"Murdoch, 1885",Animalia,Arthropoda,Malacostraca,Amphipoda,Melitidae,Quasimelita,biomass,Grams per 1000 square meter,2.055
10/1/2023,SKQ202312S-DBO3.4,SKQ202312S-DBO3.4-Sclerocrangon boreas,68.137996,-167.492373,17:03:18,Benthos,"Plumb-staff beam trawl,  2.26m opening, 7-mm mesh net, 4-mm cod end liner",Sclerocrangon boreas,Species,urn:lsid:marinespecies.org:taxname:107568,"Phipps, 1774",Animalia,Arthropoda,Malacostraca,Decapoda,Crangonidae,Sclerocrangon,biomass,Grams per 1000 square meter,47.254
10/1/2023,SKQ202312S-DBO3.4,SKQ202312S-DBO3.4-Sertularia robusta,68.137996,-167.492373,17:03:18,Benthos,"Plumb-staff beam trawl,  2.26m opening, 7-mm mesh net, 4-mm cod end liner",Sertularia robusta,Species,urn:lsid:marinespecies.org:taxname:117923,"Clark, 1877",Animalia,Cnidaria,Hydrozoa,Leptothecata,Sertulariidae,Sertularia,biomass,Grams per 1000 square meter,8.218
10/1/2023,SKQ202312S-DBO3.4,SKQ202312S-DBO3.4-Spirontocaris,68.137996,-167.492373,17:03:18,Benthos,"Plumb-staff beam trawl,  2.26m opening, 7-mm mesh net, 4-mm cod end liner",Spirontocaris,Genus,urn:lsid:marinespecies.org:taxname:106994,"Spence Bate, 1888",Animalia,Arthropoda,Malacostraca,Decapoda,Thoridae,Spirontocaris,biomass,Grams per 1000 square meter,16.436
10/1/2023,SKQ202312S-DBO3.4,SKQ202312S-DBO3.4-Stenosemus albus,68.137996,-167.492373,17:03:18,Benthos,"Plumb-staff beam trawl,  2.26m opening, 7-mm mesh net, 4-mm cod end liner",Stenosemus albus,Species,urn:lsid:marinespecies.org:taxname:247773,"Linnaeus, 1767",Animalia,Mollusca,Polyplacophora,Chitonida,Ischnochitonidae,Stenosemus,biomass,Grams per 1000 square meter,0.205
10/1/2023,SKQ202312S-DBO3.4,SKQ202312S-DBO3.4-Strongylocentrotus pallidus,68.137996,-167.492373,17:03:18,Benthos,"Plumb-staff beam trawl,  2.26m opening, 7-mm mesh net, 4-mm cod end liner",Strongylocentrotus pallidus,Species,urn:lsid:marinespecies.org:taxname:124324,"Sars G.O., 1872",Animalia,Echinodermata,Echinoidea,Camarodonta,Strongylocentrotidae,Strongylocentrotus,biomass,Grams per 1000 square meter,1633.348
10/1/2023,SKQ202312S-DBO3.4,SKQ202312S-DBO3.4-Styela rustica,68.137996,-167.492373,17:03:18,Benthos,"Plumb-staff beam trawl,  2.26m opening, 7-mm mesh net, 4-mm cod end liner",Styela rustica,Species,urn:lsid:marinespecies.org:taxname:103937,"Linnaeus, 1767",Animalia,Chordata,Ascidiacea,Stolidobranchia,Styelidae,Styela,biomass,Grams per 1000 square meter,10.273
10/1/2023,SKQ202312S-DBO3.4,SKQ202312S-DBO3.4-Syllidae,68.137996,-167.492373,17:03:18,Benthos,"Plumb-staff beam trawl,  2.26m opening, 7-mm mesh net, 4-mm cod end liner",Syllidae,Family,urn:lsid:marinespecies.org:taxname:948,"Grube, 1850",Animalia,Annelida,Polychaeta,Phyllodocida,Syllidae,NA,biomass,Grams per 1000 square meter,0.205
10/1/2023,SKQ202312S-DBO3.4,SKQ202312S-DBO3.4-Tachyrhynchus erosus,68.137996,-167.492373,17:03:18,Benthos,"Plumb-staff beam trawl,  2.26m opening, 7-mm mesh net, 4-mm cod end liner",Tachyrhynchus erosus,Species,urn:lsid:marinespecies.org:taxname:196391,"Couthouy, 1838",Animalia,Mollusca,Gastropoda,Caenogastropoda,Turritellidae,Tachyrhynchus,biomass,Grams per 1000 square meter,1.027
,,,,,,,,,,,,,,,,,,,,
9/15/2023,SKQ202312S-DBO1.2,SKQ202312S-DBO1.2-Admete solida,62.048664,-175.198946,11:30:48,Benthos,"Plumb-staff beam trawl,  2.26m opening, 7-mm mesh net, 4-mm cod end liner",Admete solida,Species,urn:lsid:marinespecies.org:taxname:576338,"Aurivillius, 1885",Animalia,Mollusca,Gastropoda,Neogastropoda,Cancellariidae,Admete,abundance,Individuals per 1000 square meter,4.878
9/15/2023,SKQ202312S-DBO1.2,SKQ202312S-DBO1.2-Amphipoda,62.048664,-175.198946,11:30:48,Benthos,"Plumb-staff beam trawl,  2.26m opening, 7-mm mesh net, 4-mm cod end liner",Amphipoda,Order,urn:lsid:marinespecies.org:taxname:1135,"Latreille, 1816",Animalia,Arthropoda,Malacostraca,Amphipoda,NA,NA,abundance,Individuals per 1000 square meter,3.658
9/15/2023,SKQ202312S-DBO1.2,SKQ202312S-DBO1.2-Anonyx,62.048664,-175.198946,11:30:48,Benthos,"Plumb-staff beam trawl,  2.26m opening, 7-mm mesh net, 4-mm cod end liner",Anonyx,Genus,urn:lsid:marinespecies.org:taxname:101592,"Krøyer, 1838",Animalia,Arthropoda,Malacostraca,Amphipoda,Uristidae,Anonyx,abundance,Individuals per 1000 square meter,1.219
9/15/2023,SKQ202312S-DBO1.2,SKQ202312S-DBO1.2-Buccinum ciliatum,62.048664,-175.198946,11:30:48,Benthos,"Plumb-staff beam trawl,  2.26m opening, 7-mm mesh net, 4-mm cod end liner",Buccinum ciliatum,Species,urn:lsid:marinespecies.org:taxname:138860,"O. Fabricius, 1780",Animalia,Mollusca,Gastropoda,Neogastropoda,Buccinidae,Buccinum,abundance,Individuals per 1000 square meter,7.317
9/15/2023,SKQ202312S-DBO1.2,SKQ202312S-DBO1.2-Buccinum plectrum,62.048664,-175.198946,11:30:48,Benthos,"Plumb-staff beam trawl,  2.26m opening, 7-mm mesh net, 4-mm cod end liner",Buccinum plectrum,Species,urn:lsid:marinespecies.org:taxname:160127,"W. Stimpson, 1865",Animalia,Mollusca,Gastropoda,Neogastropoda,Buccinidae,Buccinum,abundance,Individuals per 1000 square meter,6.097
9/15/2023,SKQ202312S-DBO1.2,SKQ202312S-DBO1.2-Buccinum polare,62.048664,-175.198946,11:30:48,Benthos,"Plumb-staff beam trawl,  2.26m opening, 7-mm mesh net, 4-mm cod end liner",Buccinum polare,Species,urn:lsid:marinespecies.org:taxname:138873,"Gray, 1839",Animalia,Mollusca,Gastropoda,Neogastropoda,Buccinidae,Buccinum,abundance,Individuals per 1000 square meter,14.634
9/15/2023,SKQ202312S-DBO1.2,SKQ202312S-DBO1.2-Buccinum scalariforme,62.048664,-175.198946,11:30:48,Benthos,"Plumb-staff beam trawl,  2.26m opening, 7-mm mesh net, 4-mm cod end liner",Buccinum scalariforme,Species,urn:lsid:marinespecies.org:taxname:138875,"Møller, 1842",Animalia,Mollusca,Gastropoda,Neogastropoda,Buccinidae,Buccinum,abundance,Individuals per 1000 square meter,8.536
9/15/2023,SKQ202312S-DBO1.2,SKQ202312S-DBO1.2-Chionoecetes opilio,62.048664,-175.198946,11:30:48,Benthos,"Plumb-staff beam trawl,  2.26m opening, 7-mm mesh net, 4-mm cod end liner",Chionoecetes opilio,Species,urn:lsid:marinespecies.org:taxname:107315,"Fabricius, 1788",Animalia,Arthropoda,Malacostraca,Decapoda,Oregoniidae,Chionoecetes,abundance,Individuals per 1000 square meter,52.437
9/15/2023,SKQ202312S-DBO1.2,SKQ202312S-DBO1.2-Crangon dalli,62.048664,-175.198946,11:30:48,Benthos,"Plumb-staff beam trawl,  2.26m opening, 7-mm mesh net, 4-mm cod end liner",Crangon dalli,Species,urn:lsid:marinespecies.org:taxname:254486,"Rathbun, 1902",Animalia,Arthropoda,Malacostraca,Decapoda,Crangonidae,Crangon,abundance,Individuals per 1000 square meter,7.317
9/15/2023,SKQ202312S-DBO1.2,SKQ202312S-DBO1.2-Cryptonatica affinis,62.048664,-175.198946,11:30:48,Benthos,"Plumb-staff beam trawl,  2.26m opening, 7-mm mesh net, 4-mm cod end liner",Cryptonatica affinis,Species,urn:lsid:marinespecies.org:taxname:140525,"Gmelin, 1791",Animalia,Mollusca,Gastropoda,Littorinimorpha,Ticidae,Cryptonatica,abundance,Individuals per 1000 square meter,118.288
9/15/2023,SKQ202312S-DBO1.2,SKQ202312S-DBO1.2-Eualus,62.048664,-175.198946,11:30:48,Benthos,"Plumb-staff beam trawl,  2.26m opening, 7-mm mesh net, 4-mm cod end liner",Eualus,Genus,urn:lsid:marinespecies.org:taxname:106986,"Thallwitz, 1891",Animalia,Arthropoda,Malacostraca,Decapoda,Thoridae,Eualus,abundance,Individuals per 1000 square meter,17.073
9/15/2023,SKQ202312S-DBO1.2,SKQ202312S-DBO1.2-Euspira pallida,62.048664,-175.198946,11:30:48,Benthos,"Plumb-staff beam trawl,  2.26m opening, 7-mm mesh net, 4-mm cod end liner",Euspira pallida,Species,urn:lsid:marinespecies.org:taxname:140536,"Broderip & G. B. Sowerby I, 1829",Animalia,Mollusca,Gastropoda,Littorinimorpha,Naticidae,Euspira,abundance,Individuals per 1000 square meter,54.876
9/15/2023,SKQ202312S-DBO1.2,SKQ202312S-DBO1.2-Gattyana ciliata,62.048664,-175.198946,11:30:48,Benthos,"Plumb-staff beam trawl,  2.26m opening, 7-mm mesh net, 4-mm cod end liner",Gattyana ciliata,Species,urn:lsid:marinespecies.org:taxname:254456,"Moore, 1902",Animalia,Annelida,Polychaeta,Phyllodocida,Polynoidae,Gattyana,abundance,Individuals per 1000 square meter,1.219
9/15/2023,SKQ202312S-DBO1.2,SKQ202312S-DBO1.2-Harmothoe imbricata,62.048664,-175.198946,11:30:48,Benthos,"Plumb-staff beam trawl,  2.26m opening, 7-mm mesh net, 4-mm cod end liner",Harmothoe imbricata,Species,urn:lsid:marinespecies.org:taxname:130769,"Linnaeus, 1767",Animalia,Annelida,Polychaeta,Phyllodocida,Polynoidae,Harmothoe,abundance,Individuals per 1000 square meter,6.097
9/15/2023,SKQ202312S-DBO1.2,SKQ202312S-DBO1.2-Labidochirus splendescens,62.048664,-175.198946,11:30:48,Benthos,"Plumb-staff beam trawl,  2.26m opening, 7-mm mesh net, 4-mm cod end liner",Labidochirus splendescens,Species,urn:lsid:marinespecies.org:taxname:248348,"Owen, 1839",Animalia,Arthropoda,Malacostraca,Decapoda,Paguridae,Labidochirus,abundance,Individuals per 1000 square meter,1.219
9/15/2023,SKQ202312S-DBO1.2,SKQ202312S-DBO1.2-Leptasterias (Hexasterias) polaris katherinae,62.048664,-175.198946,11:30:48,Benthos,"Plumb-staff beam trawl,  2.26m opening, 7-mm mesh net, 4-mm cod end liner",Leptasterias (Hexasterias) polaris katherinae,Species,urn:lsid:marinespecies.org:taxname:379157,"Gray, 1840",Animalia,Echinodermata,Asteroidea,Forcipulatida,Asteriidae,Leptasterias,abundance,Individuals per 1000 square meter,12.195
9/15/2023,SKQ202312S-DBO1.2,SKQ202312S-DBO1.2-Leptasterias groenlandica,62.048664,-175.198946,11:30:48,Benthos,"Plumb-staff beam trawl,  2.26m opening, 7-mm mesh net, 4-mm cod end liner",Leptasterias groenlandica,Species,urn:lsid:marinespecies.org:taxname:369176,"Steenstrup in Lutken, 1857",Animalia,Echinodermata,Asteroidea,Forcipulatida,Asteriidae,Leptasterias,abundance,Individuals per 1000 square meter,1.219
9/15/2023,SKQ202312S-DBO1.2,SKQ202312S-DBO1.2-Margarites costalis,62.048664,-175.198946,11:30:48,Benthos,"Plumb-staff beam trawl,  2.26m opening, 7-mm mesh net, 4-mm cod end liner",Margarites costalis,Species,urn:lsid:marinespecies.org:taxname:141819,"A. Gould, 1841",Animalia,Mollusca,Gastropoda,Trochida,Margaritidae,Margarites,abundance,Individuals per 1000 square meter,6.097
9/15/2023,SKQ202312S-DBO1.2,SKQ202312S-DBO1.2-Myriotrochus rinkii,62.048664,-175.198946,11:30:48,Benthos,"Plumb-staff beam trawl,  2.26m opening, 7-mm mesh net, 4-mm cod end liner",Myriotrochus rinkii,Species,urn:lsid:marinespecies.org:taxname:124446,"Steenstrup, 1851",Animalia,Echinodermata,Holothuroidea,Apodida,Myriotrochidae,Myriotrochus,abundance,Individuals per 1000 square meter,925.574
9/15/2023,SKQ202312S-DBO1.2,SKQ202312S-DBO1.2-Nemertea,62.048664,-175.198946,11:30:48,Benthos,"Plumb-staff beam trawl,  2.26m opening, 7-mm mesh net, 4-mm cod end liner",Nemertea,Phylum,urn:lsid:marinespecies.org:taxname:152391,NA,Animalia,Nemertea,NA,NA,NA,NA,abundance,Individuals per 1000 square meter,2.439
9/15/2023,SKQ202312S-DBO1.2,SKQ202312S-DBO1.2-Neptunea communis,62.048664,-175.198946,11:30:48,Benthos,"Plumb-staff beam trawl,  2.26m opening, 7-mm mesh net, 4-mm cod end liner",Neptunea communis,Species,urn:lsid:marinespecies.org:taxname:254656,"Middendorff, 1849",Animalia,Mollusca,Gastropoda,Neogastropoda,Buccinidae,Neptunea,abundance,Individuals per 1000 square meter,1.219
9/15/2023,SKQ202312S-DBO1.2,SKQ202312S-DBO1.2-Neptunea heros,62.048664,-175.198946,11:30:48,Benthos,"Plumb-staff beam trawl,  2.26m opening, 7-mm mesh net, 4-mm cod end liner",Neptunea heros,Species,urn:lsid:marinespecies.org:taxname:254479,"J. E. Gray, 1850",Animalia,Mollusca,Gastropoda,Neogastropoda,Buccinidae,Neptunea,abundance,Individuals per 1000 square meter,4.878
9/15/2023,SKQ202312S-DBO1.2,SKQ202312S-DBO1.2-Notostomum laeve,62.048664,-175.198946,11:30:48,Benthos,"Plumb-staff beam trawl,  2.26m opening, 7-mm mesh net, 4-mm cod end liner",Notostomum laeve,Species,urn:lsid:marinespecies.org:taxname:116974,"Levinsen, 1882",Animalia,Annelida,Clitellata,Rhynchobdellida,Piscicolidae,Notostomum,abundance,Individuals per 1000 square meter,1.219
9/15/2023,SKQ202312S-DBO1.2,SKQ202312S-DBO1.2-Ophiura sarsii,62.048664,-175.198946,11:30:48,Benthos,"Plumb-staff beam trawl,  2.26m opening, 7-mm mesh net, 4-mm cod end liner",Ophiura sarsii,Species,urn:lsid:marinespecies.org:taxname:124934,"Lütken, 1855",Animalia,Echinodermata,Ophiuroidea,Ophiurida,Ophiuridae,Ophiura,abundance,Individuals per 1000 square meter,8853.319
9/15/2023,SKQ202312S-DBO1.2,SKQ202312S-DBO1.2-Pagurus capillatus,62.048664,-175.198946,11:30:48,Benthos,"Plumb-staff beam trawl,  2.26m opening, 7-mm mesh net, 4-mm cod end liner",Pagurus capillatus,Species,urn:lsid:marinespecies.org:taxname:254489,"Benedict, 1892",Animalia,Arthropoda,Malacostraca,Decapoda,Paguridae,Pagurus,abundance,Individuals per 1000 square meter,25.609
9/15/2023,SKQ202312S-DBO1.2,SKQ202312S-DBO1.2-Pagurus trigonocheirus,62.048664,-175.198946,11:30:48,Benthos,"Plumb-staff beam trawl,  2.26m opening, 7-mm mesh net, 4-mm cod end liner",Pagurus trigonocheirus,Species,urn:lsid:marinespecies.org:taxname:254490,"Stimpson, 1858",Animalia,Arthropoda,Malacostraca,Decapoda,Paguridae,Pagurus,abundance,Individuals per 1000 square meter,3.658
9/15/2023,SKQ202312S-DBO1.2,SKQ202312S-DBO1.2-Pardalisca,62.048664,-175.198946,11:30:48,Benthos,"Plumb-staff beam trawl,  2.26m opening, 7-mm mesh net, 4-mm cod end liner",Pardalisca,Genus,urn:lsid:marinespecies.org:taxname:101710,"Krøyer, 1842",Animalia,Arthropoda,Malacostraca,Amphipoda,Pardaliscidae,Pardalisca,abundance,Individuals per 1000 square meter,1.219
9/15/2023,SKQ202312S-DBO1.2,SKQ202312S-DBO1.2-Phyllodoce groenlandica,62.048664,-175.198946,11:30:48,Benthos,"Plumb-staff beam trawl,  2.26m opening, 7-mm mesh net, 4-mm cod end liner",Phyllodoce groenlandica,Species,urn:lsid:marinespecies.org:taxname:334506,"Örsted, 1842",Animalia,Annelida,Polychaeta,Phyllodocida,Phyllodocidae,Phyllodoce,abundance,Individuals per 1000 square meter,1.219
9/15/2023,SKQ202312S-DBO1.2,SKQ202312S-DBO1.2-Polynoidae,62.048664,-175.198946,11:30:48,Benthos,"Plumb-staff beam trawl,  2.26m opening, 7-mm mesh net, 4-mm cod end liner",Polynoidae,Family,urn:lsid:marinespecies.org:taxname:939,"Kinberg, 1856",Animalia,Annelida,Polychaeta,Phyllodocida,NA,NA,abundance,Individuals per 1000 square meter,1.219
9/15/2023,SKQ202312S-DBO1.2,SKQ202312S-DBO1.2-Quasimelita formosa,62.048664,-175.198946,11:30:48,Benthos,"Plumb-staff beam trawl,  2.26m opening, 7-mm mesh net, 4-mm cod end liner",Quasimelita formosa,Species,urn:lsid:marinespecies.org:taxname:423709,"Murdoch, 1885",Animalia,Arthropoda,Malacostraca,Amphipoda,Melitidae,Quasimelita,abundance,Individuals per 1000 square meter,4.878
9/15/2023,SKQ202312S-DBO1.2,SKQ202312S-DBO1.2-Serripes groenlandicus,62.048664,-175.198946,11:30:48,Benthos,"Plumb-staff beam trawl,  2.26m opening, 7-mm mesh net, 4-mm cod end liner",Serripes groenlandicus,Species,urn:lsid:marinespecies.org:taxname:582749,"Mohr, 1786",Animalia,Mollusca,Bivalvia,Cardiida,Cardiidae,Serripes,abundance,Individuals per 1000 square meter,1.219
9/15/2023,SKQ202312S-DBO1.2,SKQ202312S-DBO1.2-Stomphia,62.048664,-175.198946,11:30:48,Benthos,"Plumb-staff beam trawl,  2.26m opening, 7-mm mesh net, 4-mm cod end liner",Stomphia,Genus,urn:lsid:marinespecies.org:taxname:100716,"Gosse, 1859",Animalia,Cnidaria,Anthozoa,Actiniaria,Actinostolidae,Stomphia,abundance,Individuals per 1000 square meter,3.658
9/16/2023,SKQ202312S-DBO1.4,SKQ202312S-DBO1.4-Admete solida,62.388669,-174.576124,0:30:33,Benthos,"Plumb-staff beam trawl,  2.26m opening, 7-mm mesh net, 4-mm cod end liner",Admete solida,Species,urn:lsid:marinespecies.org:taxname:576338,"Aurivillius, 1885",Animalia,Mollusca,Gastropoda,Neogastropoda,Cancellariidae,Admete,abundance,Individuals per 1000 square meter,6.737
9/16/2023,SKQ202312S-DBO1.4,SKQ202312S-DBO1.4-Admete viridula,62.388669,-174.576124,0:30:33,Benthos,"Plumb-staff beam trawl,  2.26m opening, 7-mm mesh net, 4-mm cod end liner",Admete viridula,Species,urn:lsid:marinespecies.org:taxname:138969,"O. Fabricius, 1780",Animalia,Mollusca,Gastropoda,Neogastropoda,Cancellariidae,Admete,abundance,Individuals per 1000 square meter,3.369
9/16/2023,SKQ202312S-DBO1.4,SKQ202312S-DBO1.4-Argis,62.388669,-174.576124,0:30:33,Benthos,"Plumb-staff beam trawl,  2.26m opening, 7-mm mesh net, 4-mm cod end liner",Argis,Genus,urn:lsid:marinespecies.org:taxname:107006,"Krøyer, 1843",Animalia,Arthropoda,Malacostraca,Decapoda,Crangonidae,Argis,abundance,Individuals per 1000 square meter,5.895
9/16/2023,SKQ202312S-DBO1.4,SKQ202312S-DBO1.4-Arrhis phyllonyx,62.388669,-174.576124,0:30:33,Benthos,"Plumb-staff beam trawl,  2.26m opening, 7-mm mesh net, 4-mm cod end liner",Arrhis phyllonyx,Species,urn:lsid:marinespecies.org:taxname:102870,"M. Sars, 1858",Animalia,Arthropoda,Malacostraca,Amphipoda,Oedicerotidae,Arrhis,abundance,Individuals per 1000 square meter,3.369
9/16/2023,SKQ202312S-DBO1.4,SKQ202312S-DBO1.4-Buccinum,62.388669,-174.576124,0:30:33,Benthos,"Plumb-staff beam trawl,  2.26m opening, 7-mm mesh net, 4-mm cod end liner",Buccinum,Genus,urn:lsid:marinespecies.org:taxname:137701,"Linnaeus, 1758",Animalia,Mollusca,Gastropoda,Neogastropoda,Buccinidae,Buccinum,abundance,Individuals per 1000 square meter,10.106
9/16/2023,SKQ202312S-DBO1.4,SKQ202312S-DBO1.4-Buccinum ciliatum,62.388669,-174.576124,0:30:33,Benthos,"Plumb-staff beam trawl,  2.26m opening, 7-mm mesh net, 4-mm cod end liner",Buccinum ciliatum,Species,urn:lsid:marinespecies.org:taxname:138860,"O. Fabricius, 1780",Animalia,Mollusca,Gastropoda,Neogastropoda,Buccinidae,Buccinum,abundance,Individuals per 1000 square meter,0.842
9/16/2023,SKQ202312S-DBO1.4,SKQ202312S-DBO1.4-Buccinum polare,62.388669,-174.576124,0:30:33,Benthos,"Plumb-staff beam trawl,  2.26m opening, 7-mm mesh net, 4-mm cod end liner",Buccinum polare,Species,urn:lsid:marinespecies.org:taxname:138873,"Gray, 1839",Animalia,Mollusca,Gastropoda,Neogastropoda,Buccinidae,Buccinum,abundance,Individuals per 1000 square meter,5.053
9/16/2023,SKQ202312S-DBO1.4,SKQ202312S-DBO1.4-Chionoecetes opilio,62.388669,-174.576124,0:30:33,Benthos,"Plumb-staff beam trawl,  2.26m opening, 7-mm mesh net, 4-mm cod end liner",Chionoecetes opilio,Species,urn:lsid:marinespecies.org:taxname:107315,"Fabricius, 1788",Animalia,Arthropoda,Malacostraca,Decapoda,Oregoniidae,Chionoecetes,abundance,Individuals per 1000 square meter,8.422
9/16/2023,SKQ202312S-DBO1.4,SKQ202312S-DBO1.4-Crangon dalli,62.388669,-174.576124,0:30:33,Benthos,"Plumb-staff beam trawl,  2.26m opening, 7-mm mesh net, 4-mm cod end liner",Crangon dalli,Species,urn:lsid:marinespecies.org:taxname:254486,"Rathbun, 1902",Animalia,Arthropoda,Malacostraca,Decapoda,Crangonidae,Crangon,abundance,Individuals per 1000 square meter,2.526
9/16/2023,SKQ202312S-DBO1.4,SKQ202312S-DBO1.4-Cryptonatica affinis,62.388669,-174.576124,0:30:33,Benthos,"Plumb-staff beam trawl,  2.26m opening, 7-mm mesh net, 4-mm cod end liner",Cryptonatica affinis,Species,urn:lsid:marinespecies.org:taxname:140525,"Gmelin, 1791",Animalia,Mollusca,Gastropoda,Littorinimorpha,Ticidae,Cryptonatica,abundance,Individuals per 1000 square meter,76.636
9/16/2023,SKQ202312S-DBO1.4,SKQ202312S-DBO1.4-Eualus macilentus,62.388669,-174.576124,0:30:33,Benthos,"Plumb-staff beam trawl,  2.26m opening, 7-mm mesh net, 4-mm cod end liner",Eualus macilentus,Species,urn:lsid:marinespecies.org:taxname:158359,"Krøyer, 1841",Animalia,Arthropoda,Malacostraca,Decapoda,Thoridae,Eualus,abundance,Individuals per 1000 square meter,17.685
9/16/2023,SKQ202312S-DBO1.4,SKQ202312S-DBO1.4-Euspira pallida,62.388669,-174.576124,0:30:33,Benthos,"Plumb-staff beam trawl,  2.26m opening, 7-mm mesh net, 4-mm cod end liner",Euspira pallida,Species,urn:lsid:marinespecies.org:taxname:140536,"Broderip & G. B. Sowerby I, 1829",Animalia,Mollusca,Gastropoda,Littorinimorpha,Naticidae,Euspira,abundance,Individuals per 1000 square meter,5.895
9/16/2023,SKQ202312S-DBO1.4,SKQ202312S-DBO1.4-Gattyana ciliata,62.388669,-174.576124,0:30:33,Benthos,"Plumb-staff beam trawl,  2.26m opening, 7-mm mesh net, 4-mm cod end liner",Gattyana ciliata,Species,urn:lsid:marinespecies.org:taxname:254456,"Moore, 1902",Animalia,Annelida,Polychaeta,Phyllodocida,Polynoidae,Gattyana,abundance,Individuals per 1000 square meter,0.842
9/16/2023,SKQ202312S-DBO1.4,SKQ202312S-DBO1.4-Gorgonocephalus eucnemis,62.388669,-174.576124,0:30:33,Benthos,"Plumb-staff beam trawl,  2.26m opening, 7-mm mesh net, 4-mm cod end liner",Gorgonocephalus eucnemis,Species,urn:lsid:marinespecies.org:taxname:124969,"Müller & Troschel, 1842",Animalia,Echinodermata,Ophiuroidea,Euryalida,Gorgonocephalidae,Gorgonocephalus,abundance,Individuals per 1000 square meter,0.842
9/16/2023,SKQ202312S-DBO1.4,SKQ202312S-DBO1.4-Leptasterias (Hexasterias) polaris katherinae,62.388669,-174.576124,0:30:33,Benthos,"Plumb-staff beam trawl,  2.26m opening, 7-mm mesh net, 4-mm cod end liner",Leptasterias (Hexasterias) polaris katherinae,Species,urn:lsid:marinespecies.org:taxname:379157,"Gray, 1840",Animalia,Echinodermata,Asteroidea,Forcipulatida,Asteriidae,Leptasterias,abundance,Individuals per 1000 square meter,4.211
9/16/2023,SKQ202312S-DBO1.4,SKQ202312S-DBO1.4-Leptasterias groenlandica,62.388669,-174.576124,0:30:33,Benthos,"Plumb-staff beam trawl,  2.26m opening, 7-mm mesh net, 4-mm cod end liner",Leptasterias groenlandica,Species,urn:lsid:marinespecies.org:taxname:369176,"Steenstrup in Lutken, 1857",Animalia,Echinodermata,Asteroidea,Forcipulatida,Asteriidae,Leptasterias,abundance,Individuals per 1000 square meter,2.526
9/16/2023,SKQ202312S-DBO1.4,SKQ202312S-DBO1.4-Margarites costalis,62.388669,-174.576124,0:30:33,Benthos,"Plumb-staff beam trawl,  2.26m opening, 7-mm mesh net, 4-mm cod end liner",Margarites costalis,Species,urn:lsid:marinespecies.org:taxname:141819,"A. Gould, 1841",Animalia,Mollusca,Gastropoda,Trochida,Margaritidae,Margarites,abundance,Individuals per 1000 square meter,0.842
9/16/2023,SKQ202312S-DBO1.4,SKQ202312S-DBO1.4-Nemertea,62.388669,-174.576124,0:30:33,Benthos,"Plumb-staff beam trawl,  2.26m opening, 7-mm mesh net, 4-mm cod end liner",Nemertea,Phylum,urn:lsid:marinespecies.org:taxname:152391,NA,Animalia,Nemertea,NA,NA,NA,NA,abundance,Individuals per 1000 square meter,29.475
9/16/2023,SKQ202312S-DBO1.4,SKQ202312S-DBO1.4-Neocrangon communis,62.388669,-174.576124,0:30:33,Benthos,"Plumb-staff beam trawl,  2.26m opening, 7-mm mesh net, 4-mm cod end liner",Neocrangon communis,Species,urn:lsid:marinespecies.org:taxname:423552,"Rathbun, 1899",Animalia,Arthropoda,Malacostraca,Decapoda,Crangonidae,Neocrangon,abundance,Individuals per 1000 square meter,1.684
9/16/2023,SKQ202312S-DBO1.4,SKQ202312S-DBO1.4-Neptunea heros,62.388669,-174.576124,0:30:33,Benthos,"Plumb-staff beam trawl,  2.26m opening, 7-mm mesh net, 4-mm cod end liner",Neptunea heros,Species,urn:lsid:marinespecies.org:taxname:254479,"J. E. Gray, 1850",Animalia,Mollusca,Gastropoda,Neogastropoda,Buccinidae,Neptunea,abundance,Individuals per 1000 square meter,3.369
9/16/2023,SKQ202312S-DBO1.4,SKQ202312S-DBO1.4-Ophiura sarsii,62.388669,-174.576124,0:30:33,Benthos,"Plumb-staff beam trawl,  2.26m opening, 7-mm mesh net, 4-mm cod end liner",Ophiura sarsii,Species,urn:lsid:marinespecies.org:taxname:124934,"Lütken, 1855",Animalia,Echinodermata,Ophiuroidea,Ophiurida,Ophiuridae,Ophiura,abundance,Individuals per 1000 square meter,7329.287
9/16/2023,SKQ202312S-DBO1.4,SKQ202312S-DBO1.4-Pagurus capillatus,62.388669,-174.576124,0:30:33,Benthos,"Plumb-staff beam trawl,  2.26m opening, 7-mm mesh net, 4-mm cod end liner",Pagurus capillatus,Species,urn:lsid:marinespecies.org:taxname:254489,"Benedict, 1892",Animalia,Arthropoda,Malacostraca,Decapoda,Paguridae,Pagurus,abundance,Individuals per 1000 square meter,5.053
9/16/2023,SKQ202312S-DBO1.4,SKQ202312S-DBO1.4-Pardalisca,62.388669,-174.576124,0:30:33,Benthos,"Plumb-staff beam trawl,  2.26m opening, 7-mm mesh net, 4-mm cod end liner",Pardalisca,Genus,urn:lsid:marinespecies.org:taxname:101710,"Krøyer, 1842",Animalia,Arthropoda,Malacostraca,Amphipoda,Pardaliscidae,Pardalisca,abundance,Individuals per 1000 square meter,13.475
9/16/2023,SKQ202312S-DBO1.4,SKQ202312S-DBO1.4-Quasimelita formosa,62.388669,-174.576124,0:30:33,Benthos,"Plumb-staff beam trawl,  2.26m opening, 7-mm mesh net, 4-mm cod end liner",Quasimelita formosa,Species,urn:lsid:marinespecies.org:taxname:423709,"Murdoch, 1885",Animalia,Arthropoda,Malacostraca,Amphipoda,Melitidae,Quasimelita,abundance,Individuals per 1000 square meter,0.842
9/16/2023,SKQ202312S-DBO1.4,SKQ202312S-DBO1.4-Stomphia,62.388669,-174.576124,0:30:33,Benthos,"Plumb-staff beam trawl,  2.26m opening, 7-mm mesh net, 4-mm cod end liner",Stomphia,Genus,urn:lsid:marinespecies.org:taxname:100716,"Gosse, 1859",Animalia,Cnidaria,Anthozoa,Actiniaria,Actinostolidae,Stomphia,abundance,Individuals per 1000 square meter,12.632
9/16/2023,SKQ202312S-DBO1.8,SKQ202312S-DBO1.8-Admete solida,63.031423,-173.459672,13:06:03,Benthos,"Plumb-staff beam trawl,  2.26m opening, 7-mm mesh net, 4-mm cod end liner",Admete solida,Species,urn:lsid:marinespecies.org:taxname:576338,"Aurivillius, 1885",Animalia,Mollusca,Gastropoda,Neogastropoda,Cancellariidae,Admete,abundance,Individuals per 1000 square meter,60.194
9/16/2023,SKQ202312S-DBO1.8,SKQ202312S-DBO1.8-Amphipoda,63.031423,-173.459672,13:06:03,Benthos,"Plumb-staff beam trawl,  2.26m opening, 7-mm mesh net, 4-mm cod end liner",Amphipoda,Order,urn:lsid:marinespecies.org:taxname:1135,"Latreille, 1816",Animalia,Arthropoda,Malacostraca,Amphipoda,NA,NA,abundance,Individuals per 1000 square meter,46.817
9/16/2023,SKQ202312S-DBO1.8,SKQ202312S-DBO1.8-Anomalisipho martensi,63.031423,-173.459672,13:06:03,Benthos,"Plumb-staff beam trawl,  2.26m opening, 7-mm mesh net, 4-mm cod end liner",Anomalisipho martensi,Species,urn:lsid:marinespecies.org:taxname:821662,"A. Krause, 1885",Animalia,Mollusca,Gastropoda,Neogastropoda,Buccinidae,Anomalisipho,abundance,Individuals per 1000 square meter,2.229
9/16/2023,SKQ202312S-DBO1.8,SKQ202312S-DBO1.8-Anonyx,63.031423,-173.459672,13:06:03,Benthos,"Plumb-staff beam trawl,  2.26m opening, 7-mm mesh net, 4-mm cod end liner",Anonyx,Genus,urn:lsid:marinespecies.org:taxname:101592,"Krøyer, 1838",Animalia,Arthropoda,Malacostraca,Amphipoda,Uristidae,Anonyx,abundance,Individuals per 1000 square meter,8.918
9/16/2023,SKQ202312S-DBO1.8,SKQ202312S-DBO1.8-Argis,63.031423,-173.459672,13:06:03,Benthos,"Plumb-staff beam trawl,  2.26m opening, 7-mm mesh net, 4-mm cod end liner",Argis,Genus,urn:lsid:marinespecies.org:taxname:107006,"Krøyer, 1843",Animalia,Arthropoda,Malacostraca,Decapoda,Crangonidae,Argis,abundance,Individuals per 1000 square meter,5.945
9/16/2023,SKQ202312S-DBO1.8,SKQ202312S-DBO1.8-Arrhis phyllonyx,63.031423,-173.459672,13:06:03,Benthos,"Plumb-staff beam trawl,  2.26m opening, 7-mm mesh net, 4-mm cod end liner",Arrhis phyllonyx,Species,urn:lsid:marinespecies.org:taxname:102870,"M. Sars, 1858",Animalia,Arthropoda,Malacostraca,Amphipoda,Oedicerotidae,Arrhis,abundance,Individuals per 1000 square meter,6.688
9/16/2023,SKQ202312S-DBO1.8,SKQ202312S-DBO1.8-Brada villosa,63.031423,-173.459672,13:06:03,Benthos,"Plumb-staff beam trawl,  2.26m opening, 7-mm mesh net, 4-mm cod end liner",Brada villosa,Species,urn:lsid:marinespecies.org:taxname:1355594,"Rathke, 1843",Animalia,Annelida,Polychaeta,Terebellida,Flabelligeridae,Brada,abundance,Individuals per 1000 square meter,2.229
9/16/2023,SKQ202312S-DBO1.8,SKQ202312S-DBO1.8-Chionoecetes opilio,63.031423,-173.459672,13:06:03,Benthos,"Plumb-staff beam trawl,  2.26m opening, 7-mm mesh net, 4-mm cod end liner",Chionoecetes opilio,Species,urn:lsid:marinespecies.org:taxname:107315,"Fabricius, 1788",Animalia,Arthropoda,Malacostraca,Decapoda,Oregoniidae,Chionoecetes,abundance,Individuals per 1000 square meter,11.147
9/16/2023,SKQ202312S-DBO1.8,SKQ202312S-DBO1.8-Cistenides hyperborea,63.031423,-173.459672,13:06:03,Benthos,"Plumb-staff beam trawl,  2.26m opening, 7-mm mesh net, 4-mm cod end liner",Cistenides hyperborea,Species,urn:lsid:marinespecies.org:taxname:157317,"Malmgren, 1866",Animalia,Annelida,Polychaeta,Terebellida,Pectiriidae,Cistenides,abundance,Individuals per 1000 square meter,98.093
9/16/2023,SKQ202312S-DBO1.8,SKQ202312S-DBO1.8-Crangon dalli,63.031423,-173.459672,13:06:03,Benthos,"Plumb-staff beam trawl,  2.26m opening, 7-mm mesh net, 4-mm cod end liner",Crangon dalli,Species,urn:lsid:marinespecies.org:taxname:254486,"Rathbun, 1902",Animalia,Arthropoda,Malacostraca,Decapoda,Crangonidae,Crangon,abundance,Individuals per 1000 square meter,0.743
9/16/2023,SKQ202312S-DBO1.8,SKQ202312S-DBO1.8-Cryptonatica affinis,63.031423,-173.459672,13:06:03,Benthos,"Plumb-staff beam trawl,  2.26m opening, 7-mm mesh net, 4-mm cod end liner",Cryptonatica affinis,Species,urn:lsid:marinespecies.org:taxname:140525,"Gmelin, 1791",Animalia,Mollusca,Gastropoda,Littorinimorpha,Ticidae,Cryptonatica,abundance,Individuals per 1000 square meter,151.599
9/16/2023,SKQ202312S-DBO1.8,SKQ202312S-DBO1.8-Cylichna alba,63.031423,-173.459672,13:06:03,Benthos,"Plumb-staff beam trawl,  2.26m opening, 7-mm mesh net, 4-mm cod end liner",Cylichna alba,Species,urn:lsid:marinespecies.org:taxname:139474,"T. Brown, 1827",Animalia,Mollusca,Gastropoda,Cephalaspidea,Cylichnidae,Cylichna,abundance,Individuals per 1000 square meter,626.46
9/16/2023,SKQ202312S-DBO1.8,SKQ202312S-DBO1.8-Cylichnoides occultus,63.031423,-173.459672,13:06:03,Benthos,"Plumb-staff beam trawl,  2.26m opening, 7-mm mesh net, 4-mm cod end liner",Cylichnoides occultus,Species,urn:lsid:marinespecies.org:taxname:884604,"Mighels & C. B. Adams, 1842",Animalia,Mollusca,Gastropoda,Cephalaspidea,Eoscaphandridae,Cylichnoides,abundance,Individuals per 1000 square meter,28.982
9/16/2023,SKQ202312S-DBO1.8,SKQ202312S-DBO1.8-Eualus,63.031423,-173.459672,13:06:03,Benthos,"Plumb-staff beam trawl,  2.26m opening, 7-mm mesh net, 4-mm cod end liner",Eualus,Genus,urn:lsid:marinespecies.org:taxname:106986,"Thallwitz, 1891",Animalia,Arthropoda,Malacostraca,Decapoda,Thoridae,Eualus,abundance,Individuals per 1000 square meter,1.486
9/16/2023,SKQ202312S-DBO1.8,SKQ202312S-DBO1.8-Eualus gaimardii ,63.031423,-173.459672,13:06:03,Benthos,"Plumb-staff beam trawl,  2.26m opening, 7-mm mesh net, 4-mm cod end liner",Eualus gaimardii ,Species,urn:lsid:marinespecies.org:taxname:107504,"H. Milne Edwards, 1837",Animalia,Arthropoda,Malacostraca,Decapoda,Thoridae,Eualus,abundance,Individuals per 1000 square meter,3.716
9/16/2023,SKQ202312S-DBO1.8,SKQ202312S-DBO1.8-Eualus macilentus,63.031423,-173.459672,13:06:03,Benthos,"Plumb-staff beam trawl,  2.26m opening, 7-mm mesh net, 4-mm cod end liner",Eualus macilentus,Species,urn:lsid:marinespecies.org:taxname:158359,"Krøyer, 1841",Animalia,Arthropoda,Malacostraca,Decapoda,Thoridae,Eualus,abundance,Individuals per 1000 square meter,2.973
9/16/2023,SKQ202312S-DBO1.8,SKQ202312S-DBO1.8-Euspira pallida,63.031423,-173.459672,13:06:03,Benthos,"Plumb-staff beam trawl,  2.26m opening, 7-mm mesh net, 4-mm cod end liner",Euspira pallida,Species,urn:lsid:marinespecies.org:taxname:140536,"Broderip & G. B. Sowerby I, 1829",Animalia,Mollusca,Gastropoda,Littorinimorpha,Naticidae,Euspira,abundance,Individuals per 1000 square meter,8.918
9/16/2023,SKQ202312S-DBO1.8,SKQ202312S-DBO1.8-Gattyana,63.031423,-173.459672,13:06:03,Benthos,"Plumb-staff beam trawl,  2.26m opening, 7-mm mesh net, 4-mm cod end liner",Gattyana,Genus,urn:lsid:marinespecies.org:taxname:129488,"McIntosh, 1897",Animalia,Annelida,Polychaeta,Phyllodocida,Polynoidae,Gattyana,abundance,Individuals per 1000 square meter,2.229
9/16/2023,SKQ202312S-DBO1.8,SKQ202312S-DBO1.8-Margarites costalis,63.031423,-173.459672,13:06:03,Benthos,"Plumb-staff beam trawl,  2.26m opening, 7-mm mesh net, 4-mm cod end liner",Margarites costalis,Species,urn:lsid:marinespecies.org:taxname:141819,"A. Gould, 1841",Animalia,Mollusca,Gastropoda,Trochida,Margaritidae,Margarites,abundance,Individuals per 1000 square meter,11.147
9/16/2023,SKQ202312S-DBO1.8,SKQ202312S-DBO1.8-Musculus glacialis,63.031423,-173.459672,13:06:03,Benthos,"Plumb-staff beam trawl,  2.26m opening, 7-mm mesh net, 4-mm cod end liner",Musculus glacialis,Species,urn:lsid:marinespecies.org:taxname:467467,"Leche, 1883",Animalia,Mollusca,Bivalvia,Mytilida,Mytilidae,Musculus,abundance,Individuals per 1000 square meter,2.229
9/16/2023,SKQ202312S-DBO1.8,SKQ202312S-DBO1.8-Myriotrochus rinkii,63.031423,-173.459672,13:06:03,Benthos,"Plumb-staff beam trawl,  2.26m opening, 7-mm mesh net, 4-mm cod end liner",Myriotrochus rinkii,Species,urn:lsid:marinespecies.org:taxname:124446,"Steenstrup, 1851",Animalia,Echinodermata,Holothuroidea,Apodida,Myriotrochidae,Myriotrochus,abundance,Individuals per 1000 square meter,193.957
9/16/2023,SKQ202312S-DBO1.8,SKQ202312S-DBO1.8-Nemertea,63.031423,-173.459672,13:06:03,Benthos,"Plumb-staff beam trawl,  2.26m opening, 7-mm mesh net, 4-mm cod end liner",Nemertea,Phylum,urn:lsid:marinespecies.org:taxname:152391,NA,Animalia,Nemertea,NA,NA,NA,NA,abundance,Individuals per 1000 square meter,138.223
9/16/2023,SKQ202312S-DBO1.8,SKQ202312S-DBO1.8-Neoiphinoe coronata,63.031423,-173.459672,13:06:03,Benthos,"Plumb-staff beam trawl,  2.26m opening, 7-mm mesh net, 4-mm cod end liner",Neoiphinoe coronata,Species,urn:lsid:marinespecies.org:taxname:576321,"A. Gould, 1860",Animalia,Mollusca,Gastropoda,Littorinimorpha,Capulidae,Neoiphinoe,abundance,Individuals per 1000 square meter,13.376
9/16/2023,SKQ202312S-DBO1.8,SKQ202312S-DBO1.8-Ophiura sarsii,63.031423,-173.459672,13:06:03,Benthos,"Plumb-staff beam trawl,  2.26m opening, 7-mm mesh net, 4-mm cod end liner",Ophiura sarsii,Species,urn:lsid:marinespecies.org:taxname:124934,"Lütken, 1855",Animalia,Echinodermata,Ophiuroidea,Ophiurida,Ophiuridae,Ophiura,abundance,Individuals per 1000 square meter,776.573
9/16/2023,SKQ202312S-DBO1.8,SKQ202312S-DBO1.8-Pagurus capillatus,63.031423,-173.459672,13:06:03,Benthos,"Plumb-staff beam trawl,  2.26m opening, 7-mm mesh net, 4-mm cod end liner",Pagurus capillatus,Species,urn:lsid:marinespecies.org:taxname:254489,"Benedict, 1892",Animalia,Arthropoda,Malacostraca,Decapoda,Paguridae,Pagurus,abundance,Individuals per 1000 square meter,2.229
9/16/2023,SKQ202312S-DBO1.8,SKQ202312S-DBO1.8-Pardalisca,63.031423,-173.459672,13:06:03,Benthos,"Plumb-staff beam trawl,  2.26m opening, 7-mm mesh net, 4-mm cod end liner",Pardalisca,Genus,urn:lsid:marinespecies.org:taxname:101710,"Krøyer, 1842",Animalia,Arthropoda,Malacostraca,Amphipoda,Pardaliscidae,Pardalisca,abundance,Individuals per 1000 square meter,4.459
9/16/2023,SKQ202312S-DBO1.8,SKQ202312S-DBO1.8-Stomphia,63.031423,-173.459672,13:06:03,Benthos,"Plumb-staff beam trawl,  2.26m opening, 7-mm mesh net, 4-mm cod end liner",Stomphia,Genus,urn:lsid:marinespecies.org:taxname:100716,"Gosse, 1859",Animalia,Cnidaria,Anthozoa,Actiniaria,Actinostolidae,Stomphia,abundance,Individuals per 1000 square meter,2.229
9/16/2023,SKQ202312S-DBO1.8,SKQ202312S-DBO1.8-Synidotea,63.031423,-173.459672,13:06:03,Benthos,"Plumb-staff beam trawl,  2.26m opening, 7-mm mesh net, 4-mm cod end liner",Synidotea,Genus,urn:lsid:marinespecies.org:taxname:118456,"Harger, 1878",Animalia,Arthropoda,Malacostraca,Isopoda,Idoteidae,Synidotea,abundance,Individuals per 1000 square meter,4.459
9/16/2023,SKQ202312S-DBO1.8,SKQ202312S-DBO1.8-Tachyrhynchus erosus,63.031423,-173.459672,13:06:03,Benthos,"Plumb-staff beam trawl,  2.26m opening, 7-mm mesh net, 4-mm cod end liner",Tachyrhynchus erosus,Species,urn:lsid:marinespecies.org:taxname:196391,"Couthouy, 1838",Animalia,Mollusca,Gastropoda,Caenogastropoda,Turritellidae,Tachyrhynchus,abundance,Individuals per 1000 square meter,91.405
9/17/2023,SKQ202312S-DBO2.1,SKQ202312S-DBO2.1-Arcteobia anticostiensis,64.672225,-169.927144,10:11:33,Benthos,"Plumb-staff beam trawl,  2.26m opening, 7-mm mesh net, 4-mm cod end liner",Arcteobia anticostiensis,Species,urn:lsid:marinespecies.org:taxname:157214,"Mcintosh, 1874",Animalia,Annelida,Polychaeta,Phyllodocida,Polynoidae,Arcteobia,abundance,Individuals per 1000 square meter,8.601
9/17/2023,SKQ202312S-DBO2.1,SKQ202312S-DBO2.1-Arctolembos arcticus,64.672225,-169.927144,10:11:33,Benthos,"Plumb-staff beam trawl,  2.26m opening, 7-mm mesh net, 4-mm cod end liner",Arctolembos arcticus,Species,urn:lsid:marinespecies.org:taxname:102014,"Hansen, 1888",Animalia,Arthropoda,Malacostraca,Amphipoda,Aoridae,Arctolembos,abundance,Individuals per 1000 square meter,3.686
9/17/2023,SKQ202312S-DBO2.1,SKQ202312S-DBO2.1-Arctonoe fragilis,64.672225,-169.927144,10:11:33,Benthos,"Plumb-staff beam trawl,  2.26m opening, 7-mm mesh net, 4-mm cod end liner",Arctonoe fragilis,Species,urn:lsid:marinespecies.org:taxname:333029,"Baird, 1863",Animalia,Annelida,Polychaeta,Phyllodocida,Polynoidae,Arctonoe,abundance,Individuals per 1000 square meter,6.144
9/17/2023,SKQ202312S-DBO2.1,SKQ202312S-DBO2.1-Argis,64.672225,-169.927144,10:11:33,Benthos,"Plumb-staff beam trawl,  2.26m opening, 7-mm mesh net, 4-mm cod end liner",Argis,Genus,urn:lsid:marinespecies.org:taxname:107006,"Krøyer, 1843",Animalia,Arthropoda,Malacostraca,Decapoda,Crangonidae,Argis,abundance,Individuals per 1000 square meter,7.372
9/17/2023,SKQ202312S-DBO2.1,SKQ202312S-DBO2.1-Chionoecetes opilio,64.672225,-169.927144,10:11:33,Benthos,"Plumb-staff beam trawl,  2.26m opening, 7-mm mesh net, 4-mm cod end liner",Chionoecetes opilio,Species,urn:lsid:marinespecies.org:taxname:107315,"Fabricius, 1788",Animalia,Arthropoda,Malacostraca,Decapoda,Oregoniidae,Chionoecetes,abundance,Individuals per 1000 square meter,165.876
9/17/2023,SKQ202312S-DBO2.1,SKQ202312S-DBO2.1-Eualus gaimardii ,64.672225,-169.927144,10:11:33,Benthos,"Plumb-staff beam trawl,  2.26m opening, 7-mm mesh net, 4-mm cod end liner",Eualus gaimardii ,Species,urn:lsid:marinespecies.org:taxname:107504,"H. Milne Edwards, 1837",Animalia,Arthropoda,Malacostraca,Decapoda,Thoridae,Eualus,abundance,Individuals per 1000 square meter,7.372
9/17/2023,SKQ202312S-DBO2.1,SKQ202312S-DBO2.1-Eualus macilentus,64.672225,-169.927144,10:11:33,Benthos,"Plumb-staff beam trawl,  2.26m opening, 7-mm mesh net, 4-mm cod end liner",Eualus macilentus,Species,urn:lsid:marinespecies.org:taxname:158359,"Krøyer, 1841",Animalia,Arthropoda,Malacostraca,Decapoda,Thoridae,Eualus,abundance,Individuals per 1000 square meter,60.207
9/17/2023,SKQ202312S-DBO2.1,SKQ202312S-DBO2.1-Gattyana amondseni,64.672225,-169.927144,10:11:33,Benthos,"Plumb-staff beam trawl,  2.26m opening, 7-mm mesh net, 4-mm cod end liner",Gattyana amondseni,Species,urn:lsid:marinespecies.org:taxname:130748,"Malmgren, 1867",Animalia,Annelida,Polychaeta,Phyllodocida,Polynoidae,Gattyana,abundance,Individuals per 1000 square meter,1.229
9/17/2023,SKQ202312S-DBO2.1,SKQ202312S-DBO2.1-Hyas coarctatus,64.672225,-169.927144,10:11:33,Benthos,"Plumb-staff beam trawl,  2.26m opening, 7-mm mesh net, 4-mm cod end liner",Hyas coarctatus,Species,urn:lsid:marinespecies.org:taxname:107323,"Leach, 1815",Animalia,Arthropoda,Malacostraca,Decapoda,Oregoniidae,Hyas,abundance,Individuals per 1000 square meter,2.457
9/17/2023,SKQ202312S-DBO2.1,SKQ202312S-DBO2.1-Leptasterias (Hexasterias) polaris katherinae,64.672225,-169.927144,10:11:33,Benthos,"Plumb-staff beam trawl,  2.26m opening, 7-mm mesh net, 4-mm cod end liner",Leptasterias (Hexasterias) polaris katherinae,Species,urn:lsid:marinespecies.org:taxname:379157,"Gray, 1840",Animalia,Echinodermata,Asteroidea,Forcipulatida,Asteriidae,Leptasterias,abundance,Individuals per 1000 square meter,38.09
9/17/2023,SKQ202312S-DBO2.1,SKQ202312S-DBO2.1-Leptasterias arctica,64.672225,-169.927144,10:11:33,Benthos,"Plumb-staff beam trawl,  2.26m opening, 7-mm mesh net, 4-mm cod end liner",Leptasterias arctica,Species,urn:lsid:marinespecies.org:taxname:369158,"Murdoch, 1885",Animalia,Echinodermata,Asteroidea,Forcipulatida,Asteriidae,Leptasterias,abundance,Individuals per 1000 square meter,4.915
9/17/2023,SKQ202312S-DBO2.1,SKQ202312S-DBO2.1-Musculus niger,64.672225,-169.927144,10:11:33,Benthos,"Plumb-staff beam trawl,  2.26m opening, 7-mm mesh net, 4-mm cod end liner",Musculus niger,Species,urn:lsid:marinespecies.org:taxname:140474,"J. E. Gray, 1824",Animalia,Mollusca,Bivalvia,Mytilida,Mytilidae,Musculus,abundance,Individuals per 1000 square meter,1.229
9/17/2023,SKQ202312S-DBO2.1,SKQ202312S-DBO2.1-Nemertea,64.672225,-169.927144,10:11:33,Benthos,"Plumb-staff beam trawl,  2.26m opening, 7-mm mesh net, 4-mm cod end liner",Nemertea,Phylum,urn:lsid:marinespecies.org:taxname:152391,NA,Animalia,Nemertea,NA,NA,NA,NA,abundance,Individuals per 1000 square meter,3.686
9/17/2023,SKQ202312S-DBO2.1,SKQ202312S-DBO2.1-Neptunea,64.672225,-169.927144,10:11:33,Benthos,"Plumb-staff beam trawl,  2.26m opening, 7-mm mesh net, 4-mm cod end liner",Neptunea,Genus,urn:lsid:marinespecies.org:taxname:137710,"Röding, 1798",Animalia,Mollusca,Gastropoda,Neogastropoda,Buccinidae,Neptunea,abundance,Individuals per 1000 square meter,2.457
9/17/2023,SKQ202312S-DBO2.1,SKQ202312S-DBO2.1-Neptunea heros,64.672225,-169.927144,10:11:33,Benthos,"Plumb-staff beam trawl,  2.26m opening, 7-mm mesh net, 4-mm cod end liner",Neptunea heros,Species,urn:lsid:marinespecies.org:taxname:254479,"J. E. Gray, 1850",Animalia,Mollusca,Gastropoda,Neogastropoda,Buccinidae,Neptunea,abundance,Individuals per 1000 square meter,1.229
9/17/2023,SKQ202312S-DBO2.1,SKQ202312S-DBO2.1-Pagurus trigonocheirus,64.672225,-169.927144,10:11:33,Benthos,"Plumb-staff beam trawl,  2.26m opening, 7-mm mesh net, 4-mm cod end liner",Pagurus trigonocheirus,Species,urn:lsid:marinespecies.org:taxname:254490,"Stimpson, 1858",Animalia,Arthropoda,Malacostraca,Decapoda,Paguridae,Pagurus,abundance,Individuals per 1000 square meter,14.745
9/17/2023,SKQ202312S-DBO2.1,SKQ202312S-DBO2.1-Stomphia,64.672225,-169.927144,10:11:33,Benthos,"Plumb-staff beam trawl,  2.26m opening, 7-mm mesh net, 4-mm cod end liner",Stomphia,Genus,urn:lsid:marinespecies.org:taxname:100716,"Gosse, 1859",Animalia,Cnidaria,Anthozoa,Actiniaria,Actinostolidae,Stomphia,abundance,Individuals per 1000 square meter,1.229
9/17/2023,SKQ202312S-DBO2.1,SKQ202312S-DBO2.1-Styela rustica,64.672225,-169.927144,10:11:33,Benthos,"Plumb-staff beam trawl,  2.26m opening, 7-mm mesh net, 4-mm cod end liner",Styela rustica,Species,urn:lsid:marinespecies.org:taxname:103937,"Linnaeus, 1767",Animalia,Chordata,Ascidiacea,Stolidobranchia,Styelidae,Styela,abundance,Individuals per 1000 square meter,1.229
9/17/2023,SKQ202312S-DBO2.2,SKQ202312S-DBO2.2-Acanthonotozoma inflatum,64.680262,-169.107307,15:20:33,Benthos,"Plumb-staff beam trawl,  2.26m opening, 7-mm mesh net, 4-mm cod end liner",Acanthonotozoma inflatum,Species,urn:lsid:marinespecies.org:taxname:101873,"Krøyer, 1842",Animalia,Arthropoda,Malacostraca,Amphipoda,Acanthonotozomatidae,Acanthonotozoma,abundance,Individuals per 1000 square meter,56.825
9/17/2023,SKQ202312S-DBO2.2,SKQ202312S-DBO2.2-Actiniaria,64.680262,-169.107307,15:20:33,Benthos,"Plumb-staff beam trawl,  2.26m opening, 7-mm mesh net, 4-mm cod end liner",Actiniaria,Order,urn:lsid:marinespecies.org:taxname:1360,"Hertwig, 1882",Animalia,Cnidaria,Anthozoa,Actiniaria,NA,NA,abundance,Individuals per 1000 square meter,80.223
9/17/2023,SKQ202312S-DBO2.2,SKQ202312S-DBO2.2-Alcyonidium gelatinosum,64.680262,-169.107307,15:20:33,Benthos,"Plumb-staff beam trawl,  2.26m opening, 7-mm mesh net, 4-mm cod end liner",Alcyonidium gelatinosum,Species,urn:lsid:marinespecies.org:taxname:111600,"Linnaeus, 1761",Animalia,Bryozoa,Gymnolaemata,Ctenostomatida,Alcyonidiidae,Alcyonidium,abundance,Individuals per 1000 square meter,NA
9/17/2023,SKQ202312S-DBO2.2,SKQ202312S-DBO2.2-Arcteobia anticostiensis,64.680262,-169.107307,15:20:33,Benthos,"Plumb-staff beam trawl,  2.26m opening, 7-mm mesh net, 4-mm cod end liner",Arcteobia anticostiensis,Species,urn:lsid:marinespecies.org:taxname:157214,"Mcintosh, 1874",Animalia,Annelida,Polychaeta,Phyllodocida,Polynoidae,Arcteobia,abundance,Individuals per 1000 square meter,4.457
9/17/2023,SKQ202312S-DBO2.2,SKQ202312S-DBO2.2-Arctolembos arcticus,64.680262,-169.107307,15:20:33,Benthos,"Plumb-staff beam trawl,  2.26m opening, 7-mm mesh net, 4-mm cod end liner",Arctolembos arcticus,Species,urn:lsid:marinespecies.org:taxname:102014,"Hansen, 1888",Animalia,Arthropoda,Malacostraca,Amphipoda,Aoridae,Arctolembos,abundance,Individuals per 1000 square meter,4.457
9/17/2023,SKQ202312S-DBO2.2,SKQ202312S-DBO2.2-Argis,64.680262,-169.107307,15:20:33,Benthos,"Plumb-staff beam trawl,  2.26m opening, 7-mm mesh net, 4-mm cod end liner",Argis,Genus,urn:lsid:marinespecies.org:taxname:107006,"Krøyer, 1843",Animalia,Arthropoda,Malacostraca,Decapoda,Crangonidae,Argis,abundance,Individuals per 1000 square meter,16.713
9/17/2023,SKQ202312S-DBO2.2,SKQ202312S-DBO2.2-Aulacofusus brevicauda,64.680262,-169.107307,15:20:33,Benthos,"Plumb-staff beam trawl,  2.26m opening, 7-mm mesh net, 4-mm cod end liner",Aulacofusus brevicauda,Species,urn:lsid:marinespecies.org:taxname:490735,"Deshayes, 1832",Animalia,Mollusca,Gastropoda,Neogastropoda,Buccinidae,Aulacofusus,abundance,Individuals per 1000 square meter,1.114
9/17/2023,SKQ202312S-DBO2.2,SKQ202312S-DBO2.2-Balanus crenatus,64.680262,-169.107307,15:20:33,Benthos,"Plumb-staff beam trawl,  2.26m opening, 7-mm mesh net, 4-mm cod end liner",Balanus crenatus,Species,urn:lsid:marinespecies.org:taxname:106215,"Bruguière, 1789",Animalia,Arthropoda,Thecostraca,Balanomorpha,Balanidae,Balanus,abundance,Individuals per 1000 square meter,NA
9/17/2023,SKQ202312S-DBO2.2,SKQ202312S-DBO2.2-Boltenia ovifera,64.680262,-169.107307,15:20:33,Benthos,"Plumb-staff beam trawl,  2.26m opening, 7-mm mesh net, 4-mm cod end liner",Boltenia ovifera,Species,urn:lsid:marinespecies.org:taxname:103815,"Linnaeus, 1767",Animalia,Chordata,Ascidiacea,Stolidobranchia,Pyuridae,Boltenia,abundance,Individuals per 1000 square meter,1.114
9/17/2023,SKQ202312S-DBO2.2,SKQ202312S-DBO2.2-Bryozoa - soft lobed,64.680262,-169.107307,15:20:33,Benthos,"Plumb-staff beam trawl,  2.26m opening, 7-mm mesh net, 4-mm cod end liner",Bryozoa - soft lobed,Phylum,urn:lsid:marinespecies.org:taxname:146142,NA,Animalia,Bryozoa,NA,NA,NA,NA,abundance,Individuals per 1000 square meter,NA
9/17/2023,SKQ202312S-DBO2.2,SKQ202312S-DBO2.2-Buccinum glaciale,64.680262,-169.107307,15:20:33,Benthos,"Plumb-staff beam trawl,  2.26m opening, 7-mm mesh net, 4-mm cod end liner",Buccinum glaciale,Species,urn:lsid:marinespecies.org:taxname:138864,"Linnaeus, 1761",Animalia,Mollusca,Gastropoda,Neogastropoda,Buccinidae,Buccinum,abundance,Individuals per 1000 square meter,1.114
9/17/2023,SKQ202312S-DBO2.2,SKQ202312S-DBO2.2-Buccinum polare,64.680262,-169.107307,15:20:33,Benthos,"Plumb-staff beam trawl,  2.26m opening, 7-mm mesh net, 4-mm cod end liner",Buccinum polare,Species,urn:lsid:marinespecies.org:taxname:138873,"Gray, 1839",Animalia,Mollusca,Gastropoda,Neogastropoda,Buccinidae,Buccinum,abundance,Individuals per 1000 square meter,2.228
9/17/2023,SKQ202312S-DBO2.2,SKQ202312S-DBO2.2-Buccinum scalariforme,64.680262,-169.107307,15:20:33,Benthos,"Plumb-staff beam trawl,  2.26m opening, 7-mm mesh net, 4-mm cod end liner",Buccinum scalariforme,Species,urn:lsid:marinespecies.org:taxname:138875,"Møller, 1842",Animalia,Mollusca,Gastropoda,Neogastropoda,Buccinidae,Buccinum,abundance,Individuals per 1000 square meter,3.343
9/17/2023,SKQ202312S-DBO2.2,SKQ202312S-DBO2.2-Chionoecetes opilio,64.680262,-169.107307,15:20:33,Benthos,"Plumb-staff beam trawl,  2.26m opening, 7-mm mesh net, 4-mm cod end liner",Chionoecetes opilio,Species,urn:lsid:marinespecies.org:taxname:107315,"Fabricius, 1788",Animalia,Arthropoda,Malacostraca,Decapoda,Oregoniidae,Chionoecetes,abundance,Individuals per 1000 square meter,119.221
9/17/2023,SKQ202312S-DBO2.2,SKQ202312S-DBO2.2-Dendronotus frondosus,64.680262,-169.107307,15:20:33,Benthos,"Plumb-staff beam trawl,  2.26m opening, 7-mm mesh net, 4-mm cod end liner",Dendronotus frondosus,Species,urn:lsid:marinespecies.org:taxname:139523,"Ascanius, 1774",Animalia,Mollusca,Gastropoda,Nudibranchia,Dendronotidae,Dendronotus,abundance,Individuals per 1000 square meter,6.685
9/17/2023,SKQ202312S-DBO2.2,SKQ202312S-DBO2.2-Distaplia alaskensis,64.680262,-169.107307,15:20:33,Benthos,"Plumb-staff beam trawl,  2.26m opening, 7-mm mesh net, 4-mm cod end liner",Distaplia alaskensis,Species,urn:lsid:marinespecies.org:taxname:181923,"Calman, 1912",Animalia,Chordata,Ascidiacea,Aplousobranchia,Holozoidae,Distaplia,abundance,Individuals per 1000 square meter,NA
9/17/2023,SKQ202312S-DBO2.2,SKQ202312S-DBO2.2-Eualus,64.680262,-169.107307,15:20:33,Benthos,"Plumb-staff beam trawl,  2.26m opening, 7-mm mesh net, 4-mm cod end liner",Eualus,Genus,urn:lsid:marinespecies.org:taxname:106986,"Thallwitz, 1891",Animalia,Arthropoda,Malacostraca,Decapoda,Thoridae,Eualus,abundance,Individuals per 1000 square meter,31.198
9/17/2023,SKQ202312S-DBO2.2,SKQ202312S-DBO2.2-Eualus gaimardii ,64.680262,-169.107307,15:20:33,Benthos,"Plumb-staff beam trawl,  2.26m opening, 7-mm mesh net, 4-mm cod end liner",Eualus gaimardii ,Species,urn:lsid:marinespecies.org:taxname:107504,"H. Milne Edwards, 1837",Animalia,Arthropoda,Malacostraca,Decapoda,Thoridae,Eualus,abundance,Individuals per 1000 square meter,20.056
9/17/2023,SKQ202312S-DBO2.2,SKQ202312S-DBO2.2-Eualus macilentus,64.680262,-169.107307,15:20:33,Benthos,"Plumb-staff beam trawl,  2.26m opening, 7-mm mesh net, 4-mm cod end liner",Eualus macilentus,Species,urn:lsid:marinespecies.org:taxname:158359,"Krøyer, 1841",Animalia,Arthropoda,Malacostraca,Decapoda,Thoridae,Eualus,abundance,Individuals per 1000 square meter,32.312
9/17/2023,SKQ202312S-DBO2.2,SKQ202312S-DBO2.2-Flabellina,64.680262,-169.107307,15:20:33,Benthos,"Plumb-staff beam trawl,  2.26m opening, 7-mm mesh net, 4-mm cod end liner",Flabellina,Genus,urn:lsid:marinespecies.org:taxname:138019  ,"McMurtrie, 1831",Animalia,Mollusca,Gastropoda,Nudibranchia,Flabellinidae,Flabellina,abundance,Individuals per 1000 square meter,1.114
9/17/2023,SKQ202312S-DBO2.2,SKQ202312S-DBO2.2-Gattyana amondseni,64.680262,-169.107307,15:20:33,Benthos,"Plumb-staff beam trawl,  2.26m opening, 7-mm mesh net, 4-mm cod end liner",Gattyana amondseni,Species,urn:lsid:marinespecies.org:taxname:130748,"Malmgren, 1867",Animalia,Annelida,Polychaeta,Phyllodocida,Polynoidae,Gattyana,abundance,Individuals per 1000 square meter,2.228
9/17/2023,SKQ202312S-DBO2.2,SKQ202312S-DBO2.2-Hyas coarctatus,64.680262,-169.107307,15:20:33,Benthos,"Plumb-staff beam trawl,  2.26m opening, 7-mm mesh net, 4-mm cod end liner",Hyas coarctatus,Species,urn:lsid:marinespecies.org:taxname:107323,"Leach, 1815",Animalia,Arthropoda,Malacostraca,Decapoda,Oregoniidae,Hyas,abundance,Individuals per 1000 square meter,66.853
9/17/2023,SKQ202312S-DBO2.2,SKQ202312S-DBO2.2-Labidochirus splendescens,64.680262,-169.107307,15:20:33,Benthos,"Plumb-staff beam trawl,  2.26m opening, 7-mm mesh net, 4-mm cod end liner",Labidochirus splendescens,Species,urn:lsid:marinespecies.org:taxname:248348,"Owen, 1839",Animalia,Arthropoda,Malacostraca,Decapoda,Paguridae,Labidochirus,abundance,Individuals per 1000 square meter,2.228
9/17/2023,SKQ202312S-DBO2.2,SKQ202312S-DBO2.2-Leptasterias (Hexasterias) polaris katherinae,64.680262,-169.107307,15:20:33,Benthos,"Plumb-staff beam trawl,  2.26m opening, 7-mm mesh net, 4-mm cod end liner",Leptasterias (Hexasterias) polaris katherinae,Species,urn:lsid:marinespecies.org:taxname:379157,"Gray, 1840",Animalia,Echinodermata,Asteroidea,Forcipulatida,Asteriidae,Leptasterias,abundance,Individuals per 1000 square meter,18.942
9/17/2023,SKQ202312S-DBO2.2,SKQ202312S-DBO2.2-Leptasterias arctica,64.680262,-169.107307,15:20:33,Benthos,"Plumb-staff beam trawl,  2.26m opening, 7-mm mesh net, 4-mm cod end liner",Leptasterias arctica,Species,urn:lsid:marinespecies.org:taxname:369158,"Murdoch, 1885",Animalia,Echinodermata,Asteroidea,Forcipulatida,Asteriidae,Leptasterias,abundance,Individuals per 1000 square meter,1.114
9/17/2023,SKQ202312S-DBO2.2,SKQ202312S-DBO2.2-Neptunea,64.680262,-169.107307,15:20:33,Benthos,"Plumb-staff beam trawl,  2.26m opening, 7-mm mesh net, 4-mm cod end liner",Neptunea,Genus,urn:lsid:marinespecies.org:taxname:137710,"Röding, 1798",Animalia,Mollusca,Gastropoda,Neogastropoda,Buccinidae,Neptunea,abundance,Individuals per 1000 square meter,5.571
9/17/2023,SKQ202312S-DBO2.2,SKQ202312S-DBO2.2-Nereis pelagica,64.680262,-169.107307,15:20:33,Benthos,"Plumb-staff beam trawl,  2.26m opening, 7-mm mesh net, 4-mm cod end liner",Nereis pelagica,Species,urn:lsid:marinespecies.org:taxname:130404,"Linnaeus, 1758",Animalia,Annelida,Polychaeta,Phyllodocida,Nereididae,Nereis,abundance,Individuals per 1000 square meter,1.114
9/17/2023,SKQ202312S-DBO2.2,SKQ202312S-DBO2.2-Onchidiopsis,64.680262,-169.107307,15:20:33,Benthos,"Plumb-staff beam trawl,  2.26m opening, 7-mm mesh net, 4-mm cod end liner",Onchidiopsis,Genus,urn:lsid:marinespecies.org:taxname:138628,"Bergh, 1853",Animalia,Mollusca,Gastropoda,Littorinimorpha,Velutinidae,Onchidiopsis,abundance,Individuals per 1000 square meter,1.114
9/17/2023,SKQ202312S-DBO2.2,SKQ202312S-DBO2.2-Pagurus trigonocheirus,64.680262,-169.107307,15:20:33,Benthos,"Plumb-staff beam trawl,  2.26m opening, 7-mm mesh net, 4-mm cod end liner",Pagurus trigonocheirus,Species,urn:lsid:marinespecies.org:taxname:254490,"Stimpson, 1858",Animalia,Arthropoda,Malacostraca,Decapoda,Paguridae,Pagurus,abundance,Individuals per 1000 square meter,26.741
9/17/2023,SKQ202312S-DBO2.2,SKQ202312S-DBO2.2-Rhachotropis oculata,64.680262,-169.107307,15:20:33,Benthos,"Plumb-staff beam trawl,  2.26m opening, 7-mm mesh net, 4-mm cod end liner",Rhachotropis oculata,Species,urn:lsid:marinespecies.org:taxname:102240,"Hansen, 1888",Animalia,Arthropoda,Malacostraca,Amphipoda,Eusiridae,Rhachotropis,abundance,Individuals per 1000 square meter,33.426
9/17/2023,SKQ202312S-DBO2.2,SKQ202312S-DBO2.2-Serripes groenlandicus,64.680262,-169.107307,15:20:33,Benthos,"Plumb-staff beam trawl,  2.26m opening, 7-mm mesh net, 4-mm cod end liner",Serripes groenlandicus,Species,urn:lsid:marinespecies.org:taxname:582749,"Mohr, 1786",Animalia,Mollusca,Bivalvia,Cardiida,Cardiidae,Serripes,abundance,Individuals per 1000 square meter,1.114
9/17/2023,SKQ202312S-DBO2.2,SKQ202312S-DBO2.2-Spirontocaris,64.680262,-169.107307,15:20:33,Benthos,"Plumb-staff beam trawl,  2.26m opening, 7-mm mesh net, 4-mm cod end liner",Spirontocaris,Genus,urn:lsid:marinespecies.org:taxname:106994,"Spence Bate, 1888",Animalia,Arthropoda,Malacostraca,Decapoda,Thoridae,Spirontocaris,abundance,Individuals per 1000 square meter,1.114
9/17/2023,SKQ202312S-DBO2.2,SKQ202312S-DBO2.2-Stomphia,64.680262,-169.107307,15:20:33,Benthos,"Plumb-staff beam trawl,  2.26m opening, 7-mm mesh net, 4-mm cod end liner",Stomphia,Genus,urn:lsid:marinespecies.org:taxname:100716,"Gosse, 1859",Animalia,Cnidaria,Anthozoa,Actiniaria,Actinostolidae,Stomphia,abundance,Individuals per 1000 square meter,53.482
9/17/2023,SKQ202312S-DBO2.2,SKQ202312S-DBO2.2-Styela rustica,64.680262,-169.107307,15:20:33,Benthos,"Plumb-staff beam trawl,  2.26m opening, 7-mm mesh net, 4-mm cod end liner",Styela rustica,Species,urn:lsid:marinespecies.org:taxname:103937,"Linnaeus, 1767",Animalia,Chordata,Ascidiacea,Stolidobranchia,Styelidae,Styela,abundance,Individuals per 1000 square meter,1.114
9/17/2023,SKQ202312S-DBO2.2,SKQ202312S-DBO2.2-Synidotea bicuspida,64.680262,-169.107307,15:20:33,Benthos,"Plumb-staff beam trawl,  2.26m opening, 7-mm mesh net, 4-mm cod end liner",Synidotea bicuspida,Species,urn:lsid:marinespecies.org:taxname:156445,"Owen, 1839",Animalia,Arthropoda,Malacostraca,Isopoda,Idoteidae,Synidotea,abundance,Individuals per 1000 square meter,4.457
9/18/2023,SKQ202312S-DBO2.4,SKQ202312S-DBO2.4-Abietinaria,64.966958,-169.889023,8:34:03,Benthos,"Plumb-staff beam trawl,  2.26m opening, 7-mm mesh net, 4-mm cod end liner",Abietinaria,Genus,urn:lsid:marinespecies.org:taxname:117225,"Kirchenpauer, 1884",Animalia,Cnidaria,Hydrozoa,Leptothecata,Sertulariidae,Abietinaria,abundance,Individuals per 1000 square meter,NA
9/18/2023,SKQ202312S-DBO2.4,SKQ202312S-DBO2.4-Actiniaria,64.966958,-169.889023,8:34:03,Benthos,"Plumb-staff beam trawl,  2.26m opening, 7-mm mesh net, 4-mm cod end liner",Actiniaria,Order,urn:lsid:marinespecies.org:taxname:1360,"Hertwig, 1882",Animalia,Cnidaria,Anthozoa,Actiniaria,NA,NA,abundance,Individuals per 1000 square meter,6.919
9/18/2023,SKQ202312S-DBO2.4,SKQ202312S-DBO2.4-Amphipoda,64.966958,-169.889023,8:34:03,Benthos,"Plumb-staff beam trawl,  2.26m opening, 7-mm mesh net, 4-mm cod end liner",Amphipoda,Order,urn:lsid:marinespecies.org:taxname:1135,"Latreille, 1816",Animalia,Arthropoda,Malacostraca,Amphipoda,NA,NA,abundance,Individuals per 1000 square meter,3.459
9/18/2023,SKQ202312S-DBO2.4,SKQ202312S-DBO2.4-Arcteobia anticostiensis,64.966958,-169.889023,8:34:03,Benthos,"Plumb-staff beam trawl,  2.26m opening, 7-mm mesh net, 4-mm cod end liner",Arcteobia anticostiensis,Species,urn:lsid:marinespecies.org:taxname:157214,"Mcintosh, 1874",Animalia,Annelida,Polychaeta,Phyllodocida,Polynoidae,Arcteobia,abundance,Individuals per 1000 square meter,5.189
9/18/2023,SKQ202312S-DBO2.4,SKQ202312S-DBO2.4-Arctolembos arcticus,64.966958,-169.889023,8:34:03,Benthos,"Plumb-staff beam trawl,  2.26m opening, 7-mm mesh net, 4-mm cod end liner",Arctolembos arcticus,Species,urn:lsid:marinespecies.org:taxname:102014,"Hansen, 1888",Animalia,Arthropoda,Malacostraca,Amphipoda,Aoridae,Arctolembos,abundance,Individuals per 1000 square meter,4.324
9/18/2023,SKQ202312S-DBO2.4,SKQ202312S-DBO2.4-Arctonoe fragilis,64.966958,-169.889023,8:34:03,Benthos,"Plumb-staff beam trawl,  2.26m opening, 7-mm mesh net, 4-mm cod end liner",Arctonoe fragilis,Species,urn:lsid:marinespecies.org:taxname:333029,"Baird, 1863",Animalia,Annelida,Polychaeta,Phyllodocida,Polynoidae,Arctonoe,abundance,Individuals per 1000 square meter,3.459
9/18/2023,SKQ202312S-DBO2.4,SKQ202312S-DBO2.4-Argis,64.966958,-169.889023,8:34:03,Benthos,"Plumb-staff beam trawl,  2.26m opening, 7-mm mesh net, 4-mm cod end liner",Argis,Genus,urn:lsid:marinespecies.org:taxname:107006,"Krøyer, 1843",Animalia,Arthropoda,Malacostraca,Decapoda,Crangonidae,Argis,abundance,Individuals per 1000 square meter,1.73
9/18/2023,SKQ202312S-DBO2.4,SKQ202312S-DBO2.4-Balanus crenatus,64.966958,-169.889023,8:34:03,Benthos,"Plumb-staff beam trawl,  2.26m opening, 7-mm mesh net, 4-mm cod end liner",Balanus crenatus,Species,urn:lsid:marinespecies.org:taxname:106215,"Bruguière, 1789",Animalia,Arthropoda,Thecostraca,Balanomorpha,Balanidae,Balanus,abundance,Individuals per 1000 square meter,NA
9/18/2023,SKQ202312S-DBO2.4,SKQ202312S-DBO2.4-Bryozoa - hard lobed,64.966958,-169.889023,8:34:03,Benthos,"Plumb-staff beam trawl,  2.26m opening, 7-mm mesh net, 4-mm cod end liner",Bryozoa - hard lobed,Phylum,urn:lsid:marinespecies.org:taxname:146142,NA,Animalia,Bryozoa,NA,NA,NA,NA,abundance,Individuals per 1000 square meter,NA
9/18/2023,SKQ202312S-DBO2.4,SKQ202312S-DBO2.4-Bryozoa - soft lobed,64.966958,-169.889023,8:34:03,Benthos,"Plumb-staff beam trawl,  2.26m opening, 7-mm mesh net, 4-mm cod end liner",Bryozoa - soft lobed,Phylum,urn:lsid:marinespecies.org:taxname:146142,NA,Animalia,Bryozoa,NA,NA,NA,NA,abundance,Individuals per 1000 square meter,NA
9/18/2023,SKQ202312S-DBO2.4,SKQ202312S-DBO2.4-Buccinum scalariforme,64.966958,-169.889023,8:34:03,Benthos,"Plumb-staff beam trawl,  2.26m opening, 7-mm mesh net, 4-mm cod end liner",Buccinum scalariforme,Species,urn:lsid:marinespecies.org:taxname:138875,"Møller, 1842",Animalia,Mollusca,Gastropoda,Neogastropoda,Buccinidae,Buccinum,abundance,Individuals per 1000 square meter,2.595
9/18/2023,SKQ202312S-DBO2.4,SKQ202312S-DBO2.4-Chionoecetes opilio,64.966958,-169.889023,8:34:03,Benthos,"Plumb-staff beam trawl,  2.26m opening, 7-mm mesh net, 4-mm cod end liner",Chionoecetes opilio,Species,urn:lsid:marinespecies.org:taxname:107315,"Fabricius, 1788",Animalia,Arthropoda,Malacostraca,Decapoda,Oregoniidae,Chionoecetes,abundance,Individuals per 1000 square meter,99.458
9/18/2023,SKQ202312S-DBO2.4,SKQ202312S-DBO2.4-Coryphella,64.966958,-169.889023,8:34:03,Benthos,"Plumb-staff beam trawl,  2.26m opening, 7-mm mesh net, 4-mm cod end liner",Coryphella,Genus,urn:lsid:marinespecies.org:taxname:138018,"J. E. Gray, 1850",Animalia,Mollusca,Gastropoda,Nudibranchia,Coryphellidae,Coryphella,abundance,Individuals per 1000 square meter,0.865
9/18/2023,SKQ202312S-DBO2.4,SKQ202312S-DBO2.4-Crangon dalli,64.966958,-169.889023,8:34:03,Benthos,"Plumb-staff beam trawl,  2.26m opening, 7-mm mesh net, 4-mm cod end liner",Crangon dalli,Species,urn:lsid:marinespecies.org:taxname:254486,"Rathbun, 1902",Animalia,Arthropoda,Malacostraca,Decapoda,Crangonidae,Crangon,abundance,Individuals per 1000 square meter,7.784
9/18/2023,SKQ202312S-DBO2.4,SKQ202312S-DBO2.4-Ericthonius,64.966958,-169.889023,8:34:03,Benthos,"Plumb-staff beam trawl,  2.26m opening, 7-mm mesh net, 4-mm cod end liner",Ericthonius,Genus,urn:lsid:marinespecies.org:taxname:101567,"H. Milne Edwards, 1830",Animalia,Arthropoda,Malacostraca,Amphipoda,Ischyroceridae,Ericthonius,abundance,Individuals per 1000 square meter,1.73
9/18/2023,SKQ202312S-DBO2.4,SKQ202312S-DBO2.4-Eualus,64.966958,-169.889023,8:34:03,Benthos,"Plumb-staff beam trawl,  2.26m opening, 7-mm mesh net, 4-mm cod end liner",Eualus,Genus,urn:lsid:marinespecies.org:taxname:106986,"Thallwitz, 1891",Animalia,Arthropoda,Malacostraca,Decapoda,Thoridae,Eualus,abundance,Individuals per 1000 square meter,12.973
9/18/2023,SKQ202312S-DBO2.4,SKQ202312S-DBO2.4-Eualus gaimardii ,64.966958,-169.889023,8:34:03,Benthos,"Plumb-staff beam trawl,  2.26m opening, 7-mm mesh net, 4-mm cod end liner",Eualus gaimardii ,Species,urn:lsid:marinespecies.org:taxname:107504,"H. Milne Edwards, 1837",Animalia,Arthropoda,Malacostraca,Decapoda,Thoridae,Eualus,abundance,Individuals per 1000 square meter,12.973
9/18/2023,SKQ202312S-DBO2.4,SKQ202312S-DBO2.4-Eualus macilentus,64.966958,-169.889023,8:34:03,Benthos,"Plumb-staff beam trawl,  2.26m opening, 7-mm mesh net, 4-mm cod end liner",Eualus macilentus,Species,urn:lsid:marinespecies.org:taxname:158359,"Krøyer, 1841",Animalia,Arthropoda,Malacostraca,Decapoda,Thoridae,Eualus,abundance,Individuals per 1000 square meter,75.242
9/18/2023,SKQ202312S-DBO2.4,SKQ202312S-DBO2.4-Eudistoma parvum,64.966958,-169.889023,8:34:03,Benthos,"Plumb-staff beam trawl,  2.26m opening, 7-mm mesh net, 4-mm cod end liner",Eudistoma parvum,Species,urn:lsid:marinespecies.org:taxname:1746312,"Sanamyan, 2022",Animalia,Chordata,Ascidiacea,Aplousobranchia,Polycitoridae,Eudistoma,abundance,Individuals per 1000 square meter,NA
9/18/2023,SKQ202312S-DBO2.4,SKQ202312S-DBO2.4-Hyas coarctatus,64.966958,-169.889023,8:34:03,Benthos,"Plumb-staff beam trawl,  2.26m opening, 7-mm mesh net, 4-mm cod end liner",Hyas coarctatus,Species,urn:lsid:marinespecies.org:taxname:107323,"Leach, 1815",Animalia,Arthropoda,Malacostraca,Decapoda,Oregoniidae,Hyas,abundance,Individuals per 1000 square meter,18.162
9/18/2023,SKQ202312S-DBO2.4,SKQ202312S-DBO2.4-Leptasterias (Hexasterias) polaris katherinae,64.966958,-169.889023,8:34:03,Benthos,"Plumb-staff beam trawl,  2.26m opening, 7-mm mesh net, 4-mm cod end liner",Leptasterias (Hexasterias) polaris katherinae,Species,urn:lsid:marinespecies.org:taxname:379157,"Gray, 1840",Animalia,Echinodermata,Asteroidea,Forcipulatida,Asteriidae,Leptasterias,abundance,Individuals per 1000 square meter,18.162
9/18/2023,SKQ202312S-DBO2.4,SKQ202312S-DBO2.4-Leptasterias arctica,64.966958,-169.889023,8:34:03,Benthos,"Plumb-staff beam trawl,  2.26m opening, 7-mm mesh net, 4-mm cod end liner",Leptasterias arctica,Species,urn:lsid:marinespecies.org:taxname:369158,"Murdoch, 1885",Animalia,Echinodermata,Asteroidea,Forcipulatida,Asteriidae,Leptasterias,abundance,Individuals per 1000 square meter,6.054
9/18/2023,SKQ202312S-DBO2.4,SKQ202312S-DBO2.4-Leptasterias groenlandica,64.966958,-169.889023,8:34:03,Benthos,"Plumb-staff beam trawl,  2.26m opening, 7-mm mesh net, 4-mm cod end liner",Leptasterias groenlandica,Species,urn:lsid:marinespecies.org:taxname:369176,"Steenstrup in Lutken, 1857",Animalia,Echinodermata,Asteroidea,Forcipulatida,Asteriidae,Leptasterias,abundance,Individuals per 1000 square meter,1.73
9/18/2023,SKQ202312S-DBO2.4,SKQ202312S-DBO2.4-Neocrangon communis,64.966958,-169.889023,8:34:03,Benthos,"Plumb-staff beam trawl,  2.26m opening, 7-mm mesh net, 4-mm cod end liner",Neocrangon communis,Species,urn:lsid:marinespecies.org:taxname:423552,"Rathbun, 1899",Animalia,Arthropoda,Malacostraca,Decapoda,Crangonidae,Neocrangon,abundance,Individuals per 1000 square meter,9.513
9/18/2023,SKQ202312S-DBO2.4,SKQ202312S-DBO2.4-Neptunea heros,64.966958,-169.889023,8:34:03,Benthos,"Plumb-staff beam trawl,  2.26m opening, 7-mm mesh net, 4-mm cod end liner",Neptunea heros,Species,urn:lsid:marinespecies.org:taxname:254479,"J. E. Gray, 1850",Animalia,Mollusca,Gastropoda,Neogastropoda,Buccinidae,Neptunea,abundance,Individuals per 1000 square meter,1.73
9/18/2023,SKQ202312S-DBO2.4,SKQ202312S-DBO2.4-Pagurus capillatus,64.966958,-169.889023,8:34:03,Benthos,"Plumb-staff beam trawl,  2.26m opening, 7-mm mesh net, 4-mm cod end liner",Pagurus capillatus,Species,urn:lsid:marinespecies.org:taxname:254489,"Benedict, 1892",Animalia,Arthropoda,Malacostraca,Decapoda,Paguridae,Pagurus,abundance,Individuals per 1000 square meter,4.324
9/18/2023,SKQ202312S-DBO2.4,SKQ202312S-DBO2.4-Pagurus rathbuni,64.966958,-169.889023,8:34:03,Benthos,"Plumb-staff beam trawl,  2.26m opening, 7-mm mesh net, 4-mm cod end liner",Pagurus rathbuni,Species,urn:lsid:marinespecies.org:taxname:254491,"Benedict, 1892",Animalia,Arthropoda,Malacostraca,Decapoda,Paguridae,Pagurus,abundance,Individuals per 1000 square meter,0.865
9/18/2023,SKQ202312S-DBO2.4,SKQ202312S-DBO2.4-Pagurus trigonocheirus,64.966958,-169.889023,8:34:03,Benthos,"Plumb-staff beam trawl,  2.26m opening, 7-mm mesh net, 4-mm cod end liner",Pagurus trigonocheirus,Species,urn:lsid:marinespecies.org:taxname:254490,"Stimpson, 1858",Animalia,Arthropoda,Malacostraca,Decapoda,Paguridae,Pagurus,abundance,Individuals per 1000 square meter,6.054
9/18/2023,SKQ202312S-DBO2.4,SKQ202312S-DBO2.4-Polynoidae,64.966958,-169.889023,8:34:03,Benthos,"Plumb-staff beam trawl,  2.26m opening, 7-mm mesh net, 4-mm cod end liner",Polynoidae,Family,urn:lsid:marinespecies.org:taxname:939,"Kinberg, 1856",Animalia,Annelida,Polychaeta,Phyllodocida,Polynoidae,NA,abundance,Individuals per 1000 square meter,5.189
9/18/2023,SKQ202312S-DBO2.4,SKQ202312S-DBO2.4-Rhachotropis oculata,64.966958,-169.889023,8:34:03,Benthos,"Plumb-staff beam trawl,  2.26m opening, 7-mm mesh net, 4-mm cod end liner",Rhachotropis oculata,Species,urn:lsid:marinespecies.org:taxname:102240,"Hansen, 1888",Animalia,Arthropoda,Malacostraca,Amphipoda,Eusiridae,Rhachotropis,abundance,Individuals per 1000 square meter,4.324
9/18/2023,SKQ202312S-DBO2.4,SKQ202312S-DBO2.4-Spirontocaris,64.966958,-169.889023,8:34:03,Benthos,"Plumb-staff beam trawl,  2.26m opening, 7-mm mesh net, 4-mm cod end liner",Spirontocaris,Genus,urn:lsid:marinespecies.org:taxname:106994,"Spence Bate, 1888",Animalia,Arthropoda,Malacostraca,Decapoda,Thoridae,Spirontocaris,abundance,Individuals per 1000 square meter,1.73
9/18/2023,SKQ202312S-DBO2.4,SKQ202312S-DBO2.4-Stomphia,64.966958,-169.889023,8:34:03,Benthos,"Plumb-staff beam trawl,  2.26m opening, 7-mm mesh net, 4-mm cod end liner",Stomphia,Genus,urn:lsid:marinespecies.org:taxname:100716,"Gosse, 1859",Animalia,Cnidaria,Anthozoa,Actiniaria,Actinostolidae,Stomphia,abundance,Individuals per 1000 square meter,2.595
9/21/2023,SKQ202312S-DBO5.10,SKQ202312S-DBO5.10-Acanthonotozoma inflatum,71.621602,-157.933969,17:46:03,Benthos,"Plumb-staff beam trawl,  2.26m opening, 7-mm mesh net, 4-mm cod end liner",Acanthonotozoma inflatum,Species,urn:lsid:marinespecies.org:taxname:101873,"Krøyer, 1842",Animalia,Arthropoda,Malacostraca,Amphipoda,Acanthonotozomatidae,Acanthonotozoma,abundance,Individuals per 1000 square meter,4.132
9/21/2023,SKQ202312S-DBO5.10,SKQ202312S-DBO5.10-Admete solida,71.621602,-157.933969,17:46:03,Benthos,"Plumb-staff beam trawl,  2.26m opening, 7-mm mesh net, 4-mm cod end liner",Admete solida,Species,urn:lsid:marinespecies.org:taxname:576338,"Aurivillius, 1885",Animalia,Mollusca,Gastropoda,Neogastropoda,Cancellariidae,Admete,abundance,Individuals per 1000 square meter,20.659
9/21/2023,SKQ202312S-DBO5.10,SKQ202312S-DBO5.10-Anonyx,71.621602,-157.933969,17:46:03,Benthos,"Plumb-staff beam trawl,  2.26m opening, 7-mm mesh net, 4-mm cod end liner",Anonyx,Genus,urn:lsid:marinespecies.org:taxname:101592,"Krøyer, 1838",Animalia,Arthropoda,Malacostraca,Amphipoda,Uristidae,Anonyx,abundance,Individuals per 1000 square meter,12.396
9/21/2023,SKQ202312S-DBO5.10,SKQ202312S-DBO5.10-Argis,71.621602,-157.933969,17:46:03,Benthos,"Plumb-staff beam trawl,  2.26m opening, 7-mm mesh net, 4-mm cod end liner",Argis,Genus,urn:lsid:marinespecies.org:taxname:107006,"Krøyer, 1843",Animalia,Arthropoda,Malacostraca,Decapoda,Crangonidae,Argis,abundance,Individuals per 1000 square meter,1.033
9/21/2023,SKQ202312S-DBO5.10,SKQ202312S-DBO5.10-Ariadnaria borealis,71.621602,-157.933969,17:46:03,Benthos,"Plumb-staff beam trawl,  2.26m opening, 7-mm mesh net, 4-mm cod end liner",Ariadnaria borealis,Species,urn:lsid:marinespecies.org:taxname:714762,"Broderip & G. B. Sowerby I, 1829",Animalia,Mollusca,Gastropoda,Littorinimorpha,Capulidae,Ariadnaria,abundance,Individuals per 1000 square meter,12.396
9/21/2023,SKQ202312S-DBO5.10,SKQ202312S-DBO5.10-Boreotrophon,71.621602,-157.933969,17:46:03,Benthos,"Plumb-staff beam trawl,  2.26m opening, 7-mm mesh net, 4-mm cod end liner",Boreotrophon,Genus,urn:lsid:marinespecies.org:taxname:146731,"P. Fischer, 1884",Animalia,Mollusca,Gastropoda,Neogastropoda,Muricidae,Boreotrophon,abundance,Individuals per 1000 square meter,8.264
9/21/2023,SKQ202312S-DBO5.10,SKQ202312S-DBO5.10-Bryozoa - soft lobed,71.621602,-157.933969,17:46:03,Benthos,"Plumb-staff beam trawl,  2.26m opening, 7-mm mesh net, 4-mm cod end liner",Bryozoa - soft lobed,Phylum,urn:lsid:marinespecies.org:taxname:146142,NA,Animalia,Bryozoa,NA,NA,NA,NA,abundance,Individuals per 1000 square meter,NA
9/21/2023,SKQ202312S-DBO5.10,SKQ202312S-DBO5.10-Buccinum solenum,71.621602,-157.933969,17:46:03,Benthos,"Plumb-staff beam trawl,  2.26m opening, 7-mm mesh net, 4-mm cod end liner",Buccinum solenum,Species,urn:lsid:marinespecies.org:taxname:490864,"Mörch, 1869",Animalia,Mollusca,Gastropoda,Neogastropoda,Buccinidae,Buccinum,abundance,Individuals per 1000 square meter,4.132
9/21/2023,SKQ202312S-DBO5.10,SKQ202312S-DBO5.10-Calycidoris guentheri,71.621602,-157.933969,17:46:03,Benthos,"Plumb-staff beam trawl,  2.26m opening, 7-mm mesh net, 4-mm cod end liner",Calycidoris guentheri,Species,urn:lsid:marinespecies.org:taxname:146756,"Abraham, 1876",Animalia,Mollusca,Gastropoda,Nudibranchia,Calycidorididae,Calycidoris,abundance,Individuals per 1000 square meter,8.264
9/21/2023,SKQ202312S-DBO5.10,SKQ202312S-DBO5.10-Chionoecetes opilio,71.621602,-157.933969,17:46:03,Benthos,"Plumb-staff beam trawl,  2.26m opening, 7-mm mesh net, 4-mm cod end liner",Chionoecetes opilio,Species,urn:lsid:marinespecies.org:taxname:107315,"Fabricius, 1788",Animalia,Arthropoda,Malacostraca,Decapoda,Oregoniidae,Chionoecetes,abundance,Individuals per 1000 square meter,13.429
9/21/2023,SKQ202312S-DBO5.10,SKQ202312S-DBO5.10-Crangon dalli,71.621602,-157.933969,17:46:03,Benthos,"Plumb-staff beam trawl,  2.26m opening, 7-mm mesh net, 4-mm cod end liner",Crangon dalli,Species,urn:lsid:marinespecies.org:taxname:254486,"Rathbun, 1902",Animalia,Arthropoda,Malacostraca,Decapoda,Crangonidae,Crangon,abundance,Individuals per 1000 square meter,2.066
9/21/2023,SKQ202312S-DBO5.10,SKQ202312S-DBO5.10-Cryptonatica affinis,71.621602,-157.933969,17:46:03,Benthos,"Plumb-staff beam trawl,  2.26m opening, 7-mm mesh net, 4-mm cod end liner",Cryptonatica affinis,Species,urn:lsid:marinespecies.org:taxname:140525,"Gmelin, 1791",Animalia,Mollusca,Gastropoda,Littorinimorpha,Ticidae,Cryptonatica,abundance,Individuals per 1000 square meter,49.583
9/21/2023,SKQ202312S-DBO5.10,SKQ202312S-DBO5.10-Ctenodiscus crispatus,71.621602,-157.933969,17:46:03,Benthos,"Plumb-staff beam trawl,  2.26m opening, 7-mm mesh net, 4-mm cod end liner",Ctenodiscus crispatus,Species,urn:lsid:marinespecies.org:taxname:123915,"Bruzelius, 1805",Animalia,Echinodermata,Asteroidea,Paxillosida,Ctenodiscidae,Ctenodiscus,abundance,Individuals per 1000 square meter,537.145
9/21/2023,SKQ202312S-DBO5.10,SKQ202312S-DBO5.10-Cylichnoides occultus,71.621602,-157.933969,17:46:03,Benthos,"Plumb-staff beam trawl,  2.26m opening, 7-mm mesh net, 4-mm cod end liner",Cylichnoides occultus,Species,urn:lsid:marinespecies.org:taxname:884604,"Mighels & C. B. Adams, 1842",Animalia,Mollusca,Gastropoda,Cephalaspidea,Eoscaphandridae,Cylichnoides,abundance,Individuals per 1000 square meter,4.132
9/21/2023,SKQ202312S-DBO5.10,SKQ202312S-DBO5.10-Eualus,71.621602,-157.933969,17:46:03,Benthos,"Plumb-staff beam trawl,  2.26m opening, 7-mm mesh net, 4-mm cod end liner",Eualus,Genus,urn:lsid:marinespecies.org:taxname:106986,"Thallwitz, 1891",Animalia,Arthropoda,Malacostraca,Decapoda,Thoridae,Eualus,abundance,Individuals per 1000 square meter,9.297
9/21/2023,SKQ202312S-DBO5.10,SKQ202312S-DBO5.10-Eualus gaimardii ,71.621602,-157.933969,17:46:03,Benthos,"Plumb-staff beam trawl,  2.26m opening, 7-mm mesh net, 4-mm cod end liner",Eualus gaimardii ,Species,urn:lsid:marinespecies.org:taxname:107504,"H. Milne Edwards, 1837",Animalia,Arthropoda,Malacostraca,Decapoda,Thoridae,Eualus,abundance,Individuals per 1000 square meter,14.462
9/21/2023,SKQ202312S-DBO5.10,SKQ202312S-DBO5.10-Eualus macilentus,71.621602,-157.933969,17:46:03,Benthos,"Plumb-staff beam trawl,  2.26m opening, 7-mm mesh net, 4-mm cod end liner",Eualus macilentus,Species,urn:lsid:marinespecies.org:taxname:158359,"Krøyer, 1841",Animalia,Arthropoda,Malacostraca,Decapoda,Thoridae,Eualus,abundance,Individuals per 1000 square meter,4.132
9/21/2023,SKQ202312S-DBO5.10,SKQ202312S-DBO5.10-Euspira pallida,71.621602,-157.933969,17:46:03,Benthos,"Plumb-staff beam trawl,  2.26m opening, 7-mm mesh net, 4-mm cod end liner",Euspira pallida,Species,urn:lsid:marinespecies.org:taxname:140536,"Broderip & G. B. Sowerby I, 1829",Animalia,Mollusca,Gastropoda,Littorinimorpha,Naticidae,Euspira,abundance,Individuals per 1000 square meter,20.659
9/21/2023,SKQ202312S-DBO5.10,SKQ202312S-DBO5.10-Gersemia rubiformis,71.621602,-157.933969,17:46:03,Benthos,"Plumb-staff beam trawl,  2.26m opening, 7-mm mesh net, 4-mm cod end liner",Gersemia rubiformis,Species,urn:lsid:marinespecies.org:taxname:156103,"Ehrenberg, 1834",Animalia,Cnidaria,Anthozoa,Malacalcyonacea,Alcyoniidae,Gersemia,abundance,Individuals per 1000 square meter,NA
9/21/2023,SKQ202312S-DBO5.10,SKQ202312S-DBO5.10-Labidochirus splendescens,71.621602,-157.933969,17:46:03,Benthos,"Plumb-staff beam trawl,  2.26m opening, 7-mm mesh net, 4-mm cod end liner",Labidochirus splendescens,Species,urn:lsid:marinespecies.org:taxname:248348,"Owen, 1839",Animalia,Arthropoda,Malacostraca,Decapoda,Paguridae,Labidochirus,abundance,Individuals per 1000 square meter,4.132
9/21/2023,SKQ202312S-DBO5.10,SKQ202312S-DBO5.10-Lafoeina maxima,71.621602,-157.933969,17:46:03,Benthos,"Plumb-staff beam trawl,  2.26m opening, 7-mm mesh net, 4-mm cod end liner",Lafoeina maxima,Species,urn:lsid:marinespecies.org:taxname:117411,"Levinsen, 1893",Animalia,Cnidaria,Hydrozoa,Leptothecata,Campanulinidae,Lafoeina,abundance,Individuals per 1000 square meter,NA
9/21/2023,SKQ202312S-DBO5.10,SKQ202312S-DBO5.10-Leptasterias groenlandica,71.621602,-157.933969,17:46:03,Benthos,"Plumb-staff beam trawl,  2.26m opening, 7-mm mesh net, 4-mm cod end liner",Leptasterias groenlandica,Species,urn:lsid:marinespecies.org:taxname:369176,"Steenstrup in Lutken, 1857",Animalia,Echinodermata,Asteroidea,Forcipulatida,Asteriidae,Leptasterias,abundance,Individuals per 1000 square meter,8.264
9/21/2023,SKQ202312S-DBO5.10,SKQ202312S-DBO5.10-Margarites costalis,71.621602,-157.933969,17:46:03,Benthos,"Plumb-staff beam trawl,  2.26m opening, 7-mm mesh net, 4-mm cod end liner",Margarites costalis,Species,urn:lsid:marinespecies.org:taxname:141819,"A. Gould, 1841",Animalia,Mollusca,Gastropoda,Trochida,Margaritidae,Margarites,abundance,Individuals per 1000 square meter,74.374
9/21/2023,SKQ202312S-DBO5.10,SKQ202312S-DBO5.10-Myriotrochus rinkii,71.621602,-157.933969,17:46:03,Benthos,"Plumb-staff beam trawl,  2.26m opening, 7-mm mesh net, 4-mm cod end liner",Myriotrochus rinkii,Species,urn:lsid:marinespecies.org:taxname:124446,"Steenstrup, 1851",Animalia,Echinodermata,Holothuroidea,Apodida,Myriotrochidae,Myriotrochus,abundance,Individuals per 1000 square meter,5784.634
9/21/2023,SKQ202312S-DBO5.10,SKQ202312S-DBO5.10-Nemertea,71.621602,-157.933969,17:46:03,Benthos,"Plumb-staff beam trawl,  2.26m opening, 7-mm mesh net, 4-mm cod end liner",Nemertea,Phylum,urn:lsid:marinespecies.org:taxname:152391,NA,Animalia,Nemertea,NA,NA,NA,NA,abundance,Individuals per 1000 square meter,4.132
9/21/2023,SKQ202312S-DBO5.10,SKQ202312S-DBO5.10-Neptunea heros,71.621602,-157.933969,17:46:03,Benthos,"Plumb-staff beam trawl,  2.26m opening, 7-mm mesh net, 4-mm cod end liner",Neptunea heros,Species,urn:lsid:marinespecies.org:taxname:254479,"J. E. Gray, 1850",Animalia,Mollusca,Gastropoda,Neogastropoda,Buccinidae,Neptunea,abundance,Individuals per 1000 square meter,8.264
9/21/2023,SKQ202312S-DBO5.10,SKQ202312S-DBO5.10-Nodulotrophon coronatus,71.621602,-157.933969,17:46:03,Benthos,"Plumb-staff beam trawl,  2.26m opening, 7-mm mesh net, 4-mm cod end liner",Nodulotrophon coronatus,Species,urn:lsid:marinespecies.org:taxname:399228,"H. Adams & A. Adams, 1864",Animalia,Mollusca,Gastropoda,Neogastropoda,Muricidae,Nodulotrophon,abundance,Individuals per 1000 square meter,4.132
9/21/2023,SKQ202312S-DBO5.10,SKQ202312S-DBO5.10-Obesotoma,71.621602,-157.933969,17:46:03,Benthos,"Plumb-staff beam trawl,  2.26m opening, 7-mm mesh net, 4-mm cod end liner",Obesotoma,Genus,urn:lsid:marinespecies.org:taxname:137825,"Bartsch, 1941",Animalia,Mollusca,Gastropoda,Neogastropoda,Mangeliidae,Obesotoma,abundance,Individuals per 1000 square meter,24.791
9/21/2023,SKQ202312S-DBO5.10,SKQ202312S-DBO5.10-Obseotoma tenuilirata,71.621602,-157.933969,17:46:03,Benthos,"Plumb-staff beam trawl,  2.26m opening, 7-mm mesh net, 4-mm cod end liner",Obesotoma tenuilirata,Species,urn:lsid:marinespecies.org:taxname:423564  ,"Dall, 1871",Animalia,Mollusca,Gastropoda,Neogastropoda,Mangeliidae,Obesotoma,abundance,Individuals per 1000 square meter,4.132
9/21/2023,SKQ202312S-DBO5.10,SKQ202312S-DBO5.10-Ophiura sarsii,71.621602,-157.933969,17:46:03,Benthos,"Plumb-staff beam trawl,  2.26m opening, 7-mm mesh net, 4-mm cod end liner",Ophiura sarsii,Species,urn:lsid:marinespecies.org:taxname:124934,"Lütken, 1855",Animalia,Echinodermata,Ophiuroidea,Ophiurida,Ophiuridae,Ophiura,abundance,Individuals per 1000 square meter,1189.982
9/21/2023,SKQ202312S-DBO5.10,SKQ202312S-DBO5.10-Pagurus capillatus,71.621602,-157.933969,17:46:03,Benthos,"Plumb-staff beam trawl,  2.26m opening, 7-mm mesh net, 4-mm cod end liner",Pagurus capillatus,Species,urn:lsid:marinespecies.org:taxname:254489,"Benedict, 1892",Animalia,Arthropoda,Malacostraca,Decapoda,Paguridae,Pagurus,abundance,Individuals per 1000 square meter,28.923
9/21/2023,SKQ202312S-DBO5.10,SKQ202312S-DBO5.10-Plicifusus kroyeri,71.621602,-157.933969,17:46:03,Benthos,"Plumb-staff beam trawl,  2.26m opening, 7-mm mesh net, 4-mm cod end liner",Plicifusus kroyeri,Species,urn:lsid:marinespecies.org:taxname:491269,"Møller, 1842",Animalia,Mollusca,Gastropoda,Neogastropoda,Buccinidae,Plicifusus,abundance,Individuals per 1000 square meter,8.264
9/21/2023,SKQ202312S-DBO5.10,SKQ202312S-DBO5.10-Polynoidae,71.621602,-157.933969,17:46:03,Benthos,"Plumb-staff beam trawl,  2.26m opening, 7-mm mesh net, 4-mm cod end liner",Polynoidae,Family,urn:lsid:marinespecies.org:taxname:939,"Kinberg, 1856",Animalia,Annelida,Polychaeta,Phyllodocida,Polynoidae,NA,abundance,Individuals per 1000 square meter,4.132
9/21/2023,SKQ202312S-DBO5.10,SKQ202312S-DBO5.10-Propebela arctica,71.621602,-157.933969,17:46:03,Benthos,"Plumb-staff beam trawl,  2.26m opening, 7-mm mesh net, 4-mm cod end liner",Propebela arctica,Species,urn:lsid:marinespecies.org:taxname:367571,"A. Adams, 1855",Animalia,Mollusca,Gastropoda,Neogastropoda,Mangeliidae,Propebela,abundance,Individuals per 1000 square meter,4.132
9/21/2023,SKQ202312S-DBO5.10,SKQ202312S-DBO5.10-Propebela nobilis,71.621602,-157.933969,17:46:03,Benthos,"Plumb-staff beam trawl,  2.26m opening, 7-mm mesh net, 4-mm cod end liner",Propebela nobilis,Species,urn:lsid:marinespecies.org:taxname:160450,"Møller, 1842",Animalia,Mollusca,Gastropoda,Neogastropoda,Mangeliidae,Propebela,abundance,Individuals per 1000 square meter,16.528
9/21/2023,SKQ202312S-DBO5.10,SKQ202312S-DBO5.10-Pyrulofusus,71.621602,-157.933969,17:46:03,Benthos,"Plumb-staff beam trawl,  2.26m opening, 7-mm mesh net, 4-mm cod end liner",Pyrulofusus,Genus,urn:lsid:marinespecies.org:taxname:254377,"Mörch, 1869",Animalia,Mollusca,Gastropoda,Neogastropoda,Buccinidae,Pyrulofusus,abundance,Individuals per 1000 square meter,12.396
9/21/2023,SKQ202312S-DBO5.10,SKQ202312S-DBO5.10-Scalibregma californicum,71.621602,-157.933969,17:46:03,Benthos,"Plumb-staff beam trawl,  2.26m opening, 7-mm mesh net, 4-mm cod end liner",Scalibregma californicum,Species,urn:lsid:marinespecies.org:taxname:331210,"Blake, 2000",Animalia,Annelida,Polychaeta,NA,Scalibregmatidae,Scalibregma,abundance,Individuals per 1000 square meter,8.264
9/21/2023,SKQ202312S-DBO5.10,SKQ202312S-DBO5.10-Stegocephalidae,71.621602,-157.933969,17:46:03,Benthos,"Plumb-staff beam trawl,  2.26m opening, 7-mm mesh net, 4-mm cod end liner",Stegocephalidae,Family,urn:lsid:marinespecies.org:taxname:101408,"Dana, 1852",Animalia,Arthropoda,Malacostraca,Amphipoda,Stegocephalidae,NA,abundance,Individuals per 1000 square meter,4.132
9/21/2023,SKQ202312S-DBO5.10,SKQ202312S-DBO5.10-Tachyrhynchus erosus,71.621602,-157.933969,17:46:03,Benthos,"Plumb-staff beam trawl,  2.26m opening, 7-mm mesh net, 4-mm cod end liner",Tachyrhynchus erosus,Species,urn:lsid:marinespecies.org:taxname:196391,"Couthouy, 1838",Animalia,Mollusca,Gastropoda,Caenogastropoda,Turritellidae,Tachyrhynchus,abundance,Individuals per 1000 square meter,4.132
9/21/2023,SKQ202312S-DBO5.7,SKQ202312S-DBO5.7-Acanthonotozoma inflatum,71.504471,-157.681396,11:33:03,Benthos,"Plumb-staff beam trawl,  2.26m opening, 7-mm mesh net, 4-mm cod end liner",Acanthonotozoma inflatum,Species,urn:lsid:marinespecies.org:taxname:101873,"Krøyer, 1842",Animalia,Arthropoda,Malacostraca,Amphipoda,Acanthonotozomatidae,Acanthonotozoma,abundance,Individuals per 1000 square meter,3.62
9/21/2023,SKQ202312S-DBO5.7,SKQ202312S-DBO5.7-Admete solida,71.504471,-157.681396,11:33:03,Benthos,"Plumb-staff beam trawl,  2.26m opening, 7-mm mesh net, 4-mm cod end liner",Admete solida,Species,urn:lsid:marinespecies.org:taxname:576338,"Aurivillius, 1885",Animalia,Mollusca,Gastropoda,Neogastropoda,Cancellariidae,Admete,abundance,Individuals per 1000 square meter,3.62
9/21/2023,SKQ202312S-DBO5.7,SKQ202312S-DBO5.7-Amphipoda,71.504471,-157.681396,11:33:03,Benthos,"Plumb-staff beam trawl,  2.26m opening, 7-mm mesh net, 4-mm cod end liner",Amphipoda,Order,urn:lsid:marinespecies.org:taxname:1135,"Latreille, 1816",Animalia,Arthropoda,Malacostraca,Amphipoda,NA,NA,abundance,Individuals per 1000 square meter,83.261
9/21/2023,SKQ202312S-DBO5.7,SKQ202312S-DBO5.7-Anonyx,71.504471,-157.681396,11:33:03,Benthos,"Plumb-staff beam trawl,  2.26m opening, 7-mm mesh net, 4-mm cod end liner",Anonyx,Genus,urn:lsid:marinespecies.org:taxname:101592,"Krøyer, 1838",Animalia,Arthropoda,Malacostraca,Amphipoda,Uristidae,Anonyx,abundance,Individuals per 1000 square meter,50.68
9/21/2023,SKQ202312S-DBO5.7,SKQ202312S-DBO5.7-Argis,71.504471,-157.681396,11:33:03,Benthos,"Plumb-staff beam trawl,  2.26m opening, 7-mm mesh net, 4-mm cod end liner",Argis,Genus,urn:lsid:marinespecies.org:taxname:107006,"Krøyer, 1843",Animalia,Arthropoda,Malacostraca,Decapoda,Crangonidae,Argis,abundance,Individuals per 1000 square meter,2.715
9/21/2023,SKQ202312S-DBO5.7,SKQ202312S-DBO5.7-Arrhis luthkei,71.504471,-157.681396,11:33:03,Benthos,"Plumb-staff beam trawl,  2.26m opening, 7-mm mesh net, 4-mm cod end liner",Arrhis luthkei,Species,urn:lsid:marinespecies.org:taxname:423163,"Gurjanova, 1936",Animalia,Arthropoda,Malacostraca,Amphipoda,Oedicerotidae,Arrhis,abundance,Individuals per 1000 square meter,28.96
9/21/2023,SKQ202312S-DBO5.7,SKQ202312S-DBO5.7-Brada villosa,71.504471,-157.681396,11:33:03,Benthos,"Plumb-staff beam trawl,  2.26m opening, 7-mm mesh net, 4-mm cod end liner",Brada villosa,Species,urn:lsid:marinespecies.org:taxname:1355594,"Rathke, 1843",Animalia,Annelida,Polychaeta,Terebellida,Flabelligeridae,Brada,abundance,Individuals per 1000 square meter,14.48
9/21/2023,SKQ202312S-DBO5.7,SKQ202312S-DBO5.7-Bryozoa,71.504471,-157.681396,11:33:03,Benthos,"Plumb-staff beam trawl,  2.26m opening, 7-mm mesh net, 4-mm cod end liner",Bryozoa,Phylum,urn:lsid:marinespecies.org:taxname:146142,NA,Animalia,Bryozoa,NA,NA,NA,NA,abundance,Individuals per 1000 square meter,NA
9/21/2023,SKQ202312S-DBO5.7,SKQ202312S-DBO5.7-Bryozoa - soft lobed,71.504471,-157.681396,11:33:03,Benthos,"Plumb-staff beam trawl,  2.26m opening, 7-mm mesh net, 4-mm cod end liner",Bryozoa - soft lobed,Phylum,urn:lsid:marinespecies.org:taxname:146142,NA,Animalia,Bryozoa,NA,NA,NA,NA,abundance,Individuals per 1000 square meter,NA
9/21/2023,SKQ202312S-DBO5.7,SKQ202312S-DBO5.7-Calycidoris guentheri,71.504471,-157.681396,11:33:03,Benthos,"Plumb-staff beam trawl,  2.26m opening, 7-mm mesh net, 4-mm cod end liner",Calycidoris guentheri,Species,urn:lsid:marinespecies.org:taxname:146756,"Abraham, 1876",Animalia,Mollusca,Gastropoda,Nudibranchia,Calycidorididae,Calycidoris,abundance,Individuals per 1000 square meter,7.24
9/21/2023,SKQ202312S-DBO5.7,SKQ202312S-DBO5.7-Chionoecetes opilio,71.504471,-157.681396,11:33:03,Benthos,"Plumb-staff beam trawl,  2.26m opening, 7-mm mesh net, 4-mm cod end liner",Chionoecetes opilio,Species,urn:lsid:marinespecies.org:taxname:107315,"Fabricius, 1788",Animalia,Arthropoda,Malacostraca,Decapoda,Oregoniidae,Chionoecetes,abundance,Individuals per 1000 square meter,5.43
9/21/2023,SKQ202312S-DBO5.7,SKQ202312S-DBO5.7-Cistenides hyperborea,71.504471,-157.681396,11:33:03,Benthos,"Plumb-staff beam trawl,  2.26m opening, 7-mm mesh net, 4-mm cod end liner",Cistenides hyperborea,Species,urn:lsid:marinespecies.org:taxname:157317,"Malmgren, 1866",Animalia,Annelida,Polychaeta,Terebellida,Pectiriidae,Cistenides,abundance,Individuals per 1000 square meter,3.62
9/21/2023,SKQ202312S-DBO5.7,SKQ202312S-DBO5.7-Colus pubescens,71.504471,-157.681396,11:33:03,Benthos,"Plumb-staff beam trawl,  2.26m opening, 7-mm mesh net, 4-mm cod end liner",Colus pubescens,Species,urn:lsid:marinespecies.org:taxname:160212,"A. E. Verrill, 1882",Animalia,Mollusca,Gastropoda,Neogastropoda,Colidae,Colus,abundance,Individuals per 1000 square meter,7.24
9/21/2023,SKQ202312S-DBO5.7,SKQ202312S-DBO5.7-Crangon dalli,71.504471,-157.681396,11:33:03,Benthos,"Plumb-staff beam trawl,  2.26m opening, 7-mm mesh net, 4-mm cod end liner",Crangon dalli,Species,urn:lsid:marinespecies.org:taxname:254486,"Rathbun, 1902",Animalia,Arthropoda,Malacostraca,Decapoda,Crangonidae,Crangon,abundance,Individuals per 1000 square meter,0.905
9/21/2023,SKQ202312S-DBO5.7,SKQ202312S-DBO5.7-Crossaster papposus,71.504471,-157.681396,11:33:03,Benthos,"Plumb-staff beam trawl,  2.26m opening, 7-mm mesh net, 4-mm cod end liner",Crossaster papposus,Species,urn:lsid:marinespecies.org:taxname:124154,"Linnaeus, 1767",Animalia,Echinodermata,Asteroidea,Valvatida,Solasteridae,Crossaster,abundance,Individuals per 1000 square meter,3.62
9/21/2023,SKQ202312S-DBO5.7,SKQ202312S-DBO5.7-Eualus gaimardii ,71.504471,-157.681396,11:33:03,Benthos,"Plumb-staff beam trawl,  2.26m opening, 7-mm mesh net, 4-mm cod end liner",Eualus gaimardii ,Species,urn:lsid:marinespecies.org:taxname:107504,"H. Milne Edwards, 1837",Animalia,Arthropoda,Malacostraca,Decapoda,Thoridae,Eualus,abundance,Individuals per 1000 square meter,21.72
9/21/2023,SKQ202312S-DBO5.7,SKQ202312S-DBO5.7-Eualus macilentus,71.504471,-157.681396,11:33:03,Benthos,"Plumb-staff beam trawl,  2.26m opening, 7-mm mesh net, 4-mm cod end liner",Eualus macilentus,Species,urn:lsid:marinespecies.org:taxname:158359,"Krøyer, 1841",Animalia,Arthropoda,Malacostraca,Decapoda,Thoridae,Eualus,abundance,Individuals per 1000 square meter,0.905
9/21/2023,SKQ202312S-DBO5.7,SKQ202312S-DBO5.7-Eucratea loricata,71.504471,-157.681396,11:33:03,Benthos,"Plumb-staff beam trawl,  2.26m opening, 7-mm mesh net, 4-mm cod end liner",Eucratea loricata,Species,urn:lsid:marinespecies.org:taxname:111361,"Linnaeus, 1758",Animalia,Bryozoa,Gymnolaemata,Cheilostomatida,Eucrateidae,Eucratea,abundance,Individuals per 1000 square meter,NA
9/21/2023,SKQ202312S-DBO5.7,SKQ202312S-DBO5.7-Euspira pallida,71.504471,-157.681396,11:33:03,Benthos,"Plumb-staff beam trawl,  2.26m opening, 7-mm mesh net, 4-mm cod end liner",Euspira pallida,Species,urn:lsid:marinespecies.org:taxname:140536,"Broderip & G. B. Sowerby I, 1829",Animalia,Mollusca,Gastropoda,Littorinimorpha,Naticidae,Euspira,abundance,Individuals per 1000 square meter,3.62
9/21/2023,SKQ202312S-DBO5.7,SKQ202312S-DBO5.7-Gattyana ciliata,71.504471,-157.681396,11:33:03,Benthos,"Plumb-staff beam trawl,  2.26m opening, 7-mm mesh net, 4-mm cod end liner",Gattyana ciliata,Species,urn:lsid:marinespecies.org:taxname:254456,"Moore, 1902",Animalia,Annelida,Polychaeta,Phyllodocida,Polynoidae,Gattyana,abundance,Individuals per 1000 square meter,43.44
9/21/2023,SKQ202312S-DBO5.7,SKQ202312S-DBO5.7-Gersemia rubiformis,71.504471,-157.681396,11:33:03,Benthos,"Plumb-staff beam trawl,  2.26m opening, 7-mm mesh net, 4-mm cod end liner",Gersemia rubiformis,Species,urn:lsid:marinespecies.org:taxname:156103,"Ehrenberg, 1834",Animalia,Cnidaria,Anthozoa,Malacalcyonacea,Alcyoniidae,Gersemia,abundance,Individuals per 1000 square meter,NA
9/21/2023,SKQ202312S-DBO5.7,SKQ202312S-DBO5.7-Golfingia margaritacea,71.504471,-157.681396,11:33:03,Benthos,"Plumb-staff beam trawl,  2.26m opening, 7-mm mesh net, 4-mm cod end liner",Golfingia margaritacea,Species,urn:lsid:marinespecies.org:taxname:175027,"Sars, 1851",Animalia,Annelida,NA,Sipuncula,Golfingiidae,Golfingia,abundance,Individuals per 1000 square meter,7.24
9/21/2023,SKQ202312S-DBO5.7,SKQ202312S-DBO5.7-Halirages,71.504471,-157.681396,11:33:03,Benthos,"Plumb-staff beam trawl,  2.26m opening, 7-mm mesh net, 4-mm cod end liner",Halirages,Genus,urn:lsid:marinespecies.org:taxname:101520,"Boeck, 1871",Animalia,Arthropoda,Malacostraca,Amphipoda,Calliopiidae,Halirages,abundance,Individuals per 1000 square meter,36.2
9/21/2023,SKQ202312S-DBO5.7,SKQ202312S-DBO5.7-Hyas coarctatus,71.504471,-157.681396,11:33:03,Benthos,"Plumb-staff beam trawl,  2.26m opening, 7-mm mesh net, 4-mm cod end liner",Hyas coarctatus,Species,urn:lsid:marinespecies.org:taxname:107323,"Leach, 1815",Animalia,Arthropoda,Malacostraca,Decapoda,Oregoniidae,Hyas,abundance,Individuals per 1000 square meter,50.68
9/21/2023,SKQ202312S-DBO5.7,SKQ202312S-DBO5.7-Hydrozoa,71.504471,-157.681396,11:33:03,Benthos,"Plumb-staff beam trawl,  2.26m opening, 7-mm mesh net, 4-mm cod end liner",Hydrozoa,Class,urn:lsid:marinespecies.org:taxname:1337,"Owen, 1843",Animalia,Cnidaria,Hydrozoa,NA,NA,NA,abundance,Individuals per 1000 square meter,NA
9/21/2023,SKQ202312S-DBO5.7,SKQ202312S-DBO5.7-Nemertea,71.504471,-157.681396,11:33:03,Benthos,"Plumb-staff beam trawl,  2.26m opening, 7-mm mesh net, 4-mm cod end liner",Nemertea,Phylum,urn:lsid:marinespecies.org:taxname:152391,NA,Animalia,Nemertea,NA,NA,NA,NA,abundance,Individuals per 1000 square meter,83.261
9/21/2023,SKQ202312S-DBO5.7,SKQ202312S-DBO5.7-Nymphon,71.504471,-157.681396,11:33:03,Benthos,"Plumb-staff beam trawl,  2.26m opening, 7-mm mesh net, 4-mm cod end liner",Nymphon,Genus,urn:lsid:marinespecies.org:taxname:134591,"Fabricius, 1794",Animalia,Arthropoda,Pycnogonida,Pantopoda,Nymphonidae,Nymphon,abundance,Individuals per 1000 square meter,37.561
9/21/2023,SKQ202312S-DBO5.7,SKQ202312S-DBO5.7-Ophiacantha bidentata,71.504471,-157.681396,11:33:03,Benthos,"Plumb-staff beam trawl,  2.26m opening, 7-mm mesh net, 4-mm cod end liner",Ophiacantha bidentata,Species,urn:lsid:marinespecies.org:taxname:124978,"Bruzelius, 1805",Animalia,Echinodermata,Ophiuroidea,Ophiacanthida,Ophiacanthidae,Ophiacantha,abundance,Individuals per 1000 square meter,238.922
9/21/2023,SKQ202312S-DBO5.7,SKQ202312S-DBO5.7-Ophiura sarsii,71.504471,-157.681396,11:33:03,Benthos,"Plumb-staff beam trawl,  2.26m opening, 7-mm mesh net, 4-mm cod end liner",Ophiura sarsii,Species,urn:lsid:marinespecies.org:taxname:124934,"Lütken, 1855",Animalia,Echinodermata,Ophiuroidea,Ophiurida,Ophiuridae,Ophiura,abundance,Individuals per 1000 square meter,1882.416
9/21/2023,SKQ202312S-DBO5.7,SKQ202312S-DBO5.7-Pagurus,71.504471,-157.681396,11:33:03,Benthos,"Plumb-staff beam trawl,  2.26m opening, 7-mm mesh net, 4-mm cod end liner",Pagurus,Genus,urn:lsid:marinespecies.org:taxname:106854,"Fabricius, 1775",Animalia,Arthropoda,Malacostraca,Decapoda,Paguridae,Pagurus,abundance,Individuals per 1000 square meter,3.62
9/21/2023,SKQ202312S-DBO5.7,SKQ202312S-DBO5.7-Phyllodoce groenlandica,71.504471,-157.681396,11:33:03,Benthos,"Plumb-staff beam trawl,  2.26m opening, 7-mm mesh net, 4-mm cod end liner",Phyllodoce groenlandica,Species,urn:lsid:marinespecies.org:taxname:334506,"Örsted, 1842",Animalia,Annelida,Polychaeta,Phyllodocida,Phyllodocidae,Phyllodoce,abundance,Individuals per 1000 square meter,10.86
9/21/2023,SKQ202312S-DBO5.7,SKQ202312S-DBO5.7-Polychaeta,71.504471,-157.681396,11:33:03,Benthos,"Plumb-staff beam trawl,  2.26m opening, 7-mm mesh net, 4-mm cod end liner",Polychaeta,Class,urn:lsid:marinespecies.org:taxname:883,"Grube, 1850",Animalia,Annelida,Polychaeta,NA,NA,NA,abundance,Individuals per 1000 square meter,32.58
9/21/2023,SKQ202312S-DBO5.7,SKQ202312S-DBO5.7-Polynoidae,71.504471,-157.681396,11:33:03,Benthos,"Plumb-staff beam trawl,  2.26m opening, 7-mm mesh net, 4-mm cod end liner",Polynoidae,Family,urn:lsid:marinespecies.org:taxname:939,"Kinberg, 1856",Animalia,Annelida,Polychaeta,Phyllodocida,Polynoidae,NA,abundance,Individuals per 1000 square meter,36.2
9/21/2023,SKQ202312S-DBO5.7,SKQ202312S-DBO5.7-Pycnogonida,71.504471,-157.681396,11:33:03,Benthos,"Plumb-staff beam trawl,  2.26m opening, 7-mm mesh net, 4-mm cod end liner",Pycnogonida,Class,urn:lsid:marinespecies.org:taxname:1302,"Latreille, 1810",Animalia,Arthropoda,Pycnogonida,NA,NA,NA,abundance,Individuals per 1000 square meter,7.24
9/21/2023,SKQ202312S-DBO5.7,SKQ202312S-DBO5.7-Sabinea septemcarinata,71.504471,-157.681396,11:33:03,Benthos,"Plumb-staff beam trawl,  2.26m opening, 7-mm mesh net, 4-mm cod end liner",Sabinea septemcarinata,Species,urn:lsid:marinespecies.org:taxname:107567,"Sabine, 1824",Animalia,Arthropoda,Malacostraca,Decapoda,Crangonidae,Sabinea,abundance,Individuals per 1000 square meter,14.48
9/21/2023,SKQ202312S-DBO5.7,SKQ202312S-DBO5.7-Semisuberites cribrosa,71.504471,-157.681396,11:33:03,Benthos,"Plumb-staff beam trawl,  2.26m opening, 7-mm mesh net, 4-mm cod end liner",Semisuberites cribrosa,Species,urn:lsid:marinespecies.org:taxname:168379,"Miklucho-Maclay, 1870",Animalia,Porifera,Demospongiae,Bubarida,Esperiopsidae,Semisuberites,abundance,Individuals per 1000 square meter,NA
9/21/2023,SKQ202312S-DBO5.7,SKQ202312S-DBO5.7-Socarnes bidenticulatus,71.504471,-157.681396,11:33:03,Benthos,"Plumb-staff beam trawl,  2.26m opening, 7-mm mesh net, 4-mm cod end liner",Socarnes bidenticulatus,Species,urn:lsid:marinespecies.org:taxname:102722,"Spence Bate, 1858",Animalia,Arthropoda,Malacostraca,Amphipoda,Lysianassidae,Socarnes,abundance,Individuals per 1000 square meter,3.62
9/21/2023,SKQ202312S-DBO5.7,SKQ202312S-DBO5.7-Stegocephalidae,71.504471,-157.681396,11:33:03,Benthos,"Plumb-staff beam trawl,  2.26m opening, 7-mm mesh net, 4-mm cod end liner",Stegocephalidae,Family,urn:lsid:marinespecies.org:taxname:101408,"Dana, 1852",Animalia,Arthropoda,Malacostraca,Amphipoda,Stegocephalidae,NA,abundance,Individuals per 1000 square meter,3.62
9/21/2023,SKQ202312S-DBO5.7,SKQ202312S-DBO5.7-Stomphia,71.504471,-157.681396,11:33:03,Benthos,"Plumb-staff beam trawl,  2.26m opening, 7-mm mesh net, 4-mm cod end liner",Stomphia,Genus,urn:lsid:marinespecies.org:taxname:100716,"Gosse, 1859",Animalia,Cnidaria,Anthozoa,Actiniaria,Actinostolidae,Stomphia,abundance,Individuals per 1000 square meter,54.3
9/21/2023,SKQ202312S-DBO5.7,SKQ202312S-DBO5.7-Synidotea bicuspida,71.504471,-157.681396,11:33:03,Benthos,"Plumb-staff beam trawl,  2.26m opening, 7-mm mesh net, 4-mm cod end liner",Synidotea bicuspida,Species,urn:lsid:marinespecies.org:taxname:156445,"Owen, 1839",Animalia,Arthropoda,Malacostraca,Isopoda,Idoteidae,Synidotea,abundance,Individuals per 1000 square meter,43.44
9/21/2023,SKQ202312S-DBO5.7,SKQ202312S-DBO5.7-Tachyrhynchus erosus,71.504471,-157.681396,11:33:03,Benthos,"Plumb-staff beam trawl,  2.26m opening, 7-mm mesh net, 4-mm cod end liner",Tachyrhynchus erosus,Species,urn:lsid:marinespecies.org:taxname:196391,"Couthouy, 1838",Animalia,Mollusca,Gastropoda,Caenogastropoda,Turritellidae,Tachyrhynchus,abundance,Individuals per 1000 square meter,7.24
9/21/2023,SKQ202312S-DBO5.7,SKQ202312S-DBO5.7-Unicola leucopis,71.504471,-157.681396,11:33:03,Benthos,"Plumb-staff beam trawl,  2.26m opening, 7-mm mesh net, 4-mm cod end liner",Unciola leucopis,Species,urn:lsid:marinespecies.org:taxname:102059  ,"Krøyer, 1845",Animalia,Arthropoda,Malacostraca,Amphipoda,Unciolidae,Unciola,abundance,Individuals per 1000 square meter,3.62
9/21/2023,SKQ202312S-DBO5.7,SKQ202312S-DBO5.7-Velutina,71.504471,-157.681396,11:33:03,Benthos,"Plumb-staff beam trawl,  2.26m opening, 7-mm mesh net, 4-mm cod end liner",Velutina,Genus,urn:lsid:marinespecies.org:taxname:138631  ,"J. Fleming, 1820",Animalia,Mollusca,Gastropoda,Littorinimorpha,Velutinidae,Velutina,abundance,Individuals per 1000 square meter,3.62
9/23/2023,SKQ202312S-DBO4.2n,SKQ202312S-DBO4.2n-Admete solida,71.326183,-160.66648,13:56:18,Benthos,"Plumb-staff beam trawl,  2.26m opening, 7-mm mesh net, 4-mm cod end liner",Admete solida,Species,urn:lsid:marinespecies.org:taxname:576338,"Aurivillius, 1885",Animalia,Mollusca,Gastropoda,Neogastropoda,Cancellariidae,Admete,abundance,Individuals per 1000 square meter,31.357
9/23/2023,SKQ202312S-DBO4.2n,SKQ202312S-DBO4.2n-Admete viridula,71.326183,-160.66648,13:56:18,Benthos,"Plumb-staff beam trawl,  2.26m opening, 7-mm mesh net, 4-mm cod end liner",Admete viridula,Species,urn:lsid:marinespecies.org:taxname:138969,"O. Fabricius, 1780",Animalia,Mollusca,Gastropoda,Neogastropoda,Cancellariidae,Admete,abundance,Individuals per 1000 square meter,15.679
9/23/2023,SKQ202312S-DBO4.2n,SKQ202312S-DBO4.2n-Alcyonidium gelatinosum,71.326183,-160.66648,13:56:18,Benthos,"Plumb-staff beam trawl,  2.26m opening, 7-mm mesh net, 4-mm cod end liner",Alcyonidium gelatinosum,Species,urn:lsid:marinespecies.org:taxname:111600,"Linnaeus, 1761",Animalia,Bryozoa,Gymnolaemata,Ctenostomatida,Alcyonidiidae,Alcyonidium,abundance,Individuals per 1000 square meter,NA
9/23/2023,SKQ202312S-DBO4.2n,SKQ202312S-DBO4.2n-Anonyx,71.326183,-160.66648,13:56:18,Benthos,"Plumb-staff beam trawl,  2.26m opening, 7-mm mesh net, 4-mm cod end liner",Anonyx,Genus,urn:lsid:marinespecies.org:taxname:101592,"Krøyer, 1838",Animalia,Arthropoda,Malacostraca,Amphipoda,Uristidae,Anonyx,abundance,Individuals per 1000 square meter,15.679
9/23/2023,SKQ202312S-DBO4.2n,SKQ202312S-DBO4.2n-Argis,71.326183,-160.66648,13:56:18,Benthos,"Plumb-staff beam trawl,  2.26m opening, 7-mm mesh net, 4-mm cod end liner",Argis,Genus,urn:lsid:marinespecies.org:taxname:107006,"Krøyer, 1843",Animalia,Arthropoda,Malacostraca,Decapoda,Crangonidae,Argis,abundance,Individuals per 1000 square meter,11.759
9/23/2023,SKQ202312S-DBO4.2n,SKQ202312S-DBO4.2n-Boreotrophon,71.326183,-160.66648,13:56:18,Benthos,"Plumb-staff beam trawl,  2.26m opening, 7-mm mesh net, 4-mm cod end liner",Boreotrophon,Genus,urn:lsid:marinespecies.org:taxname:146731,"P. Fischer, 1884",Animalia,Mollusca,Gastropoda,Neogastropoda,Muricidae,Boreotrophon,abundance,Individuals per 1000 square meter,15.679
9/23/2023,SKQ202312S-DBO4.2n,SKQ202312S-DBO4.2n-Boreotrophon truncatus,71.326183,-160.66648,13:56:18,Benthos,"Plumb-staff beam trawl,  2.26m opening, 7-mm mesh net, 4-mm cod end liner",Boreotrophon truncatus,Species,urn:lsid:marinespecies.org:taxname:146733,"Strøm, 1768",Animalia,Mollusca,Gastropoda,Neogastropoda,Muricidae,Boreotrophon,abundance,Individuals per 1000 square meter,47.036
9/23/2023,SKQ202312S-DBO4.2n,SKQ202312S-DBO4.2n-Buccinum polare,71.326183,-160.66648,13:56:18,Benthos,"Plumb-staff beam trawl,  2.26m opening, 7-mm mesh net, 4-mm cod end liner",Buccinum polare,Species,urn:lsid:marinespecies.org:taxname:138873,"Gray, 1839",Animalia,Mollusca,Gastropoda,Neogastropoda,Buccinidae,Buccinum,abundance,Individuals per 1000 square meter,47.036
9/23/2023,SKQ202312S-DBO4.2n,SKQ202312S-DBO4.2n-Buccinum scalariforme,71.326183,-160.66648,13:56:18,Benthos,"Plumb-staff beam trawl,  2.26m opening, 7-mm mesh net, 4-mm cod end liner",Buccinum scalariforme,Species,urn:lsid:marinespecies.org:taxname:138875,"Møller, 1842",Animalia,Mollusca,Gastropoda,Neogastropoda,Buccinidae,Buccinum,abundance,Individuals per 1000 square meter,31.357
9/23/2023,SKQ202312S-DBO4.2n,SKQ202312S-DBO4.2n-Buccinum solenum,71.326183,-160.66648,13:56:18,Benthos,"Plumb-staff beam trawl,  2.26m opening, 7-mm mesh net, 4-mm cod end liner",Buccinum solenum,Species,urn:lsid:marinespecies.org:taxname:490864,"Mörch, 1869",Animalia,Mollusca,Gastropoda,Neogastropoda,Buccinidae,Buccinum,abundance,Individuals per 1000 square meter,31.357
9/23/2023,SKQ202312S-DBO4.2n,SKQ202312S-DBO4.2n-Calycidoris guentheri,71.326183,-160.66648,13:56:18,Benthos,"Plumb-staff beam trawl,  2.26m opening, 7-mm mesh net, 4-mm cod end liner",Calycidoris guentheri,Species,urn:lsid:marinespecies.org:taxname:146756,"Abraham, 1876",Animalia,Mollusca,Gastropoda,Nudibranchia,Calycidorididae,Calycidoris,abundance,Individuals per 1000 square meter,94.071
9/23/2023,SKQ202312S-DBO4.2n,SKQ202312S-DBO4.2n-Chionoecetes opilio,71.326183,-160.66648,13:56:18,Benthos,"Plumb-staff beam trawl,  2.26m opening, 7-mm mesh net, 4-mm cod end liner",Chionoecetes opilio,Species,urn:lsid:marinespecies.org:taxname:107315,"Fabricius, 1788",Animalia,Arthropoda,Malacostraca,Decapoda,Oregoniidae,Chionoecetes,abundance,Individuals per 1000 square meter,44.422
9/23/2023,SKQ202312S-DBO4.2n,SKQ202312S-DBO4.2n-Colus pubescens,71.326183,-160.66648,13:56:18,Benthos,"Plumb-staff beam trawl,  2.26m opening, 7-mm mesh net, 4-mm cod end liner",Colus pubescens,Species,urn:lsid:marinespecies.org:taxname:160212,"A. E. Verrill, 1882",Animalia,Mollusca,Gastropoda,Neogastropoda,Colidae,Colus,abundance,Individuals per 1000 square meter,62.714
9/23/2023,SKQ202312S-DBO4.2n,SKQ202312S-DBO4.2n-Crangon dalli,71.326183,-160.66648,13:56:18,Benthos,"Plumb-staff beam trawl,  2.26m opening, 7-mm mesh net, 4-mm cod end liner",Crangon dalli,Species,urn:lsid:marinespecies.org:taxname:254486,"Rathbun, 1902",Animalia,Arthropoda,Malacostraca,Decapoda,Crangonidae,Crangon,abundance,Individuals per 1000 square meter,1.307
9/23/2023,SKQ202312S-DBO4.2n,SKQ202312S-DBO4.2n-Crossaster papposus,71.326183,-160.66648,13:56:18,Benthos,"Plumb-staff beam trawl,  2.26m opening, 7-mm mesh net, 4-mm cod end liner",Crossaster papposus,Species,urn:lsid:marinespecies.org:taxname:124154,"Linnaeus, 1767",Animalia,Echinodermata,Asteroidea,Valvatida,Solasteridae,Crossaster,abundance,Individuals per 1000 square meter,15.679
9/23/2023,SKQ202312S-DBO4.2n,SKQ202312S-DBO4.2n-Cryptonatica affinis,71.326183,-160.66648,13:56:18,Benthos,"Plumb-staff beam trawl,  2.26m opening, 7-mm mesh net, 4-mm cod end liner",Cryptonatica affinis,Species,urn:lsid:marinespecies.org:taxname:140525,"Gmelin, 1791",Animalia,Mollusca,Gastropoda,Littorinimorpha,Ticidae,Cryptonatica,abundance,Individuals per 1000 square meter,94.071
9/23/2023,SKQ202312S-DBO4.2n,SKQ202312S-DBO4.2n-Cylichna alba,71.326183,-160.66648,13:56:18,Benthos,"Plumb-staff beam trawl,  2.26m opening, 7-mm mesh net, 4-mm cod end liner",Cylichna alba,Species,urn:lsid:marinespecies.org:taxname:139474,"T. Brown, 1827",Animalia,Mollusca,Gastropoda,Cephalaspidea,Cylichnidae,Cylichna,abundance,Individuals per 1000 square meter,62.714
9/23/2023,SKQ202312S-DBO4.2n,SKQ202312S-DBO4.2n-Eualus gaimardii ,71.326183,-160.66648,13:56:18,Benthos,"Plumb-staff beam trawl,  2.26m opening, 7-mm mesh net, 4-mm cod end liner",Eualus gaimardii ,Species,urn:lsid:marinespecies.org:taxname:107504,"H. Milne Edwards, 1837",Animalia,Arthropoda,Malacostraca,Decapoda,Thoridae,Eualus,abundance,Individuals per 1000 square meter,13.065
9/23/2023,SKQ202312S-DBO4.2n,SKQ202312S-DBO4.2n-Eucratea loricata,71.326183,-160.66648,13:56:18,Benthos,"Plumb-staff beam trawl,  2.26m opening, 7-mm mesh net, 4-mm cod end liner",Eucratea loricata,Species,urn:lsid:marinespecies.org:taxname:111361,"Linnaeus, 1758",Animalia,Bryozoa,Gymnolaemata,Cheilostomatida,Eucrateidae,Eucratea,abundance,Individuals per 1000 square meter,NA
9/23/2023,SKQ202312S-DBO4.2n,SKQ202312S-DBO4.2n-Euspira pallida,71.326183,-160.66648,13:56:18,Benthos,"Plumb-staff beam trawl,  2.26m opening, 7-mm mesh net, 4-mm cod end liner",Euspira pallida,Species,urn:lsid:marinespecies.org:taxname:140536,"Broderip & G. B. Sowerby I, 1829",Animalia,Mollusca,Gastropoda,Littorinimorpha,Naticidae,Euspira,abundance,Individuals per 1000 square meter,15.679
9/23/2023,SKQ202312S-DBO4.2n,SKQ202312S-DBO4.2n-Gattyana ciliata,71.326183,-160.66648,13:56:18,Benthos,"Plumb-staff beam trawl,  2.26m opening, 7-mm mesh net, 4-mm cod end liner",Gattyana ciliata,Species,urn:lsid:marinespecies.org:taxname:254456,"Moore, 1902",Animalia,Annelida,Polychaeta,Phyllodocida,Polynoidae,Gattyana,abundance,Individuals per 1000 square meter,31.357
9/23/2023,SKQ202312S-DBO4.2n,SKQ202312S-DBO4.2n-Gersemia rubiformis,71.326183,-160.66648,13:56:18,Benthos,"Plumb-staff beam trawl,  2.26m opening, 7-mm mesh net, 4-mm cod end liner",Gersemia rubiformis,Species,urn:lsid:marinespecies.org:taxname:156103,"Ehrenberg, 1834",Animalia,Cnidaria,Anthozoa,Malacalcyonacea,Alcyoniidae,Gersemia,abundance,Individuals per 1000 square meter,15.679
9/23/2023,SKQ202312S-DBO4.2n,SKQ202312S-DBO4.2n-Golfingia margaritacea,71.326183,-160.66648,13:56:18,Benthos,"Plumb-staff beam trawl,  2.26m opening, 7-mm mesh net, 4-mm cod end liner",Golfingia margaritacea,Species,urn:lsid:marinespecies.org:taxname:175027,"Sars, 1851",Animalia,Annelida,NA,Sipuncula,Golfingiidae,Golfingia,abundance,Individuals per 1000 square meter,188.142
9/23/2023,SKQ202312S-DBO4.2n,SKQ202312S-DBO4.2n-Hyas coarctatus,71.326183,-160.66648,13:56:18,Benthos,"Plumb-staff beam trawl,  2.26m opening, 7-mm mesh net, 4-mm cod end liner",Hyas coarctatus,Species,urn:lsid:marinespecies.org:taxname:107323,"Leach, 1815",Animalia,Arthropoda,Malacostraca,Decapoda,Oregoniidae,Hyas,abundance,Individuals per 1000 square meter,94.071
9/23/2023,SKQ202312S-DBO4.2n,SKQ202312S-DBO4.2n-Hydrozoa,71.326183,-160.66648,13:56:18,Benthos,"Plumb-staff beam trawl,  2.26m opening, 7-mm mesh net, 4-mm cod end liner",Hydrozoa,Class,urn:lsid:marinespecies.org:taxname:1337,"Owen, 1843",Animalia,Cnidaria,Hydrozoa,NA,NA,NA,abundance,Individuals per 1000 square meter,NA
9/23/2023,SKQ202312S-DBO4.2n,SKQ202312S-DBO4.2n-Leptasterias groenlandica,71.326183,-160.66648,13:56:18,Benthos,"Plumb-staff beam trawl,  2.26m opening, 7-mm mesh net, 4-mm cod end liner",Leptasterias groenlandica,Species,urn:lsid:marinespecies.org:taxname:369176,"Steenstrup in Lutken, 1857",Animalia,Echinodermata,Asteroidea,Forcipulatida,Asteriidae,Leptasterias,abundance,Individuals per 1000 square meter,109.75
9/23/2023,SKQ202312S-DBO4.2n,SKQ202312S-DBO4.2n-Limneria undata,71.326183,-160.66648,13:56:18,Benthos,"Plumb-staff beam trawl,  2.26m opening, 7-mm mesh net, 4-mm cod end liner",Limneria undata,Species,urn:lsid:marinespecies.org:taxname:159903,"T. Brown, 1839",Animalia,Mollusca,Gastropoda,Littorinimorpha,Velutinidae,Limneria,abundance,Individuals per 1000 square meter,15.679
9/23/2023,SKQ202312S-DBO4.2n,SKQ202312S-DBO4.2n-Margarites costalis,71.326183,-160.66648,13:56:18,Benthos,"Plumb-staff beam trawl,  2.26m opening, 7-mm mesh net, 4-mm cod end liner",Margarites costalis,Species,urn:lsid:marinespecies.org:taxname:141819,"A. Gould, 1841",Animalia,Mollusca,Gastropoda,Trochida,Margaritidae,Margarites,abundance,Individuals per 1000 square meter,172.464
9/23/2023,SKQ202312S-DBO4.2n,SKQ202312S-DBO4.2n-Musculus glacialis,71.326183,-160.66648,13:56:18,Benthos,"Plumb-staff beam trawl,  2.26m opening, 7-mm mesh net, 4-mm cod end liner",Musculus glacialis,Species,urn:lsid:marinespecies.org:taxname:467467,"Leche, 1883",Animalia,Mollusca,Bivalvia,Mytilida,Mytilidae,Musculus,abundance,Individuals per 1000 square meter,94.071
9/23/2023,SKQ202312S-DBO4.2n,SKQ202312S-DBO4.2n-Myriotrochus rinkii,71.326183,-160.66648,13:56:18,Benthos,"Plumb-staff beam trawl,  2.26m opening, 7-mm mesh net, 4-mm cod end liner",Myriotrochus rinkii,Species,urn:lsid:marinespecies.org:taxname:124446,"Steenstrup, 1851",Animalia,Echinodermata,Holothuroidea,Apodida,Myriotrochidae,Myriotrochus,abundance,Individuals per 1000 square meter,18281.139
9/23/2023,SKQ202312S-DBO4.2n,SKQ202312S-DBO4.2n-Nemertea,71.326183,-160.66648,13:56:18,Benthos,"Plumb-staff beam trawl,  2.26m opening, 7-mm mesh net, 4-mm cod end liner",Nemertea,Phylum,urn:lsid:marinespecies.org:taxname:152391,NA,Animalia,Nemertea,NA,NA,NA,NA,abundance,Individuals per 1000 square meter,15.679
9/23/2023,SKQ202312S-DBO4.2n,SKQ202312S-DBO4.2n-Neocrangon communis,71.326183,-160.66648,13:56:18,Benthos,"Plumb-staff beam trawl,  2.26m opening, 7-mm mesh net, 4-mm cod end liner",Neocrangon communis,Species,urn:lsid:marinespecies.org:taxname:423552,"Rathbun, 1899",Animalia,Arthropoda,Malacostraca,Decapoda,Crangonidae,Neocrangon,abundance,Individuals per 1000 square meter,1.307
9/23/2023,SKQ202312S-DBO4.2n,SKQ202312S-DBO4.2n-Neoiphinoe coronata,71.326183,-160.66648,13:56:18,Benthos,"Plumb-staff beam trawl,  2.26m opening, 7-mm mesh net, 4-mm cod end liner",Neoiphinoe coronata,Species,urn:lsid:marinespecies.org:taxname:576321,"A. Gould, 1860",Animalia,Mollusca,Gastropoda,Littorinimorpha,Capulidae,Neoiphinoe,abundance,Individuals per 1000 square meter,15.679
9/23/2023,SKQ202312S-DBO4.2n,SKQ202312S-DBO4.2n-Neptunea heros,71.326183,-160.66648,13:56:18,Benthos,"Plumb-staff beam trawl,  2.26m opening, 7-mm mesh net, 4-mm cod end liner",Neptunea heros,Species,urn:lsid:marinespecies.org:taxname:254479,"J. E. Gray, 1850",Animalia,Mollusca,Gastropoda,Neogastropoda,Buccinidae,Neptunea,abundance,Individuals per 1000 square meter,78.393
9/23/2023,SKQ202312S-DBO4.2n,SKQ202312S-DBO4.2n-Nodulotrophon coronatus,71.326183,-160.66648,13:56:18,Benthos,"Plumb-staff beam trawl,  2.26m opening, 7-mm mesh net, 4-mm cod end liner",Nodulotrophon coronatus,Species,urn:lsid:marinespecies.org:taxname:399228,"H. Adams & A. Adams, 1864",Animalia,Mollusca,Gastropoda,Neogastropoda,Muricidae,Nodulotrophon,abundance,Individuals per 1000 square meter,31.357
9/23/2023,SKQ202312S-DBO4.2n,SKQ202312S-DBO4.2n-Nymphon,71.326183,-160.66648,13:56:18,Benthos,"Plumb-staff beam trawl,  2.26m opening, 7-mm mesh net, 4-mm cod end liner",Nymphon,Genus,urn:lsid:marinespecies.org:taxname:134591,"Fabricius, 1794",Animalia,Arthropoda,Pycnogonida,Pantopoda,Nymphonidae,Nymphon,abundance,Individuals per 1000 square meter,47.036
9/23/2023,SKQ202312S-DBO4.2n,SKQ202312S-DBO4.2n-Obesotoma,71.326183,-160.66648,13:56:18,Benthos,"Plumb-staff beam trawl,  2.26m opening, 7-mm mesh net, 4-mm cod end liner",Obesotoma,Genus,urn:lsid:marinespecies.org:taxname:137825,"Bartsch, 1941",Animalia,Mollusca,Gastropoda,Neogastropoda,Mangeliidae,Obesotoma,abundance,Individuals per 1000 square meter,15.679
9/23/2023,SKQ202312S-DBO4.2n,SKQ202312S-DBO4.2n-Ocnus glacialis,71.326183,-160.66648,13:56:18,Benthos,"Plumb-staff beam trawl,  2.26m opening, 7-mm mesh net, 4-mm cod end liner",Ocnus glacialis,Species,urn:lsid:marinespecies.org:taxname:124641,"Ljungman, 1879",Animalia,Echinodermata,Holothuroidea,Dendrochirotida,Cucumariidae,Ocnus,abundance,Individuals per 1000 square meter,6240.046
9/23/2023,SKQ202312S-DBO4.2n,SKQ202312S-DBO4.2n-Oenopota,71.326183,-160.66648,13:56:18,Benthos,"Plumb-staff beam trawl,  2.26m opening, 7-mm mesh net, 4-mm cod end liner",Oenopota,Genus,urn:lsid:marinespecies.org:taxname:137826,"Mörch, 1852",Animalia,Mollusca,Gastropoda,Neogastropoda,Mangeliidae,Oenopota,abundance,Individuals per 1000 square meter,15.679
9/23/2023,SKQ202312S-DBO4.2n,SKQ202312S-DBO4.2n-Ophiura sarsii,71.326183,-160.66648,13:56:18,Benthos,"Plumb-staff beam trawl,  2.26m opening, 7-mm mesh net, 4-mm cod end liner",Ophiura sarsii,Species,urn:lsid:marinespecies.org:taxname:124934,"Lütken, 1855",Animalia,Echinodermata,Ophiuroidea,Ophiurida,Ophiuridae,Ophiura,abundance,Individuals per 1000 square meter,14878.903
9/23/2023,SKQ202312S-DBO4.2n,SKQ202312S-DBO4.2n-Pagurus capillatus,71.326183,-160.66648,13:56:18,Benthos,"Plumb-staff beam trawl,  2.26m opening, 7-mm mesh net, 4-mm cod end liner",Pagurus capillatus,Species,urn:lsid:marinespecies.org:taxname:254489,"Benedict, 1892",Animalia,Arthropoda,Malacostraca,Decapoda,Paguridae,Pagurus,abundance,Individuals per 1000 square meter,15.679
9/23/2023,SKQ202312S-DBO4.2n,SKQ202312S-DBO4.2n-Pelonaia corrugata,71.326183,-160.66648,13:56:18,Benthos,"Plumb-staff beam trawl,  2.26m opening, 7-mm mesh net, 4-mm cod end liner",Pelonaia corrugata,Species,urn:lsid:marinespecies.org:taxname:103894,"Goodsir & Forbes, 1841",Animalia,Chordata,Ascidiacea,Stolidobranchia,Styelidae,Pelonaia,abundance,Individuals per 1000 square meter,15.679
9/23/2023,SKQ202312S-DBO4.2n,SKQ202312S-DBO4.2n-Phyllodoce groenlandica,71.326183,-160.66648,13:56:18,Benthos,"Plumb-staff beam trawl,  2.26m opening, 7-mm mesh net, 4-mm cod end liner",Phyllodoce groenlandica,Species,urn:lsid:marinespecies.org:taxname:334506,"Örsted, 1842",Animalia,Annelida,Polychaeta,Phyllodocida,Phyllodocidae,Phyllodoce,abundance,Individuals per 1000 square meter,109.75
9/23/2023,SKQ202312S-DBO4.2n,SKQ202312S-DBO4.2n-Polychaeta,71.326183,-160.66648,13:56:18,Benthos,"Plumb-staff beam trawl,  2.26m opening, 7-mm mesh net, 4-mm cod end liner",Polychaeta,Class,urn:lsid:marinespecies.org:taxname:883,"Grube, 1850",Animalia,Annelida,Polychaeta,NA,NA,NA,abundance,Individuals per 1000 square meter,47.036
9/23/2023,SKQ202312S-DBO4.2n,SKQ202312S-DBO4.2n-Polynoidae,71.326183,-160.66648,13:56:18,Benthos,"Plumb-staff beam trawl,  2.26m opening, 7-mm mesh net, 4-mm cod end liner",Polynoidae,Family,urn:lsid:marinespecies.org:taxname:939,"Kinberg, 1856",Animalia,Annelida,Polychaeta,Phyllodocida,Polynoidae,NA,abundance,Individuals per 1000 square meter,31.357
9/23/2023,SKQ202312S-DBO4.2n,SKQ202312S-DBO4.2n-Propebela nobilis,71.326183,-160.66648,13:56:18,Benthos,"Plumb-staff beam trawl,  2.26m opening, 7-mm mesh net, 4-mm cod end liner",Propebela nobilis,Species,urn:lsid:marinespecies.org:taxname:160450,"Møller, 1842",Animalia,Mollusca,Gastropoda,Neogastropoda,Mangeliidae,Propebela,abundance,Individuals per 1000 square meter,15.679
9/23/2023,SKQ202312S-DBO4.2n,SKQ202312S-DBO4.2n-Psolus peronii,71.326183,-160.66648,13:56:18,Benthos,"Plumb-staff beam trawl,  2.26m opening, 7-mm mesh net, 4-mm cod end liner",Psolus peronii,Species,urn:lsid:marinespecies.org:taxname:529651,"Bell, 1883",Animalia,Echinodermata,Holothuroidea,Dendrochirotida,Psolidae,Psolus,abundance,Individuals per 1000 square meter,15.679
9/23/2023,SKQ202312S-DBO4.2n,SKQ202312S-DBO4.2n-Pteraster obscurus,71.326183,-160.66648,13:56:18,Benthos,"Plumb-staff beam trawl,  2.26m opening, 7-mm mesh net, 4-mm cod end liner",Pteraster obscurus,Species,urn:lsid:marinespecies.org:taxname:124149,"Perrier, 1891",Animalia,Echinodermata,Asteroidea,Velatida,Pterasteridae,Pteraster,abundance,Individuals per 1000 square meter,15.679
9/23/2023,SKQ202312S-DBO4.2n,SKQ202312S-DBO4.2n-Sabinea septemcarinata,71.326183,-160.66648,13:56:18,Benthos,"Plumb-staff beam trawl,  2.26m opening, 7-mm mesh net, 4-mm cod end liner",Sabinea septemcarinata,Species,urn:lsid:marinespecies.org:taxname:107567,"Sabine, 1824",Animalia,Arthropoda,Malacostraca,Decapoda,Crangonidae,Sabinea,abundance,Individuals per 1000 square meter,31.357
9/23/2023,SKQ202312S-DBO4.2n,SKQ202312S-DBO4.2n-Socarnes bidenticulatus,71.326183,-160.66648,13:56:18,Benthos,"Plumb-staff beam trawl,  2.26m opening, 7-mm mesh net, 4-mm cod end liner",Socarnes bidenticulatus,Species,urn:lsid:marinespecies.org:taxname:102722,"Spence Bate, 1858",Animalia,Arthropoda,Malacostraca,Amphipoda,Lysianassidae,Socarnes,abundance,Individuals per 1000 square meter,15.679
9/23/2023,SKQ202312S-DBO4.2n,SKQ202312S-DBO4.2n-Stomphia,71.326183,-160.66648,13:56:18,Benthos,"Plumb-staff beam trawl,  2.26m opening, 7-mm mesh net, 4-mm cod end liner",Stomphia,Genus,urn:lsid:marinespecies.org:taxname:100716,"Gosse, 1859",Animalia,Cnidaria,Anthozoa,Actiniaria,Actinostolidae,Stomphia,abundance,Individuals per 1000 square meter,15.679
9/23/2023,SKQ202312S-DBO4.2n,SKQ202312S-DBO4.2n-Synidotea bicuspida,71.326183,-160.66648,13:56:18,Benthos,"Plumb-staff beam trawl,  2.26m opening, 7-mm mesh net, 4-mm cod end liner",Synidotea bicuspida,Species,urn:lsid:marinespecies.org:taxname:156445,"Owen, 1839",Animalia,Arthropoda,Malacostraca,Isopoda,Idoteidae,Synidotea,abundance,Individuals per 1000 square meter,15.679
9/23/2023,SKQ202312S-DBO4.2n,SKQ202312S-DBO4.2n-Tachyrhynchus erosus,71.326183,-160.66648,13:56:18,Benthos,"Plumb-staff beam trawl,  2.26m opening, 7-mm mesh net, 4-mm cod end liner",Tachyrhynchus erosus,Species,urn:lsid:marinespecies.org:taxname:196391,"Couthouy, 1838",Animalia,Mollusca,Gastropoda,Caenogastropoda,Turritellidae,Tachyrhynchus,abundance,Individuals per 1000 square meter,78.393
9/23/2023,SKQ202312S-DBO4.2n,SKQ202312S-DBO4.2n-Trichotropis bicarinata,71.326183,-160.66648,13:56:18,Benthos,"Plumb-staff beam trawl,  2.26m opening, 7-mm mesh net, 4-mm cod end liner",Trichotropis bicarinata,Species,urn:lsid:marinespecies.org:taxname:160421,"G. B. Sowerby I, 1825",Animalia,Mollusca,Gastropoda,Littorinimorpha,Capulidae,Trichotropis,abundance,Individuals per 1000 square meter,47.036
9/23/2023,SKQ202312S-DBO4.2n,SKQ202312S-DBO4.2n-Tritonia,71.326183,-160.66648,13:56:18,Benthos,"Plumb-staff beam trawl,  2.26m opening, 7-mm mesh net, 4-mm cod end liner",Tritonia,Genus,urn:lsid:marinespecies.org:taxname:138580,"Cuvier, 1797",Animalia,Mollusca,Gastropoda,Nudibranchia,Tritoniidae,Tritonia,abundance,Individuals per 1000 square meter,15.679
9/24/2023,SKQ202312S-DBO4.4n,SKQ202312S-DBO4.4n-Acanthonotozoma inflatum,71.59053,-161.408529,10:09:48,Benthos,"Plumb-staff beam trawl,  2.26m opening, 7-mm mesh net, 4-mm cod end liner",Acanthonotozoma inflatum,Species,urn:lsid:marinespecies.org:taxname:101873,"Krøyer, 1842",Animalia,Arthropoda,Malacostraca,Amphipoda,Acanthonotozomatidae,Acanthonotozoma,abundance,Individuals per 1000 square meter,18.82
9/24/2023,SKQ202312S-DBO4.4n,SKQ202312S-DBO4.4n-Admete solida,71.59053,-161.408529,10:09:48,Benthos,"Plumb-staff beam trawl,  2.26m opening, 7-mm mesh net, 4-mm cod end liner",Admete solida,Species,urn:lsid:marinespecies.org:taxname:576338,"Aurivillius, 1885",Animalia,Mollusca,Gastropoda,Neogastropoda,Cancellariidae,Admete,abundance,Individuals per 1000 square meter,131.737
9/24/2023,SKQ202312S-DBO4.4n,SKQ202312S-DBO4.4n-Anomalisipho verkruezeni,71.59053,-161.408529,10:09:48,Benthos,"Plumb-staff beam trawl,  2.26m opening, 7-mm mesh net, 4-mm cod end liner",Anomalisipho verkruezeni,Species,urn:lsid:marinespecies.org:taxname:490701,"Kobelt, 1876",Animalia,Mollusca,Gastropoda,Neogastropoda,Buccinidae,Anomalisipho,abundance,Individuals per 1000 square meter,9.41
9/24/2023,SKQ202312S-DBO4.4n,SKQ202312S-DBO4.4n-Anonyx,71.59053,-161.408529,10:09:48,Benthos,"Plumb-staff beam trawl,  2.26m opening, 7-mm mesh net, 4-mm cod end liner",Anonyx,Genus,urn:lsid:marinespecies.org:taxname:101592,"Krøyer, 1838",Animalia,Arthropoda,Malacostraca,Amphipoda,Uristidae,Anonyx,abundance,Individuals per 1000 square meter,56.459
9/24/2023,SKQ202312S-DBO4.4n,SKQ202312S-DBO4.4n-Argis,71.59053,-161.408529,10:09:48,Benthos,"Plumb-staff beam trawl,  2.26m opening, 7-mm mesh net, 4-mm cod end liner",Argis,Genus,urn:lsid:marinespecies.org:taxname:107006,"Krøyer, 1843",Animalia,Arthropoda,Malacostraca,Decapoda,Crangonidae,Argis,abundance,Individuals per 1000 square meter,7.841
9/24/2023,SKQ202312S-DBO4.4n,SKQ202312S-DBO4.4n-Ariadnaria borealis,71.59053,-161.408529,10:09:48,Benthos,"Plumb-staff beam trawl,  2.26m opening, 7-mm mesh net, 4-mm cod end liner",Ariadnaria borealis,Species,urn:lsid:marinespecies.org:taxname:714762,"Broderip & G. B. Sowerby I, 1829",Animalia,Mollusca,Gastropoda,Littorinimorpha,Capulidae,Ariadnaria,abundance,Individuals per 1000 square meter,9.41
9/24/2023,SKQ202312S-DBO4.4n,SKQ202312S-DBO4.4n-Arrhis phyllonyx,71.59053,-161.408529,10:09:48,Benthos,"Plumb-staff beam trawl,  2.26m opening, 7-mm mesh net, 4-mm cod end liner",Arrhis phyllonyx,Species,urn:lsid:marinespecies.org:taxname:102870,"M. Sars, 1858",Animalia,Arthropoda,Malacostraca,Amphipoda,Oedicerotidae,Arrhis,abundance,Individuals per 1000 square meter,9.41
9/24/2023,SKQ202312S-DBO4.4n,SKQ202312S-DBO4.4n-Boreotrophon truncatus,71.59053,-161.408529,10:09:48,Benthos,"Plumb-staff beam trawl,  2.26m opening, 7-mm mesh net, 4-mm cod end liner",Boreotrophon truncatus,Species,urn:lsid:marinespecies.org:taxname:146733,"Strøm, 1768",Animalia,Mollusca,Gastropoda,Neogastropoda,Muricidae,Boreotrophon,abundance,Individuals per 1000 square meter,9.41
9/24/2023,SKQ202312S-DBO4.4n,SKQ202312S-DBO4.4n-Brada villosa,71.59053,-161.408529,10:09:48,Benthos,"Plumb-staff beam trawl,  2.26m opening, 7-mm mesh net, 4-mm cod end liner",Brada villosa,Species,urn:lsid:marinespecies.org:taxname:1355594,"Rathke, 1843",Animalia,Annelida,Polychaeta,Terebellida,Flabelligeridae,Brada,abundance,Individuals per 1000 square meter,9.41
9/24/2023,SKQ202312S-DBO4.4n,SKQ202312S-DBO4.4n-Buccinum polare,71.59053,-161.408529,10:09:48,Benthos,"Plumb-staff beam trawl,  2.26m opening, 7-mm mesh net, 4-mm cod end liner",Buccinum polare,Species,urn:lsid:marinespecies.org:taxname:138873,"Gray, 1839",Animalia,Mollusca,Gastropoda,Neogastropoda,Buccinidae,Buccinum,abundance,Individuals per 1000 square meter,18.82
9/24/2023,SKQ202312S-DBO4.4n,SKQ202312S-DBO4.4n-Chionoecetes opilio,71.59053,-161.408529,10:09:48,Benthos,"Plumb-staff beam trawl,  2.26m opening, 7-mm mesh net, 4-mm cod end liner",Chionoecetes opilio,Species,urn:lsid:marinespecies.org:taxname:107315,"Fabricius, 1788",Animalia,Arthropoda,Malacostraca,Decapoda,Oregoniidae,Chionoecetes,abundance,Individuals per 1000 square meter,12.546
9/24/2023,SKQ202312S-DBO4.4n,SKQ202312S-DBO4.4n-Cistenides hyperborea,71.59053,-161.408529,10:09:48,Benthos,"Plumb-staff beam trawl,  2.26m opening, 7-mm mesh net, 4-mm cod end liner",Cistenides hyperborea,Species,urn:lsid:marinespecies.org:taxname:157317,"Malmgren, 1866",Animalia,Annelida,Polychaeta,Terebellida,Pectiriidae,Cistenides,abundance,Individuals per 1000 square meter,1627.895
9/24/2023,SKQ202312S-DBO4.4n,SKQ202312S-DBO4.4n-Colus pubescens,71.59053,-161.408529,10:09:48,Benthos,"Plumb-staff beam trawl,  2.26m opening, 7-mm mesh net, 4-mm cod end liner",Colus pubescens,Species,urn:lsid:marinespecies.org:taxname:160212,"A. E. Verrill, 1882",Animalia,Mollusca,Gastropoda,Neogastropoda,Colidae,Colus,abundance,Individuals per 1000 square meter,18.82
9/24/2023,SKQ202312S-DBO4.4n,SKQ202312S-DBO4.4n-Crangon dalli,71.59053,-161.408529,10:09:48,Benthos,"Plumb-staff beam trawl,  2.26m opening, 7-mm mesh net, 4-mm cod end liner",Crangon dalli,Species,urn:lsid:marinespecies.org:taxname:254486,"Rathbun, 1902",Animalia,Arthropoda,Malacostraca,Decapoda,Crangonidae,Crangon,abundance,Individuals per 1000 square meter,1.568
9/24/2023,SKQ202312S-DBO4.4n,SKQ202312S-DBO4.4n-Cryptonatica affinis,71.59053,-161.408529,10:09:48,Benthos,"Plumb-staff beam trawl,  2.26m opening, 7-mm mesh net, 4-mm cod end liner",Cryptonatica affinis,Species,urn:lsid:marinespecies.org:taxname:140525,"Gmelin, 1791",Animalia,Mollusca,Gastropoda,Littorinimorpha,Ticidae,Cryptonatica,abundance,Individuals per 1000 square meter,18.82
9/24/2023,SKQ202312S-DBO4.4n,SKQ202312S-DBO4.4n-Cylichnoides occultus,71.59053,-161.408529,10:09:48,Benthos,"Plumb-staff beam trawl,  2.26m opening, 7-mm mesh net, 4-mm cod end liner",Cylichnoides occultus,Species,urn:lsid:marinespecies.org:taxname:884604,"Mighels & C. B. Adams, 1842",Animalia,Mollusca,Gastropoda,Cephalaspidea,Eoscaphandridae,Cylichnoides,abundance,Individuals per 1000 square meter,9.41
9/24/2023,SKQ202312S-DBO4.4n,SKQ202312S-DBO4.4n-Eualus gaimardii ,71.59053,-161.408529,10:09:48,Benthos,"Plumb-staff beam trawl,  2.26m opening, 7-mm mesh net, 4-mm cod end liner",Eualus gaimardii ,Species,urn:lsid:marinespecies.org:taxname:107504,"H. Milne Edwards, 1837",Animalia,Arthropoda,Malacostraca,Decapoda,Thoridae,Eualus,abundance,Individuals per 1000 square meter,21.956
9/24/2023,SKQ202312S-DBO4.4n,SKQ202312S-DBO4.4n-Gattyana ciliata,71.59053,-161.408529,10:09:48,Benthos,"Plumb-staff beam trawl,  2.26m opening, 7-mm mesh net, 4-mm cod end liner",Gattyana ciliata,Species,urn:lsid:marinespecies.org:taxname:254456,"Moore, 1902",Animalia,Annelida,Polychaeta,Phyllodocida,Polynoidae,Gattyana,abundance,Individuals per 1000 square meter,9.41
9/24/2023,SKQ202312S-DBO4.4n,SKQ202312S-DBO4.4n-Gersemia rubiformis,71.59053,-161.408529,10:09:48,Benthos,"Plumb-staff beam trawl,  2.26m opening, 7-mm mesh net, 4-mm cod end liner",Gersemia rubiformis,Species,urn:lsid:marinespecies.org:taxname:156103,"Ehrenberg, 1834",Animalia,Cnidaria,Anthozoa,Malacalcyonacea,Alcyoniidae,Gersemia,abundance,Individuals per 1000 square meter,NA
9/24/2023,SKQ202312S-DBO4.4n,SKQ202312S-DBO4.4n-Golfingia margaritacea,71.59053,-161.408529,10:09:48,Benthos,"Plumb-staff beam trawl,  2.26m opening, 7-mm mesh net, 4-mm cod end liner",Golfingia margaritacea,Species,urn:lsid:marinespecies.org:taxname:175027,"Sars, 1851",Animalia,Annelida,NA,Sipuncula,Golfingiidae,Golfingia,abundance,Individuals per 1000 square meter,56.459
9/24/2023,SKQ202312S-DBO4.4n,SKQ202312S-DBO4.4n-Latisipho hypolispus,71.59053,-161.408529,10:09:48,Benthos,"Plumb-staff beam trawl,  2.26m opening, 7-mm mesh net, 4-mm cod end liner",Latisipho hypolispus,Species,urn:lsid:marinespecies.org:taxname:491062,"Dall, 1891",Animalia,Mollusca,Gastropoda,Neogastropoda,Buccinidae,Latisipho,abundance,Individuals per 1000 square meter,9.41
9/24/2023,SKQ202312S-DBO4.4n,SKQ202312S-DBO4.4n-Leptasterias groenlandica,71.59053,-161.408529,10:09:48,Benthos,"Plumb-staff beam trawl,  2.26m opening, 7-mm mesh net, 4-mm cod end liner",Leptasterias groenlandica,Species,urn:lsid:marinespecies.org:taxname:369176,"Steenstrup in Lutken, 1857",Animalia,Echinodermata,Asteroidea,Forcipulatida,Asteriidae,Leptasterias,abundance,Individuals per 1000 square meter,18.82
9/24/2023,SKQ202312S-DBO4.4n,SKQ202312S-DBO4.4n-Margarites costalis,71.59053,-161.408529,10:09:48,Benthos,"Plumb-staff beam trawl,  2.26m opening, 7-mm mesh net, 4-mm cod end liner",Margarites costalis,Species,urn:lsid:marinespecies.org:taxname:141819,"A. Gould, 1841",Animalia,Mollusca,Gastropoda,Trochida,Margaritidae,Margarites,abundance,Individuals per 1000 square meter,178.786
9/24/2023,SKQ202312S-DBO4.4n,SKQ202312S-DBO4.4n-Musculus glacialis,71.59053,-161.408529,10:09:48,Benthos,"Plumb-staff beam trawl,  2.26m opening, 7-mm mesh net, 4-mm cod end liner",Musculus glacialis,Species,urn:lsid:marinespecies.org:taxname:467467,"Leche, 1883",Animalia,Mollusca,Bivalvia,Mytilida,Mytilidae,Musculus,abundance,Individuals per 1000 square meter,9.41
9/24/2023,SKQ202312S-DBO4.4n,SKQ202312S-DBO4.4n-Musculus niger,71.59053,-161.408529,10:09:48,Benthos,"Plumb-staff beam trawl,  2.26m opening, 7-mm mesh net, 4-mm cod end liner",Musculus niger,Species,urn:lsid:marinespecies.org:taxname:140474,"J. E. Gray, 1824",Animalia,Mollusca,Bivalvia,Mytilida,Mytilidae,Musculus,abundance,Individuals per 1000 square meter,9.41
9/24/2023,SKQ202312S-DBO4.4n,SKQ202312S-DBO4.4n-Myriotrochus rinkii,71.59053,-161.408529,10:09:48,Benthos,"Plumb-staff beam trawl,  2.26m opening, 7-mm mesh net, 4-mm cod end liner",Myriotrochus rinkii,Species,urn:lsid:marinespecies.org:taxname:124446,"Steenstrup, 1851",Animalia,Echinodermata,Holothuroidea,Apodida,Myriotrochidae,Myriotrochus,abundance,Individuals per 1000 square meter,1985.467
9/24/2023,SKQ202312S-DBO4.4n,SKQ202312S-DBO4.4n-Nemertea,71.59053,-161.408529,10:09:48,Benthos,"Plumb-staff beam trawl,  2.26m opening, 7-mm mesh net, 4-mm cod end liner",Nemertea,Phylum,urn:lsid:marinespecies.org:taxname:152391,NA,Animalia,Nemertea,NA,NA,NA,NA,abundance,Individuals per 1000 square meter,9.41
9/24/2023,SKQ202312S-DBO4.4n,SKQ202312S-DBO4.4n-Neoiphinoe coronata,71.59053,-161.408529,10:09:48,Benthos,"Plumb-staff beam trawl,  2.26m opening, 7-mm mesh net, 4-mm cod end liner",Neoiphinoe coronata,Species,urn:lsid:marinespecies.org:taxname:576321,"A. Gould, 1860",Animalia,Mollusca,Gastropoda,Littorinimorpha,Capulidae,Neoiphinoe,abundance,Individuals per 1000 square meter,37.639
9/24/2023,SKQ202312S-DBO4.4n,SKQ202312S-DBO4.4n-Neptunea heros,71.59053,-161.408529,10:09:48,Benthos,"Plumb-staff beam trawl,  2.26m opening, 7-mm mesh net, 4-mm cod end liner",Neptunea heros,Species,urn:lsid:marinespecies.org:taxname:254479,"J. E. Gray, 1850",Animalia,Mollusca,Gastropoda,Neogastropoda,Buccinidae,Neptunea,abundance,Individuals per 1000 square meter,28.229
9/24/2023,SKQ202312S-DBO4.4n,SKQ202312S-DBO4.4n-Nodulotrophon coronatus,71.59053,-161.408529,10:09:48,Benthos,"Plumb-staff beam trawl,  2.26m opening, 7-mm mesh net, 4-mm cod end liner",Nodulotrophon coronatus,Species,urn:lsid:marinespecies.org:taxname:399228,"H. Adams & A. Adams, 1864",Animalia,Mollusca,Gastropoda,Neogastropoda,Muricidae,Nodulotrophon,abundance,Individuals per 1000 square meter,9.41
9/24/2023,SKQ202312S-DBO4.4n,SKQ202312S-DBO4.4n-Oenopota,71.59053,-161.408529,10:09:48,Benthos,"Plumb-staff beam trawl,  2.26m opening, 7-mm mesh net, 4-mm cod end liner",Oenopota,Genus,urn:lsid:marinespecies.org:taxname:137826,"Mörch, 1852",Animalia,Mollusca,Gastropoda,Neogastropoda,Mangeliidae,Oenopota,abundance,Individuals per 1000 square meter,37.639
9/24/2023,SKQ202312S-DBO4.4n,SKQ202312S-DBO4.4n-Oenopota elegans,71.59053,-161.408529,10:09:48,Benthos,"Plumb-staff beam trawl,  2.26m opening, 7-mm mesh net, 4-mm cod end liner",Oenopota elegans,Species,urn:lsid:marinespecies.org:taxname:139317,"Møller, 1842",Animalia,Mollusca,Gastropoda,Neogastropoda,Mangeliidae,Oenopota,abundance,Individuals per 1000 square meter,28.229
9/24/2023,SKQ202312S-DBO4.4n,SKQ202312S-DBO4.4n-Ophiura sarsii,71.59053,-161.408529,10:09:48,Benthos,"Plumb-staff beam trawl,  2.26m opening, 7-mm mesh net, 4-mm cod end liner",Ophiura sarsii,Species,urn:lsid:marinespecies.org:taxname:124934,"Lütken, 1855",Animalia,Echinodermata,Ophiuroidea,Ophiurida,Ophiuridae,Ophiura,abundance,Individuals per 1000 square meter,4422.605
9/24/2023,SKQ202312S-DBO4.4n,SKQ202312S-DBO4.4n-Pagurus capillatus,71.59053,-161.408529,10:09:48,Benthos,"Plumb-staff beam trawl,  2.26m opening, 7-mm mesh net, 4-mm cod end liner",Pagurus capillatus,Species,urn:lsid:marinespecies.org:taxname:254489,"Benedict, 1892",Animalia,Arthropoda,Malacostraca,Decapoda,Paguridae,Pagurus,abundance,Individuals per 1000 square meter,9.41
9/24/2023,SKQ202312S-DBO4.4n,SKQ202312S-DBO4.4n-Pelonaia corrugata,71.59053,-161.408529,10:09:48,Benthos,"Plumb-staff beam trawl,  2.26m opening, 7-mm mesh net, 4-mm cod end liner",Pelonaia corrugata,Species,urn:lsid:marinespecies.org:taxname:103894,"Goodsir & Forbes, 1841",Animalia,Chordata,Ascidiacea,Stolidobranchia,Styelidae,Pelonaia,abundance,Individuals per 1000 square meter,9.41
9/24/2023,SKQ202312S-DBO4.4n,SKQ202312S-DBO4.4n-Phyllodoce groenlandica,71.59053,-161.408529,10:09:48,Benthos,"Plumb-staff beam trawl,  2.26m opening, 7-mm mesh net, 4-mm cod end liner",Phyllodoce groenlandica,Species,urn:lsid:marinespecies.org:taxname:334506,"Örsted, 1842",Animalia,Annelida,Polychaeta,Phyllodocida,Phyllodocidae,Phyllodoce,abundance,Individuals per 1000 square meter,18.82
9/24/2023,SKQ202312S-DBO4.4n,SKQ202312S-DBO4.4n-Propebela arctica,71.59053,-161.408529,10:09:48,Benthos,"Plumb-staff beam trawl,  2.26m opening, 7-mm mesh net, 4-mm cod end liner",Propebela arctica,Species,urn:lsid:marinespecies.org:taxname:367571,"A. Adams, 1855",Animalia,Mollusca,Gastropoda,Neogastropoda,Mangeliidae,Propebela,abundance,Individuals per 1000 square meter,18.82
9/24/2023,SKQ202312S-DBO4.4n,SKQ202312S-DBO4.4n-Serripes groenlandicus,71.59053,-161.408529,10:09:48,Benthos,"Plumb-staff beam trawl,  2.26m opening, 7-mm mesh net, 4-mm cod end liner",Serripes groenlandicus,Species,urn:lsid:marinespecies.org:taxname:582749,"Mohr, 1786",Animalia,Mollusca,Bivalvia,Cardiida,Cardiidae,Serripes,abundance,Individuals per 1000 square meter,9.41
9/24/2023,SKQ202312S-DBO4.4n,SKQ202312S-DBO4.4n-Tachyrhynchus erosus,71.59053,-161.408529,10:09:48,Benthos,"Plumb-staff beam trawl,  2.26m opening, 7-mm mesh net, 4-mm cod end liner",Tachyrhynchus erosus,Species,urn:lsid:marinespecies.org:taxname:196391,"Couthouy, 1838",Animalia,Mollusca,Gastropoda,Caenogastropoda,Turritellidae,Tachyrhynchus,abundance,Individuals per 1000 square meter,122.327
9/24/2023,SKQ202312S-DBO4.4n,SKQ202312S-DBO4.4n-Tritonia,71.59053,-161.408529,10:09:48,Benthos,"Plumb-staff beam trawl,  2.26m opening, 7-mm mesh net, 4-mm cod end liner",Tritonia,Genus,urn:lsid:marinespecies.org:taxname:138580,"Cuvier, 1797",Animalia,Mollusca,Gastropoda,Nudibranchia,Tritoniidae,Tritonia,abundance,Individuals per 1000 square meter,9.41
9/25/2023,SKQ202312S-DBO4.6n,SKQ202312S-DBO4.6n-Actiniaria,71.85369,-162.157262,8:41:33,Benthos,"Plumb-staff beam trawl,  2.26m opening, 7-mm mesh net, 4-mm cod end liner",Actiniaria,Order,urn:lsid:marinespecies.org:taxname:1360,"Hertwig, 1882",Animalia,Cnidaria,Anthozoa,Actiniaria,NA,NA,abundance,Individuals per 1000 square meter,18.006
9/25/2023,SKQ202312S-DBO4.6n,SKQ202312S-DBO4.6n-Admete solida,71.85369,-162.157262,8:41:33,Benthos,"Plumb-staff beam trawl,  2.26m opening, 7-mm mesh net, 4-mm cod end liner",Admete solida,Species,urn:lsid:marinespecies.org:taxname:576338,"Aurivillius, 1885",Animalia,Mollusca,Gastropoda,Neogastropoda,Cancellariidae,Admete,abundance,Individuals per 1000 square meter,54.017
9/25/2023,SKQ202312S-DBO4.6n,SKQ202312S-DBO4.6n-Anonyx,71.85369,-162.157262,8:41:33,Benthos,"Plumb-staff beam trawl,  2.26m opening, 7-mm mesh net, 4-mm cod end liner",Anonyx,Genus,urn:lsid:marinespecies.org:taxname:101592,"Krøyer, 1838",Animalia,Arthropoda,Malacostraca,Amphipoda,Uristidae,Anonyx,abundance,Individuals per 1000 square meter,54.017
9/25/2023,SKQ202312S-DBO4.6n,SKQ202312S-DBO4.6n-Argis,71.85369,-162.157262,8:41:33,Benthos,"Plumb-staff beam trawl,  2.26m opening, 7-mm mesh net, 4-mm cod end liner",Argis,Genus,urn:lsid:marinespecies.org:taxname:107006,"Krøyer, 1843",Animalia,Arthropoda,Malacostraca,Decapoda,Crangonidae,Argis,abundance,Individuals per 1000 square meter,9.003
9/25/2023,SKQ202312S-DBO4.6n,SKQ202312S-DBO4.6n-Balanus crenatus,71.85369,-162.157262,8:41:33,Benthos,"Plumb-staff beam trawl,  2.26m opening, 7-mm mesh net, 4-mm cod end liner",Balanus crenatus,Species,urn:lsid:marinespecies.org:taxname:106215,"Bruguière, 1789",Animalia,Arthropoda,Thecostraca,Balanomorpha,Balanidae,Balanus,abundance,Individuals per 1000 square meter,NA
9/25/2023,SKQ202312S-DBO4.6n,SKQ202312S-DBO4.6n-Buccinum polare,71.85369,-162.157262,8:41:33,Benthos,"Plumb-staff beam trawl,  2.26m opening, 7-mm mesh net, 4-mm cod end liner",Buccinum polare,Species,urn:lsid:marinespecies.org:taxname:138873,"Gray, 1839",Animalia,Mollusca,Gastropoda,Neogastropoda,Buccinidae,Buccinum,abundance,Individuals per 1000 square meter,54.017
9/25/2023,SKQ202312S-DBO4.6n,SKQ202312S-DBO4.6n-Buccinum scalariforme,71.85369,-162.157262,8:41:33,Benthos,"Plumb-staff beam trawl,  2.26m opening, 7-mm mesh net, 4-mm cod end liner",Buccinum scalariforme,Species,urn:lsid:marinespecies.org:taxname:138875,"Møller, 1842",Animalia,Mollusca,Gastropoda,Neogastropoda,Buccinidae,Buccinum,abundance,Individuals per 1000 square meter,18.006
9/25/2023,SKQ202312S-DBO4.6n,SKQ202312S-DBO4.6n-Buccinum solenum,71.85369,-162.157262,8:41:33,Benthos,"Plumb-staff beam trawl,  2.26m opening, 7-mm mesh net, 4-mm cod end liner",Buccinum solenum,Species,urn:lsid:marinespecies.org:taxname:490864,"Mörch, 1869",Animalia,Mollusca,Gastropoda,Neogastropoda,Buccinidae,Buccinum,abundance,Individuals per 1000 square meter,18.006
9/25/2023,SKQ202312S-DBO4.6n,SKQ202312S-DBO4.6n-Calycidoris guentheri,71.85369,-162.157262,8:41:33,Benthos,"Plumb-staff beam trawl,  2.26m opening, 7-mm mesh net, 4-mm cod end liner",Calycidoris guentheri,Species,urn:lsid:marinespecies.org:taxname:146756,"Abraham, 1876",Animalia,Mollusca,Gastropoda,Nudibranchia,Calycidorididae,Calycidoris,abundance,Individuals per 1000 square meter,36.011
9/25/2023,SKQ202312S-DBO4.6n,SKQ202312S-DBO4.6n-Chionoecetes opilio,71.85369,-162.157262,8:41:33,Benthos,"Plumb-staff beam trawl,  2.26m opening, 7-mm mesh net, 4-mm cod end liner",Chionoecetes opilio,Species,urn:lsid:marinespecies.org:taxname:107315,"Fabricius, 1788",Animalia,Arthropoda,Malacostraca,Decapoda,Oregoniidae,Chionoecetes,abundance,Individuals per 1000 square meter,39.012
9/25/2023,SKQ202312S-DBO4.6n,SKQ202312S-DBO4.6n-Cistenides hyperborea,71.85369,-162.157262,8:41:33,Benthos,"Plumb-staff beam trawl,  2.26m opening, 7-mm mesh net, 4-mm cod end liner",Cistenides hyperborea,Species,urn:lsid:marinespecies.org:taxname:157317,"Malmgren, 1866",Animalia,Annelida,Polychaeta,Terebellida,Pectiriidae,Cistenides,abundance,Individuals per 1000 square meter,864.267
9/25/2023,SKQ202312S-DBO4.6n,SKQ202312S-DBO4.6n-Crangon dalli,71.85369,-162.157262,8:41:33,Benthos,"Plumb-staff beam trawl,  2.26m opening, 7-mm mesh net, 4-mm cod end liner",Crangon dalli,Species,urn:lsid:marinespecies.org:taxname:254486,"Rathbun, 1902",Animalia,Arthropoda,Malacostraca,Decapoda,Crangonidae,Crangon,abundance,Individuals per 1000 square meter,6.002
9/25/2023,SKQ202312S-DBO4.6n,SKQ202312S-DBO4.6n-Cryptonatica affinis,71.85369,-162.157262,8:41:33,Benthos,"Plumb-staff beam trawl,  2.26m opening, 7-mm mesh net, 4-mm cod end liner",Cryptonatica affinis,Species,urn:lsid:marinespecies.org:taxname:140525,"Gmelin, 1791",Animalia,Mollusca,Gastropoda,Littorinimorpha,Ticidae,Cryptonatica,abundance,Individuals per 1000 square meter,72.022
9/25/2023,SKQ202312S-DBO4.6n,SKQ202312S-DBO4.6n-Cylichnoides occultus,71.85369,-162.157262,8:41:33,Benthos,"Plumb-staff beam trawl,  2.26m opening, 7-mm mesh net, 4-mm cod end liner",Cylichnoides occultus,Species,urn:lsid:marinespecies.org:taxname:884604,"Mighels & C. B. Adams, 1842",Animalia,Mollusca,Gastropoda,Cephalaspidea,Eoscaphandridae,Cylichnoides,abundance,Individuals per 1000 square meter,18.006
9/25/2023,SKQ202312S-DBO4.6n,SKQ202312S-DBO4.6n-Distaplia alaskensis,71.85369,-162.157262,8:41:33,Benthos,"Plumb-staff beam trawl,  2.26m opening, 7-mm mesh net, 4-mm cod end liner",Distaplia alaskensis,Species,urn:lsid:marinespecies.org:taxname:181923,"Calman, 1912",Animalia,Chordata,Ascidiacea,Aplousobranchia,Holozoidae,Distaplia,abundance,Individuals per 1000 square meter,18.006
9/25/2023,SKQ202312S-DBO4.6n,SKQ202312S-DBO4.6n-Eualus,71.85369,-162.157262,8:41:33,Benthos,"Plumb-staff beam trawl,  2.26m opening, 7-mm mesh net, 4-mm cod end liner",Eualus,Genus,urn:lsid:marinespecies.org:taxname:106986,"Thallwitz, 1891",Animalia,Arthropoda,Malacostraca,Decapoda,Thoridae,Eualus,abundance,Individuals per 1000 square meter,9.003
9/25/2023,SKQ202312S-DBO4.6n,SKQ202312S-DBO4.6n-Eucratea loricata,71.85369,-162.157262,8:41:33,Benthos,"Plumb-staff beam trawl,  2.26m opening, 7-mm mesh net, 4-mm cod end liner",Eucratea loricata,Species,urn:lsid:marinespecies.org:taxname:111361,"Linnaeus, 1758",Animalia,Bryozoa,Gymnolaemata,Cheilostomatida,Eucrateidae,Eucratea,abundance,Individuals per 1000 square meter,NA
9/25/2023,SKQ202312S-DBO4.6n,SKQ202312S-DBO4.6n-Euspira pallida,71.85369,-162.157262,8:41:33,Benthos,"Plumb-staff beam trawl,  2.26m opening, 7-mm mesh net, 4-mm cod end liner",Euspira pallida,Species,urn:lsid:marinespecies.org:taxname:140536,"Broderip & G. B. Sowerby I, 1829",Animalia,Mollusca,Gastropoda,Littorinimorpha,Naticidae,Euspira,abundance,Individuals per 1000 square meter,54.017
9/25/2023,SKQ202312S-DBO4.6n,SKQ202312S-DBO4.6n-Gersemia rubiformis,71.85369,-162.157262,8:41:33,Benthos,"Plumb-staff beam trawl,  2.26m opening, 7-mm mesh net, 4-mm cod end liner",Gersemia rubiformis,Species,urn:lsid:marinespecies.org:taxname:156103,"Ehrenberg, 1834",Animalia,Cnidaria,Anthozoa,Malacalcyonacea,Alcyoniidae,Gersemia,abundance,Individuals per 1000 square meter,NA
9/25/2023,SKQ202312S-DBO4.6n,SKQ202312S-DBO4.6n-Golfingia margaritacea,71.85369,-162.157262,8:41:33,Benthos,"Plumb-staff beam trawl,  2.26m opening, 7-mm mesh net, 4-mm cod end liner",Golfingia margaritacea,Species,urn:lsid:marinespecies.org:taxname:175027,"Sars, 1851",Animalia,Annelida,NA,Sipuncula,Golfingiidae,Golfingia,abundance,Individuals per 1000 square meter,108.033
9/25/2023,SKQ202312S-DBO4.6n,SKQ202312S-DBO4.6n-Harmothoe imbricata,71.85369,-162.157262,8:41:33,Benthos,"Plumb-staff beam trawl,  2.26m opening, 7-mm mesh net, 4-mm cod end liner",Harmothoe imbricata,Species,urn:lsid:marinespecies.org:taxname:130769,"Linnaeus, 1767",Animalia,Annelida,Polychaeta,Phyllodocida,Polynoidae,Harmothoe,abundance,Individuals per 1000 square meter,36.011
9/25/2023,SKQ202312S-DBO4.6n,SKQ202312S-DBO4.6n-Hyas coarctatus,71.85369,-162.157262,8:41:33,Benthos,"Plumb-staff beam trawl,  2.26m opening, 7-mm mesh net, 4-mm cod end liner",Hyas coarctatus,Species,urn:lsid:marinespecies.org:taxname:107323,"Leach, 1815",Animalia,Arthropoda,Malacostraca,Decapoda,Oregoniidae,Hyas,abundance,Individuals per 1000 square meter,36.011
9/25/2023,SKQ202312S-DBO4.6n,SKQ202312S-DBO4.6n-Iphionopsis,71.85369,-162.157262,8:41:33,Benthos,"Plumb-staff beam trawl,  2.26m opening, 7-mm mesh net, 4-mm cod end liner",Iphinopsis,Genus,urn:lsid:marinespecies.org:taxname:137727  ,"Dall, 1924",Animalia,Mollusca,Gastropoda,NA,Cancellariidae,Iphinopsis,abundance,Individuals per 1000 square meter,36.011
9/25/2023,SKQ202312S-DBO4.6n,SKQ202312S-DBO4.6n-Labidochirus splendescens,71.85369,-162.157262,8:41:33,Benthos,"Plumb-staff beam trawl,  2.26m opening, 7-mm mesh net, 4-mm cod end liner",Labidochirus splendescens,Species,urn:lsid:marinespecies.org:taxname:248348,"Owen, 1839",Animalia,Arthropoda,Malacostraca,Decapoda,Paguridae,Labidochirus,abundance,Individuals per 1000 square meter,18.006
9/25/2023,SKQ202312S-DBO4.6n,SKQ202312S-DBO4.6n-Lafoeina maxima,71.85369,-162.157262,8:41:33,Benthos,"Plumb-staff beam trawl,  2.26m opening, 7-mm mesh net, 4-mm cod end liner",Lafoeina maxima,Species,urn:lsid:marinespecies.org:taxname:117411,"Levinsen, 1893",Animalia,Cnidaria,Hydrozoa,Leptothecata,Campanulinidae,Lafoeina,abundance,Individuals per 1000 square meter,NA
9/25/2023,SKQ202312S-DBO4.6n,SKQ202312S-DBO4.6n-Leptasterias groenlandica,71.85369,-162.157262,8:41:33,Benthos,"Plumb-staff beam trawl,  2.26m opening, 7-mm mesh net, 4-mm cod end liner",Leptasterias groenlandica,Species,urn:lsid:marinespecies.org:taxname:369176,"Steenstrup in Lutken, 1857",Animalia,Echinodermata,Asteroidea,Forcipulatida,Asteriidae,Leptasterias,abundance,Individuals per 1000 square meter,36.011
9/25/2023,SKQ202312S-DBO4.6n,SKQ202312S-DBO4.6n-Limneria undata,71.85369,-162.157262,8:41:33,Benthos,"Plumb-staff beam trawl,  2.26m opening, 7-mm mesh net, 4-mm cod end liner",Limneria undata,Species,urn:lsid:marinespecies.org:taxname:159903,"T. Brown, 1839",Animalia,Mollusca,Gastropoda,Littorinimorpha,Velutinidae,Limneria,abundance,Individuals per 1000 square meter,18.006
9/25/2023,SKQ202312S-DBO4.6n,SKQ202312S-DBO4.6n-Margarites costalis,71.85369,-162.157262,8:41:33,Benthos,"Plumb-staff beam trawl,  2.26m opening, 7-mm mesh net, 4-mm cod end liner",Margarites costalis,Species,urn:lsid:marinespecies.org:taxname:141819,"A. Gould, 1841",Animalia,Mollusca,Gastropoda,Trochida,Margaritidae,Margarites,abundance,Individuals per 1000 square meter,558.172
9/25/2023,SKQ202312S-DBO4.6n,SKQ202312S-DBO4.6n-Myriotrochus rinkii,71.85369,-162.157262,8:41:33,Benthos,"Plumb-staff beam trawl,  2.26m opening, 7-mm mesh net, 4-mm cod end liner",Myriotrochus rinkii,Species,urn:lsid:marinespecies.org:taxname:124446,"Steenstrup, 1851",Animalia,Echinodermata,Holothuroidea,Apodida,Myriotrochidae,Myriotrochus,abundance,Individuals per 1000 square meter,2376.733
9/25/2023,SKQ202312S-DBO4.6n,SKQ202312S-DBO4.6n-Nemertea,71.85369,-162.157262,8:41:33,Benthos,"Plumb-staff beam trawl,  2.26m opening, 7-mm mesh net, 4-mm cod end liner",Nemertea,Phylum,urn:lsid:marinespecies.org:taxname:152391,NA,Animalia,Nemertea,NA,NA,NA,NA,abundance,Individuals per 1000 square meter,36.011
9/25/2023,SKQ202312S-DBO4.6n,SKQ202312S-DBO4.6n-Neptunea heros,71.85369,-162.157262,8:41:33,Benthos,"Plumb-staff beam trawl,  2.26m opening, 7-mm mesh net, 4-mm cod end liner",Neptunea heros,Species,urn:lsid:marinespecies.org:taxname:254479,"J. E. Gray, 1850",Animalia,Mollusca,Gastropoda,Neogastropoda,Buccinidae,Neptunea,abundance,Individuals per 1000 square meter,54.017
9/25/2023,SKQ202312S-DBO4.6n,SKQ202312S-DBO4.6n-Nodulotrophon coronatus,71.85369,-162.157262,8:41:33,Benthos,"Plumb-staff beam trawl,  2.26m opening, 7-mm mesh net, 4-mm cod end liner",Nodulotrophon coronatus,Species,urn:lsid:marinespecies.org:taxname:399228,"H. Adams & A. Adams, 1864",Animalia,Mollusca,Gastropoda,Neogastropoda,Muricidae,Nodulotrophon,abundance,Individuals per 1000 square meter,36.011
9/25/2023,SKQ202312S-DBO4.6n,SKQ202312S-DBO4.6n-Nymphon,71.85369,-162.157262,8:41:33,Benthos,"Plumb-staff beam trawl,  2.26m opening, 7-mm mesh net, 4-mm cod end liner",Nymphon,Genus,urn:lsid:marinespecies.org:taxname:134591,"Fabricius, 1794",Animalia,Arthropoda,Pycnogonida,Pantopoda,Nymphonidae,Nymphon,abundance,Individuals per 1000 square meter,18.006
9/25/2023,SKQ202312S-DBO4.6n,SKQ202312S-DBO4.6n-Ophiura sarsii,71.85369,-162.157262,8:41:33,Benthos,"Plumb-staff beam trawl,  2.26m opening, 7-mm mesh net, 4-mm cod end liner",Ophiura sarsii,Species,urn:lsid:marinespecies.org:taxname:124934,"Lütken, 1855",Animalia,Echinodermata,Ophiuroidea,Ophiurida,Ophiuridae,Ophiura,abundance,Individuals per 1000 square meter,882.272
9/25/2023,SKQ202312S-DBO4.6n,SKQ202312S-DBO4.6n-Pagurus capillatus,71.85369,-162.157262,8:41:33,Benthos,"Plumb-staff beam trawl,  2.26m opening, 7-mm mesh net, 4-mm cod end liner",Pagurus capillatus,Species,urn:lsid:marinespecies.org:taxname:254489,"Benedict, 1892",Animalia,Arthropoda,Malacostraca,Decapoda,Paguridae,Pagurus,abundance,Individuals per 1000 square meter,108.033
9/25/2023,SKQ202312S-DBO4.6n,SKQ202312S-DBO4.6n-Paramphithoe polyacantha,71.85369,-162.157262,8:41:33,Benthos,"Plumb-staff beam trawl,  2.26m opening, 7-mm mesh net, 4-mm cod end liner",Paramphithoe polyacantha,Species,urn:lsid:marinespecies.org:taxname:102154,"Murdoch, 1885",Animalia,Arthropoda,Malacostraca,Amphipoda,Paramphithoidae,Paramphithoe,abundance,Individuals per 1000 square meter,18.006
9/25/2023,SKQ202312S-DBO4.6n,SKQ202312S-DBO4.6n-Pelonaia corrugata,71.85369,-162.157262,8:41:33,Benthos,"Plumb-staff beam trawl,  2.26m opening, 7-mm mesh net, 4-mm cod end liner",Pelonaia corrugata,Species,urn:lsid:marinespecies.org:taxname:103894,"Goodsir & Forbes, 1841",Animalia,Chordata,Ascidiacea,Stolidobranchia,Styelidae,Pelonaia,abundance,Individuals per 1000 square meter,18.006
9/25/2023,SKQ202312S-DBO4.6n,SKQ202312S-DBO4.6n-Propebela nobilis,71.85369,-162.157262,8:41:33,Benthos,"Plumb-staff beam trawl,  2.26m opening, 7-mm mesh net, 4-mm cod end liner",Propebela nobilis,Species,urn:lsid:marinespecies.org:taxname:160450,"Møller, 1842",Animalia,Mollusca,Gastropoda,Neogastropoda,Mangeliidae,Propebela,abundance,Individuals per 1000 square meter,36.011
9/25/2023,SKQ202312S-DBO4.6n,SKQ202312S-DBO4.6n-Rhachotropis aculeata,71.85369,-162.157262,8:41:33,Benthos,"Plumb-staff beam trawl,  2.26m opening, 7-mm mesh net, 4-mm cod end liner",Rhachotropis aculeata,Species,urn:lsid:marinespecies.org:taxname:102224,"Lepechin, 1780",Animalia,Arthropoda,Malacostraca,Amphipoda,Eusiridae,Rhachotropis,abundance,Individuals per 1000 square meter,54.017
9/25/2023,SKQ202312S-DBO4.6n,SKQ202312S-DBO4.6n-Serripes groenlandicus,71.85369,-162.157262,8:41:33,Benthos,"Plumb-staff beam trawl,  2.26m opening, 7-mm mesh net, 4-mm cod end liner",Serripes groenlandicus,Species,urn:lsid:marinespecies.org:taxname:582749,"Mohr, 1786",Animalia,Mollusca,Bivalvia,Cardiida,Cardiidae,Serripes,abundance,Individuals per 1000 square meter,54.017
9/25/2023,SKQ202312S-DBO4.6n,SKQ202312S-DBO4.6n-Solariella obscura,71.85369,-162.157262,8:41:33,Benthos,"Plumb-staff beam trawl,  2.26m opening, 7-mm mesh net, 4-mm cod end liner",Solariella obscura,Species,urn:lsid:marinespecies.org:taxname:141840,"Couthouy, 1838",Animalia,Mollusca,Gastropoda,Trochida,Solariellidae,Solariella,abundance,Individuals per 1000 square meter,234.072
9/25/2023,SKQ202312S-DBO4.6n,SKQ202312S-DBO4.6n-Stegophiura nodosa,71.85369,-162.157262,8:41:33,Benthos,"Plumb-staff beam trawl,  2.26m opening, 7-mm mesh net, 4-mm cod end liner",Stegophiura nodosa,Species,urn:lsid:marinespecies.org:taxname:124943,"Lütken, 1855",Animalia,Echinodermata,Ophiuroidea,Ophiurida,Ophiopyrgidae,Stegophiura,abundance,Individuals per 1000 square meter,324.1
9/25/2023,SKQ202312S-DBO4.6n,SKQ202312S-DBO4.6n-Synidotea bicuspida,71.85369,-162.157262,8:41:33,Benthos,"Plumb-staff beam trawl,  2.26m opening, 7-mm mesh net, 4-mm cod end liner",Synidotea bicuspida,Species,urn:lsid:marinespecies.org:taxname:156445,"Owen, 1839",Animalia,Arthropoda,Malacostraca,Isopoda,Idoteidae,Synidotea,abundance,Individuals per 1000 square meter,18.006
9/26/2023,SKQ202312S-IC11,SKQ202312S-IC11-Actiniaria,70.583097,-162.498076,17:30:33,Benthos,"Plumb-staff beam trawl,  2.26m opening, 7-mm mesh net, 4-mm cod end liner",Actiniaria,Order,urn:lsid:marinespecies.org:taxname:1360,"Hertwig, 1882",Animalia,Cnidaria,Anthozoa,Actiniaria,NA,NA,abundance,Individuals per 1000 square meter,1.912
9/26/2023,SKQ202312S-IC11,SKQ202312S-IC11-Alcyonidium disciforme,70.583097,-162.498076,17:30:33,Benthos,"Plumb-staff beam trawl,  2.26m opening, 7-mm mesh net, 4-mm cod end liner",Alcyonidium disciforme,Species,urn:lsid:marinespecies.org:taxname:111598,"Smitt, 1872",Animalia,Bryozoa,Gymnolaemata,Ctenostomatida,Alcyonidiidae,Alcyonidium,abundance,Individuals per 1000 square meter,74.587
9/26/2023,SKQ202312S-IC11,SKQ202312S-IC11-Alcyonidium gelatinosum,70.583097,-162.498076,17:30:33,Benthos,"Plumb-staff beam trawl,  2.26m opening, 7-mm mesh net, 4-mm cod end liner",Alcyonidium gelatinosum,Species,urn:lsid:marinespecies.org:taxname:111600,"Linnaeus, 1761",Animalia,Bryozoa,Gymnolaemata,Ctenostomatida,Alcyonidiidae,Alcyonidium,abundance,Individuals per 1000 square meter,NA
9/26/2023,SKQ202312S-IC11,SKQ202312S-IC11-Arctonoe fragilis,70.583097,-162.498076,17:30:33,Benthos,"Plumb-staff beam trawl,  2.26m opening, 7-mm mesh net, 4-mm cod end liner",Arctonoe fragilis,Species,urn:lsid:marinespecies.org:taxname:333029,"Baird, 1863",Animalia,Annelida,Polychaeta,Phyllodocida,Polynoidae,Arctonoe,abundance,Individuals per 1000 square meter,5.737
9/26/2023,SKQ202312S-IC11,SKQ202312S-IC11-Argis,70.583097,-162.498076,17:30:33,Benthos,"Plumb-staff beam trawl,  2.26m opening, 7-mm mesh net, 4-mm cod end liner",Argis,Genus,urn:lsid:marinespecies.org:taxname:107006,"Krøyer, 1843",Animalia,Arthropoda,Malacostraca,Decapoda,Crangonidae,Argis,abundance,Individuals per 1000 square meter,51.637
9/26/2023,SKQ202312S-IC11,SKQ202312S-IC11-Ascidiacea,70.583097,-162.498076,17:30:33,Benthos,"Plumb-staff beam trawl,  2.26m opening, 7-mm mesh net, 4-mm cod end liner",Ascidiacea,Class,urn:lsid:marinespecies.org:taxname:1839,"Blainville, 1824",Animalia,Chordata,Ascidiacea,NA,NA,NA,abundance,Individuals per 1000 square meter,NA
9/26/2023,SKQ202312S-IC11,SKQ202312S-IC11-Asterias amurensis,70.583097,-162.498076,17:30:33,Benthos,"Plumb-staff beam trawl,  2.26m opening, 7-mm mesh net, 4-mm cod end liner",Asterias amurensis,Species,urn:lsid:marinespecies.org:taxname:254497,"Lutken, 1871",Animalia,Echinodermata,Asteroidea,Forcipulatida,Asteriidae,Asterias,abundance,Individuals per 1000 square meter,42.074
9/26/2023,SKQ202312S-IC11,SKQ202312S-IC11-Boltenia ovifera,70.583097,-162.498076,17:30:33,Benthos,"Plumb-staff beam trawl,  2.26m opening, 7-mm mesh net, 4-mm cod end liner",Boltenia ovifera,Species,urn:lsid:marinespecies.org:taxname:103815,"Linnaeus, 1767",Animalia,Chordata,Ascidiacea,Stolidobranchia,Pyuridae,Boltenia,abundance,Individuals per 1000 square meter,1.912
9/26/2023,SKQ202312S-IC11,SKQ202312S-IC11-Bryozoa - soft lobed,70.583097,-162.498076,17:30:33,Benthos,"Plumb-staff beam trawl,  2.26m opening, 7-mm mesh net, 4-mm cod end liner",Bryozoa - soft lobed,Phylum,urn:lsid:marinespecies.org:taxname:146142,NA,Animalia,Bryozoa,NA,NA,NA,NA,abundance,Individuals per 1000 square meter,NA
9/26/2023,SKQ202312S-IC11,SKQ202312S-IC11-Chionoecetes opilio,70.583097,-162.498076,17:30:33,Benthos,"Plumb-staff beam trawl,  2.26m opening, 7-mm mesh net, 4-mm cod end liner",Chionoecetes opilio,Species,urn:lsid:marinespecies.org:taxname:107315,"Fabricius, 1788",Animalia,Arthropoda,Malacostraca,Decapoda,Oregoniidae,Chionoecetes,abundance,Individuals per 1000 square meter,1.912
9/26/2023,SKQ202312S-IC11,SKQ202312S-IC11-Crangon dalli,70.583097,-162.498076,17:30:33,Benthos,"Plumb-staff beam trawl,  2.26m opening, 7-mm mesh net, 4-mm cod end liner",Crangon dalli,Species,urn:lsid:marinespecies.org:taxname:254486,"Rathbun, 1902",Animalia,Arthropoda,Malacostraca,Decapoda,Crangonidae,Crangon,abundance,Individuals per 1000 square meter,13.387
9/26/2023,SKQ202312S-IC11,SKQ202312S-IC11-Dendrobeania,70.583097,-162.498076,17:30:33,Benthos,"Plumb-staff beam trawl,  2.26m opening, 7-mm mesh net, 4-mm cod end liner",Dendrobeania,Genus,urn:lsid:marinespecies.org:taxname:110842,"Levinsen, 1909",Animalia,Bryozoa,Gymnolaemata,Cheilostomatida,Bugulidae,Dendrobeania,abundance,Individuals per 1000 square meter,NA
9/26/2023,SKQ202312S-IC11,SKQ202312S-IC11-Echinarachnius parma,70.583097,-162.498076,17:30:33,Benthos,"Plumb-staff beam trawl,  2.26m opening, 7-mm mesh net, 4-mm cod end liner",Echinarachnius parma,Species,urn:lsid:marinespecies.org:taxname:158062,"Lamarck, 1816",Animalia,Echinodermata,Echinoidea,Echinolampadacea,Echinarachniidae,Echinarachnius,abundance,Individuals per 1000 square meter,32.512
9/26/2023,SKQ202312S-IC11,SKQ202312S-IC11-Eucratea loricata,70.583097,-162.498076,17:30:33,Benthos,"Plumb-staff beam trawl,  2.26m opening, 7-mm mesh net, 4-mm cod end liner",Eucratea loricata,Species,urn:lsid:marinespecies.org:taxname:111361,"Linnaeus, 1758",Animalia,Bryozoa,Gymnolaemata,Cheilostomatida,Eucrateidae,Eucratea,abundance,Individuals per 1000 square meter,NA
9/26/2023,SKQ202312S-IC11,SKQ202312S-IC11-Golfingia margaritacea,70.583097,-162.498076,17:30:33,Benthos,"Plumb-staff beam trawl,  2.26m opening, 7-mm mesh net, 4-mm cod end liner",Golfingia margaritacea,Species,urn:lsid:marinespecies.org:taxname:175027,"Sars, 1851",Animalia,Annelida,NA,Sipuncula,Golfingiidae,Golfingia,abundance,Individuals per 1000 square meter,1.912
9/26/2023,SKQ202312S-IC11,SKQ202312S-IC11-Gorgonocephalus eucnemis,70.583097,-162.498076,17:30:33,Benthos,"Plumb-staff beam trawl,  2.26m opening, 7-mm mesh net, 4-mm cod end liner",Gorgonocephalus eucnemis,Species,urn:lsid:marinespecies.org:taxname:124969,"Müller & Troschel, 1842",Animalia,Echinodermata,Ophiuroidea,Euryalida,Gorgonocephalidae,Gorgonocephalus,abundance,Individuals per 1000 square meter,9.562
9/26/2023,SKQ202312S-IC11,SKQ202312S-IC11-Henricia tumida,70.583097,-162.498076,17:30:33,Benthos,"Plumb-staff beam trawl,  2.26m opening, 7-mm mesh net, 4-mm cod end liner",Henricia tumida,Species,urn:lsid:marinespecies.org:taxname:369147,"Verrill, 1909",Animalia,Echinodermata,Asteroidea,Spinulosida,Echisteridae,Henricia,abundance,Individuals per 1000 square meter,1.912
9/26/2023,SKQ202312S-IC11,SKQ202312S-IC11-Hyas coarctatus,70.583097,-162.498076,17:30:33,Benthos,"Plumb-staff beam trawl,  2.26m opening, 7-mm mesh net, 4-mm cod end liner",Hyas coarctatus,Species,urn:lsid:marinespecies.org:taxname:107323,"Leach, 1815",Animalia,Arthropoda,Malacostraca,Decapoda,Oregoniidae,Hyas,abundance,Individuals per 1000 square meter,21.037
9/26/2023,SKQ202312S-IC11,SKQ202312S-IC11-Hydrozoa,70.583097,-162.498076,17:30:33,Benthos,"Plumb-staff beam trawl,  2.26m opening, 7-mm mesh net, 4-mm cod end liner",Hydrozoa,Class,urn:lsid:marinespecies.org:taxname:1337,"Owen, 1843",Animalia,Cnidaria,Hydrozoa,NA,NA,NA,abundance,Individuals per 1000 square meter,NA
9/26/2023,SKQ202312S-IC11,SKQ202312S-IC11-Labidochirus splendescens,70.583097,-162.498076,17:30:33,Benthos,"Plumb-staff beam trawl,  2.26m opening, 7-mm mesh net, 4-mm cod end liner",Labidochirus splendescens,Species,urn:lsid:marinespecies.org:taxname:248348,"Owen, 1839",Animalia,Arthropoda,Malacostraca,Decapoda,Paguridae,Labidochirus,abundance,Individuals per 1000 square meter,7.65
9/26/2023,SKQ202312S-IC11,SKQ202312S-IC11-Leptasterias arctica,70.583097,-162.498076,17:30:33,Benthos,"Plumb-staff beam trawl,  2.26m opening, 7-mm mesh net, 4-mm cod end liner",Leptasterias arctica,Species,urn:lsid:marinespecies.org:taxname:369158,"Murdoch, 1885",Animalia,Echinodermata,Asteroidea,Forcipulatida,Asteriidae,Leptasterias,abundance,Individuals per 1000 square meter,1.912
9/26/2023,SKQ202312S-IC11,SKQ202312S-IC11-Musculus niger,70.583097,-162.498076,17:30:33,Benthos,"Plumb-staff beam trawl,  2.26m opening, 7-mm mesh net, 4-mm cod end liner",Musculus niger,Species,urn:lsid:marinespecies.org:taxname:140474,"J. E. Gray, 1824",Animalia,Mollusca,Bivalvia,Mytilida,Mytilidae,Musculus,abundance,Individuals per 1000 square meter,7.65
9/26/2023,SKQ202312S-IC11,SKQ202312S-IC11-Pagurus capillatus,70.583097,-162.498076,17:30:33,Benthos,"Plumb-staff beam trawl,  2.26m opening, 7-mm mesh net, 4-mm cod end liner",Pagurus capillatus,Species,urn:lsid:marinespecies.org:taxname:254489,"Benedict, 1892",Animalia,Arthropoda,Malacostraca,Decapoda,Paguridae,Pagurus,abundance,Individuals per 1000 square meter,3.825
9/26/2023,SKQ202312S-IC11,SKQ202312S-IC11-Pandalus eous,70.583097,-162.498076,17:30:33,Benthos,"Plumb-staff beam trawl,  2.26m opening, 7-mm mesh net, 4-mm cod end liner",Pandalus eous,Species,urn:lsid:marinespecies.org:taxname:515463,"Makarov, 1935",Animalia,Arthropoda,Malacostraca,Decapoda,Pandalidae,Pandalus,abundance,Individuals per 1000 square meter,1.912
9/26/2023,SKQ202312S-IC11,SKQ202312S-IC11-Pandalus goniurus,70.583097,-162.498076,17:30:33,Benthos,"Plumb-staff beam trawl,  2.26m opening, 7-mm mesh net, 4-mm cod end liner",Pandalus goniurus,Species,urn:lsid:marinespecies.org:taxname:254483,"Stimpson, 1860",Animalia,Arthropoda,Malacostraca,Decapoda,Pandalidae,Pandalus,abundance,Individuals per 1000 square meter,11.475
9/26/2023,SKQ202312S-IC11,SKQ202312S-IC11-Pycnogonida,70.583097,-162.498076,17:30:33,Benthos,"Plumb-staff beam trawl,  2.26m opening, 7-mm mesh net, 4-mm cod end liner",Pycnogonida,Class,urn:lsid:marinespecies.org:taxname:1302,"Latreille, 1810",Animalia,Arthropoda,Pycnogonida,NA,NA,NA,abundance,Individuals per 1000 square meter,1.912
9/26/2023,SKQ202312S-IC11,SKQ202312S-IC11-Rhachotropis oculata,70.583097,-162.498076,17:30:33,Benthos,"Plumb-staff beam trawl,  2.26m opening, 7-mm mesh net, 4-mm cod end liner",Rhachotropis oculata,Species,urn:lsid:marinespecies.org:taxname:102240,"Hansen, 1888",Animalia,Arthropoda,Malacostraca,Amphipoda,Eusiridae,Rhachotropis,abundance,Individuals per 1000 square meter,1.912
9/26/2023,SKQ202312S-IC11,SKQ202312S-IC11-Sertularia robusta,70.583097,-162.498076,17:30:33,Benthos,"Plumb-staff beam trawl,  2.26m opening, 7-mm mesh net, 4-mm cod end liner",Sertularia robusta,Species,urn:lsid:marinespecies.org:taxname:117923,"Clark, 1877",Animalia,Cnidaria,Hydrozoa,Leptothecata,Sertulariidae,Sertularia,abundance,Individuals per 1000 square meter,NA
9/26/2023,SKQ202312S-IC11,SKQ202312S-IC11-Spirontocaris,70.583097,-162.498076,17:30:33,Benthos,"Plumb-staff beam trawl,  2.26m opening, 7-mm mesh net, 4-mm cod end liner",Spirontocaris,Genus,urn:lsid:marinespecies.org:taxname:106994,"Spence Bate, 1888",Animalia,Arthropoda,Malacostraca,Decapoda,Thoridae,Spirontocaris,abundance,Individuals per 1000 square meter,1.912
9/26/2023,SKQ202312S-IC11,SKQ202312S-IC11-Synoicum pulmonaria,70.583097,-162.498076,17:30:33,Benthos,"Plumb-staff beam trawl,  2.26m opening, 7-mm mesh net, 4-mm cod end liner",Synoicum pulmonaria,Species,urn:lsid:marinespecies.org:taxname:103692,"Ellis & Solander, 1786",Animalia,Chordata,Ascidiacea,Aplousobranchia,Polyclinidae,Synoicum,abundance,Individuals per 1000 square meter,NA
9/27/2023,SKQ202312S-IC9,SKQ202312S-IC9-Acanthonotozoma rusanovae,70.848329,-163.2,1:01:03,Benthos,"Plumb-staff beam trawl,  2.26m opening, 7-mm mesh net, 4-mm cod end liner",Acanthonotozoma rusanovae,Species,urn:lsid:marinespecies.org:taxname:101876,"Bryazgin, 1974",Animalia,Arthropoda,Malacostraca,Amphipoda,Acanthonotozomatidae,Acanthonotozoma,abundance,Individuals per 1000 square meter,1.702
9/26/2023,SKQ202312S-IC9,SKQ202312S-IC9-Admete solida,70.848329,-163.2,1:01:03,Benthos,"Plumb-staff beam trawl,  2.26m opening, 7-mm mesh net, 4-mm cod end liner",Admete solida,Species,urn:lsid:marinespecies.org:taxname:576338,"Aurivillius, 1885",Animalia,Mollusca,Gastropoda,Neogastropoda,Cancellariidae,Admete,abundance,Individuals per 1000 square meter,5.105
9/26/2023,SKQ202312S-IC9,SKQ202312S-IC9-Alcyonidium gelatinosum,70.848329,-163.2,1:01:03,Benthos,"Plumb-staff beam trawl,  2.26m opening, 7-mm mesh net, 4-mm cod end liner",Alcyonidium gelatinosum,Species,urn:lsid:marinespecies.org:taxname:111600,"Linnaeus, 1761",Animalia,Bryozoa,Gymnolaemata,Ctenostomatida,Alcyonidiidae,Alcyonidium,abundance,Individuals per 1000 square meter,NA
9/26/2023,SKQ202312S-IC9,SKQ202312S-IC9-Anonyx,70.848329,-163.2,1:01:03,Benthos,"Plumb-staff beam trawl,  2.26m opening, 7-mm mesh net, 4-mm cod end liner",Anonyx,Genus,urn:lsid:marinespecies.org:taxname:101592,"Krøyer, 1838",Animalia,Arthropoda,Malacostraca,Amphipoda,Uristidae,Anonyx,abundance,Individuals per 1000 square meter,8.509
9/26/2023,SKQ202312S-IC9,SKQ202312S-IC9-Arctonoe vittata,70.848329,-163.2,1:01:03,Benthos,"Plumb-staff beam trawl,  2.26m opening, 7-mm mesh net, 4-mm cod end liner",Arctonoe vittata,Species,urn:lsid:marinespecies.org:taxname:254301,"Grube, 1855",Animalia,Annelida,Polychaeta,Phyllodocida,Polynoidae,Arctonoe,abundance,Individuals per 1000 square meter,1.702
9/26/2023,SKQ202312S-IC9,SKQ202312S-IC9-Argis,70.848329,-163.2,1:01:03,Benthos,"Plumb-staff beam trawl,  2.26m opening, 7-mm mesh net, 4-mm cod end liner",Argis,Genus,urn:lsid:marinespecies.org:taxname:107006,"Krøyer, 1843",Animalia,Arthropoda,Malacostraca,Decapoda,Crangonidae,Argis,abundance,Individuals per 1000 square meter,25.527
9/26/2023,SKQ202312S-IC9,SKQ202312S-IC9-Arrhis luthkei,70.848329,-163.2,1:01:03,Benthos,"Plumb-staff beam trawl,  2.26m opening, 7-mm mesh net, 4-mm cod end liner",Arrhis luthkei,Species,urn:lsid:marinespecies.org:taxname:423163,"Gurjanova, 1936",Animalia,Arthropoda,Malacostraca,Amphipoda,Oedicerotidae,Arrhis,abundance,Individuals per 1000 square meter,6.807
9/26/2023,SKQ202312S-IC9,SKQ202312S-IC9-Boreotrophon truncatus,70.848329,-163.2,1:01:03,Benthos,"Plumb-staff beam trawl,  2.26m opening, 7-mm mesh net, 4-mm cod end liner",Boreotrophon truncatus,Species,urn:lsid:marinespecies.org:taxname:146733,"Strøm, 1768",Animalia,Mollusca,Gastropoda,Neogastropoda,Muricidae,Boreotrophon,abundance,Individuals per 1000 square meter,1.702
9/26/2023,SKQ202312S-IC9,SKQ202312S-IC9-Buccinum polare,70.848329,-163.2,1:01:03,Benthos,"Plumb-staff beam trawl,  2.26m opening, 7-mm mesh net, 4-mm cod end liner",Buccinum polare,Species,urn:lsid:marinespecies.org:taxname:138873,"Gray, 1839",Animalia,Mollusca,Gastropoda,Neogastropoda,Buccinidae,Buccinum,abundance,Individuals per 1000 square meter,20.421
9/26/2023,SKQ202312S-IC9,SKQ202312S-IC9-Buccinum scalariforme,70.848329,-163.2,1:01:03,Benthos,"Plumb-staff beam trawl,  2.26m opening, 7-mm mesh net, 4-mm cod end liner",Buccinum scalariforme,Species,urn:lsid:marinespecies.org:taxname:138875,"Møller, 1842",Animalia,Mollusca,Gastropoda,Neogastropoda,Buccinidae,Buccinum,abundance,Individuals per 1000 square meter,13.614
9/26/2023,SKQ202312S-IC9,SKQ202312S-IC9-Chionoecetes opilio,70.848329,-163.2,1:01:03,Benthos,"Plumb-staff beam trawl,  2.26m opening, 7-mm mesh net, 4-mm cod end liner",Chionoecetes opilio,Species,urn:lsid:marinespecies.org:taxname:107315,"Fabricius, 1788",Animalia,Arthropoda,Malacostraca,Decapoda,Oregoniidae,Chionoecetes,abundance,Individuals per 1000 square meter,696.029
9/26/2023,SKQ202312S-IC9,SKQ202312S-IC9-Crangon dalli,70.848329,-163.2,1:01:03,Benthos,"Plumb-staff beam trawl,  2.26m opening, 7-mm mesh net, 4-mm cod end liner",Crangon dalli,Species,urn:lsid:marinespecies.org:taxname:254486,"Rathbun, 1902",Animalia,Arthropoda,Malacostraca,Decapoda,Crangonidae,Crangon,abundance,Individuals per 1000 square meter,5.105
9/26/2023,SKQ202312S-IC9,SKQ202312S-IC9-Cryptonatica affinis,70.848329,-163.2,1:01:03,Benthos,"Plumb-staff beam trawl,  2.26m opening, 7-mm mesh net, 4-mm cod end liner",Cryptonatica affinis,Species,urn:lsid:marinespecies.org:taxname:140525,"Gmelin, 1791",Animalia,Mollusca,Gastropoda,Littorinimorpha,Ticidae,Cryptonatica,abundance,Individuals per 1000 square meter,1.702
9/26/2023,SKQ202312S-IC9,SKQ202312S-IC9-Cylichnoides occultus,70.848329,-163.2,1:01:03,Benthos,"Plumb-staff beam trawl,  2.26m opening, 7-mm mesh net, 4-mm cod end liner",Cylichnoides occultus,Species,urn:lsid:marinespecies.org:taxname:884604,"Mighels & C. B. Adams, 1842",Animalia,Mollusca,Gastropoda,Cephalaspidea,Eoscaphandridae,Cylichnoides,abundance,Individuals per 1000 square meter,5.105
9/26/2023,SKQ202312S-IC9,SKQ202312S-IC9-Distaplia alaskensis,70.848329,-163.2,1:01:03,Benthos,"Plumb-staff beam trawl,  2.26m opening, 7-mm mesh net, 4-mm cod end liner",Distaplia alaskensis,Species,urn:lsid:marinespecies.org:taxname:181923,"Calman, 1912",Animalia,Chordata,Ascidiacea,Aplousobranchia,Holozoidae,Distaplia,abundance,Individuals per 1000 square meter,17.018
9/26/2023,SKQ202312S-IC9,SKQ202312S-IC9-Eualus gaimardii ,70.848329,-163.2,1:01:03,Benthos,"Plumb-staff beam trawl,  2.26m opening, 7-mm mesh net, 4-mm cod end liner",Eualus gaimardii ,Species,urn:lsid:marinespecies.org:taxname:107504,"H. Milne Edwards, 1837",Animalia,Arthropoda,Malacostraca,Decapoda,Thoridae,Eualus,abundance,Individuals per 1000 square meter,192.301
9/26/2023,SKQ202312S-IC9,SKQ202312S-IC9-Eualus macilentus,70.848329,-163.2,1:01:03,Benthos,"Plumb-staff beam trawl,  2.26m opening, 7-mm mesh net, 4-mm cod end liner",Eualus macilentus,Species,urn:lsid:marinespecies.org:taxname:158359,"Krøyer, 1841",Animalia,Arthropoda,Malacostraca,Decapoda,Thoridae,Eualus,abundance,Individuals per 1000 square meter,5.105
9/26/2023,SKQ202312S-IC9,SKQ202312S-IC9-Euspira pallida,70.848329,-163.2,1:01:03,Benthos,"Plumb-staff beam trawl,  2.26m opening, 7-mm mesh net, 4-mm cod end liner",Euspira pallida,Species,urn:lsid:marinespecies.org:taxname:140536,"Broderip & G. B. Sowerby I, 1829",Animalia,Mollusca,Gastropoda,Littorinimorpha,Naticidae,Euspira,abundance,Individuals per 1000 square meter,3.404
9/26/2023,SKQ202312S-IC9,SKQ202312S-IC9-Gattyana ciliata,70.848329,-163.2,1:01:03,Benthos,"Plumb-staff beam trawl,  2.26m opening, 7-mm mesh net, 4-mm cod end liner",Gattyana ciliata,Species,urn:lsid:marinespecies.org:taxname:254456,"Moore, 1902",Animalia,Annelida,Polychaeta,Phyllodocida,Polynoidae,Gattyana,abundance,Individuals per 1000 square meter,28.93
9/26/2023,SKQ202312S-IC9,SKQ202312S-IC9-Gersemia rubiformis,70.848329,-163.2,1:01:03,Benthos,"Plumb-staff beam trawl,  2.26m opening, 7-mm mesh net, 4-mm cod end liner",Gersemia rubiformis,Species,urn:lsid:marinespecies.org:taxname:156103,"Ehrenberg, 1834",Animalia,Cnidaria,Anthozoa,Malacalcyonacea,Alcyoniidae,Gersemia,abundance,Individuals per 1000 square meter,NA
9/26/2023,SKQ202312S-IC9,SKQ202312S-IC9-Gorgonocephalus arcticus,70.848329,-163.2,1:01:03,Benthos,"Plumb-staff beam trawl,  2.26m opening, 7-mm mesh net, 4-mm cod end liner",Gorgonocephalus arcticus,Species,urn:lsid:marinespecies.org:taxname:124966,"Leach, 1819",Animalia,Echinodermata,Ophiuroidea,Euryalida,Gorgonocephalidae,Gorgonocephalus,abundance,Individuals per 1000 square meter,10.211
9/26/2023,SKQ202312S-IC9,SKQ202312S-IC9-Gorgonocephalus eucnemis,70.848329,-163.2,1:01:03,Benthos,"Plumb-staff beam trawl,  2.26m opening, 7-mm mesh net, 4-mm cod end liner",Gorgonocephalus eucnemis,Species,urn:lsid:marinespecies.org:taxname:124969,"Müller & Troschel, 1842",Animalia,Echinodermata,Ophiuroidea,Euryalida,Gorgonocephalidae,Gorgonocephalus,abundance,Individuals per 1000 square meter,5.105
9/26/2023,SKQ202312S-IC9,SKQ202312S-IC9-Hyas,70.848329,-163.2,1:01:03,Benthos,"Plumb-staff beam trawl,  2.26m opening, 7-mm mesh net, 4-mm cod end liner",Hyas,Genus,urn:lsid:marinespecies.org:taxname:106903,"Leach, 1814",Animalia,Arthropoda,Malacostraca,Decapoda,Oregoniidae,Hyas,abundance,Individuals per 1000 square meter,18.72
9/26/2023,SKQ202312S-IC9,SKQ202312S-IC9-Labidochirus splendescens,70.848329,-163.2,1:01:03,Benthos,"Plumb-staff beam trawl,  2.26m opening, 7-mm mesh net, 4-mm cod end liner",Labidochirus splendescens,Species,urn:lsid:marinespecies.org:taxname:248348,"Owen, 1839",Animalia,Arthropoda,Malacostraca,Decapoda,Paguridae,Labidochirus,abundance,Individuals per 1000 square meter,8.509
9/26/2023,SKQ202312S-IC9,SKQ202312S-IC9-Latisipho hypolispus,70.848329,-163.2,1:01:03,Benthos,"Plumb-staff beam trawl,  2.26m opening, 7-mm mesh net, 4-mm cod end liner",Latisipho hypolispus,Species,urn:lsid:marinespecies.org:taxname:491062,"Dall, 1891",Animalia,Mollusca,Gastropoda,Neogastropoda,Buccinidae,Latisipho,abundance,Individuals per 1000 square meter,1.702
9/26/2023,SKQ202312S-IC9,SKQ202312S-IC9-Leptasterias groenlandica,70.848329,-163.2,1:01:03,Benthos,"Plumb-staff beam trawl,  2.26m opening, 7-mm mesh net, 4-mm cod end liner",Leptasterias groenlandica,Species,urn:lsid:marinespecies.org:taxname:369176,"Steenstrup in Lutken, 1857",Animalia,Echinodermata,Asteroidea,Forcipulatida,Asteriidae,Leptasterias,abundance,Individuals per 1000 square meter,18.72
9/26/2023,SKQ202312S-IC9,SKQ202312S-IC9-Margarites,70.848329,-163.2,1:01:03,Benthos,"Plumb-staff beam trawl,  2.26m opening, 7-mm mesh net, 4-mm cod end liner",Margarites,Genus,urn:lsid:marinespecies.org:taxname:138592,"Leach, 1847",Animalia,Mollusca,Gastropoda,Trochida,Margaritidae,Margarites,abundance,Individuals per 1000 square meter,241.653
9/26/2023,SKQ202312S-IC9,SKQ202312S-IC9-Margarites costalis,70.848329,-163.2,1:01:03,Benthos,"Plumb-staff beam trawl,  2.26m opening, 7-mm mesh net, 4-mm cod end liner",Margarites costalis,Species,urn:lsid:marinespecies.org:taxname:141819,"A. Gould, 1841",Animalia,Mollusca,Gastropoda,Trochida,Margaritidae,Margarites,abundance,Individuals per 1000 square meter,30.632
9/26/2023,SKQ202312S-IC9,SKQ202312S-IC9-Muusoctopus sibiricus,70.848329,-163.2,1:01:03,Benthos,"Plumb-staff beam trawl,  2.26m opening, 7-mm mesh net, 4-mm cod end liner",Muusoctopus sibiricus,Species,urn:lsid:marinespecies.org:taxname:527164,"Loyning, 1930",Animalia,Mollusca,Cephalopoda,Octopoda,Bathypolypodidae,Muusoctopus,abundance,Individuals per 1000 square meter,1.702
9/26/2023,SKQ202312S-IC9,SKQ202312S-IC9-Myriotrochus rinkii,70.848329,-163.2,1:01:03,Benthos,"Plumb-staff beam trawl,  2.26m opening, 7-mm mesh net, 4-mm cod end liner",Myriotrochus rinkii,Species,urn:lsid:marinespecies.org:taxname:124446,"Steenstrup, 1851",Animalia,Echinodermata,Holothuroidea,Apodida,Myriotrochidae,Myriotrochus,abundance,Individuals per 1000 square meter,190.6
9/26/2023,SKQ202312S-IC9,SKQ202312S-IC9-Nemertea,70.848329,-163.2,1:01:03,Benthos,"Plumb-staff beam trawl,  2.26m opening, 7-mm mesh net, 4-mm cod end liner",Nemertea,Phylum,urn:lsid:marinespecies.org:taxname:152391,NA,Animalia,Nemertea,NA,NA,NA,NA,abundance,Individuals per 1000 square meter,8.509
9/26/2023,SKQ202312S-IC9,SKQ202312S-IC9-Neocrangon communis,70.848329,-163.2,1:01:03,Benthos,"Plumb-staff beam trawl,  2.26m opening, 7-mm mesh net, 4-mm cod end liner",Neocrangon communis,Species,urn:lsid:marinespecies.org:taxname:423552,"Rathbun, 1899",Animalia,Arthropoda,Malacostraca,Decapoda,Crangonidae,Neocrangon,abundance,Individuals per 1000 square meter,1.702
9/26/2023,SKQ202312S-IC9,SKQ202312S-IC9-Neoiphinoe coronata,70.848329,-163.2,1:01:03,Benthos,"Plumb-staff beam trawl,  2.26m opening, 7-mm mesh net, 4-mm cod end liner",Neoiphinoe coronata,Species,urn:lsid:marinespecies.org:taxname:576321,"A. Gould, 1860",Animalia,Mollusca,Gastropoda,Littorinimorpha,Capulidae,Neoiphinoe,abundance,Individuals per 1000 square meter,1.702
9/26/2023,SKQ202312S-IC9,SKQ202312S-IC9-Nymphon,70.848329,-163.2,1:01:03,Benthos,"Plumb-staff beam trawl,  2.26m opening, 7-mm mesh net, 4-mm cod end liner",Nymphon,Genus,urn:lsid:marinespecies.org:taxname:134591,"Fabricius, 1794",Animalia,Arthropoda,Pycnogonida,Pantopoda,Nymphonidae,Nymphon,abundance,Individuals per 1000 square meter,17.018
9/26/2023,SKQ202312S-IC9,SKQ202312S-IC9-Obesotoma,70.848329,-163.2,1:01:03,Benthos,"Plumb-staff beam trawl,  2.26m opening, 7-mm mesh net, 4-mm cod end liner",Obesotoma,Genus,urn:lsid:marinespecies.org:taxname:137825,"Bartsch, 1941",Animalia,Mollusca,Gastropoda,Neogastropoda,Mangeliidae,Obesotoma,abundance,Individuals per 1000 square meter,10.211
9/26/2023,SKQ202312S-IC9,SKQ202312S-IC9-Ocnus glacialis,70.848329,-163.2,1:01:03,Benthos,"Plumb-staff beam trawl,  2.26m opening, 7-mm mesh net, 4-mm cod end liner",Ocnus glacialis,Species,urn:lsid:marinespecies.org:taxname:124641,"Ljungman, 1879",Animalia,Echinodermata,Holothuroidea,Dendrochirotida,Cucumariidae,Ocnus,abundance,Individuals per 1000 square meter,3.404
9/26/2023,SKQ202312S-IC9,SKQ202312S-IC9-Ophiura robusta,70.848329,-163.2,1:01:03,Benthos,"Plumb-staff beam trawl,  2.26m opening, 7-mm mesh net, 4-mm cod end liner",Ophiura robusta,Species,urn:lsid:marinespecies.org:taxname:124933,"Ayres, 1852",Animalia,Echinodermata,Ophiuroidea,Ophiurida,Ophiuridae,Ophiura,abundance,Individuals per 1000 square meter,3.404
9/26/2023,SKQ202312S-IC9,SKQ202312S-IC9-Ophiura sarsii,70.848329,-163.2,1:01:03,Benthos,"Plumb-staff beam trawl,  2.26m opening, 7-mm mesh net, 4-mm cod end liner",Ophiura sarsii,Species,urn:lsid:marinespecies.org:taxname:124934,"Lütken, 1855",Animalia,Echinodermata,Ophiuroidea,Ophiurida,Ophiuridae,Ophiura,abundance,Individuals per 1000 square meter,42884.904
9/26/2023,SKQ202312S-IC9,SKQ202312S-IC9-Pagurus capillatus,70.848329,-163.2,1:01:03,Benthos,"Plumb-staff beam trawl,  2.26m opening, 7-mm mesh net, 4-mm cod end liner",Pagurus capillatus,Species,urn:lsid:marinespecies.org:taxname:254489,"Benedict, 1892",Animalia,Arthropoda,Malacostraca,Decapoda,Paguridae,Pagurus,abundance,Individuals per 1000 square meter,74.878
9/26/2023,SKQ202312S-IC9,SKQ202312S-IC9-Pagurus trigonocheirus,70.848329,-163.2,1:01:03,Benthos,"Plumb-staff beam trawl,  2.26m opening, 7-mm mesh net, 4-mm cod end liner",Pagurus trigonocheirus,Species,urn:lsid:marinespecies.org:taxname:254490,"Stimpson, 1858",Animalia,Arthropoda,Malacostraca,Decapoda,Paguridae,Pagurus,abundance,Individuals per 1000 square meter,5.105
9/26/2023,SKQ202312S-IC9,SKQ202312S-IC9-Phyllodoce groenlandica,70.848329,-163.2,1:01:03,Benthos,"Plumb-staff beam trawl,  2.26m opening, 7-mm mesh net, 4-mm cod end liner",Phyllodoce groenlandica,Species,urn:lsid:marinespecies.org:taxname:334506,"Örsted, 1842",Animalia,Annelida,Polychaeta,Phyllodocida,Phyllodocidae,Phyllodoce,abundance,Individuals per 1000 square meter,6.807
9/26/2023,SKQ202312S-IC9,SKQ202312S-IC9-Propebela arctica,70.848329,-163.2,1:01:03,Benthos,"Plumb-staff beam trawl,  2.26m opening, 7-mm mesh net, 4-mm cod end liner",Propebela arctica,Species,urn:lsid:marinespecies.org:taxname:367571,"A. Adams, 1855",Animalia,Mollusca,Gastropoda,Neogastropoda,Mangeliidae,Propebela,abundance,Individuals per 1000 square meter,3.404
9/26/2023,SKQ202312S-IC9,SKQ202312S-IC9-Psolus peronii,70.848329,-163.2,1:01:03,Benthos,"Plumb-staff beam trawl,  2.26m opening, 7-mm mesh net, 4-mm cod end liner",Psolus peronii,Species,urn:lsid:marinespecies.org:taxname:529651,"Bell, 1883",Animalia,Echinodermata,Holothuroidea,Dendrochirotida,Psolidae,Psolus,abundance,Individuals per 1000 square meter,13.614
9/26/2023,SKQ202312S-IC9,SKQ202312S-IC9-Pteraster obscurus,70.848329,-163.2,1:01:03,Benthos,"Plumb-staff beam trawl,  2.26m opening, 7-mm mesh net, 4-mm cod end liner",Pteraster obscurus,Species,urn:lsid:marinespecies.org:taxname:124149,"Perrier, 1891",Animalia,Echinodermata,Asteroidea,Velatida,Pterasteridae,Pteraster,abundance,Individuals per 1000 square meter,1.702
9/26/2023,SKQ202312S-IC9,SKQ202312S-IC9-Stomphia,70.848329,-163.2,1:01:03,Benthos,"Plumb-staff beam trawl,  2.26m opening, 7-mm mesh net, 4-mm cod end liner",Stomphia,Genus,urn:lsid:marinespecies.org:taxname:100716,"Gosse, 1859",Animalia,Cnidaria,Anthozoa,Actiniaria,Actinostolidae,Stomphia,abundance,Individuals per 1000 square meter,1.702
9/26/2023,SKQ202312S-IC9,SKQ202312S-IC9-Synidotea,70.848329,-163.2,1:01:03,Benthos,"Plumb-staff beam trawl,  2.26m opening, 7-mm mesh net, 4-mm cod end liner",Synidotea,Genus,urn:lsid:marinespecies.org:taxname:118456,"Harger, 1878",Animalia,Arthropoda,Malacostraca,Isopoda,Idoteidae,Synidotea,abundance,Individuals per 1000 square meter,6.807
9/26/2023,SKQ202312S-IC9,SKQ202312S-IC9-Synidotea bicuspida,70.848329,-163.2,1:01:03,Benthos,"Plumb-staff beam trawl,  2.26m opening, 7-mm mesh net, 4-mm cod end liner",Synidotea bicuspida,Species,urn:lsid:marinespecies.org:taxname:156445,"Owen, 1839",Animalia,Arthropoda,Malacostraca,Isopoda,Idoteidae,Synidotea,abundance,Individuals per 1000 square meter,13.614
9/26/2023,SKQ202312S-IC9,SKQ202312S-IC9-Tachyrhynchus erosus,70.848329,-163.2,1:01:03,Benthos,"Plumb-staff beam trawl,  2.26m opening, 7-mm mesh net, 4-mm cod end liner",Tachyrhynchus erosus,Species,urn:lsid:marinespecies.org:taxname:196391,"Couthouy, 1838",Animalia,Mollusca,Gastropoda,Caenogastropoda,Turritellidae,Tachyrhynchus,abundance,Individuals per 1000 square meter,3.404
9/27/2023,SKQ202312S-IC5,SKQ202312S-IC5-Alcyonidium gelatinosum,71.341581,-164.62299,9:59:33,Benthos,"Plumb-staff beam trawl,  2.26m opening, 7-mm mesh net, 4-mm cod end liner",Alcyonidium gelatinosum,Species,urn:lsid:marinespecies.org:taxname:111600,"Linnaeus, 1761",Animalia,Bryozoa,Gymnolaemata,Ctenostomatida,Alcyonidiidae,Alcyonidium,abundance,Individuals per 1000 square meter,NA
9/27/2023,SKQ202312S-IC5,SKQ202312S-IC5-Anonyx,71.341581,-164.62299,9:59:33,Benthos,"Plumb-staff beam trawl,  2.26m opening, 7-mm mesh net, 4-mm cod end liner",Anonyx,Genus,urn:lsid:marinespecies.org:taxname:101592,"Krøyer, 1838",Animalia,Arthropoda,Malacostraca,Amphipoda,Uristidae,Anonyx,abundance,Individuals per 1000 square meter,1.702
9/27/2023,SKQ202312S-IC5,SKQ202312S-IC5-Argis,71.341581,-164.62299,9:59:33,Benthos,"Plumb-staff beam trawl,  2.26m opening, 7-mm mesh net, 4-mm cod end liner",Argis,Genus,urn:lsid:marinespecies.org:taxname:107006,"Krøyer, 1843",Animalia,Arthropoda,Malacostraca,Decapoda,Crangonidae,Argis,abundance,Individuals per 1000 square meter,5.105
9/27/2023,SKQ202312S-IC5,SKQ202312S-IC5-Boreotrophon,71.341581,-164.62299,9:59:33,Benthos,"Plumb-staff beam trawl,  2.26m opening, 7-mm mesh net, 4-mm cod end liner",Boreotrophon,Genus,urn:lsid:marinespecies.org:taxname:146731,"P. Fischer, 1884",Animalia,Mollusca,Gastropoda,Neogastropoda,Muricidae,Boreotrophon,abundance,Individuals per 1000 square meter,1.702
9/27/2023,SKQ202312S-IC5,SKQ202312S-IC5-Bryozoa - hard lobed,71.341581,-164.62299,9:59:33,Benthos,"Plumb-staff beam trawl,  2.26m opening, 7-mm mesh net, 4-mm cod end liner",Bryozoa - hard lobed,Phylum,urn:lsid:marinespecies.org:taxname:146142,NA,Animalia,Bryozoa,NA,NA,NA,NA,abundance,Individuals per 1000 square meter,NA
9/27/2023,SKQ202312S-IC5,SKQ202312S-IC5-Buccinum polare,71.341581,-164.62299,9:59:33,Benthos,"Plumb-staff beam trawl,  2.26m opening, 7-mm mesh net, 4-mm cod end liner",Buccinum polare,Species,urn:lsid:marinespecies.org:taxname:138873,"Gray, 1839",Animalia,Mollusca,Gastropoda,Neogastropoda,Buccinidae,Buccinum,abundance,Individuals per 1000 square meter,1.702
9/27/2023,SKQ202312S-IC5,SKQ202312S-IC5-Buccinum solenum,71.341581,-164.62299,9:59:33,Benthos,"Plumb-staff beam trawl,  2.26m opening, 7-mm mesh net, 4-mm cod end liner",Buccinum solenum,Species,urn:lsid:marinespecies.org:taxname:490864,"Mörch, 1869",Animalia,Mollusca,Gastropoda,Neogastropoda,Buccinidae,Buccinum,abundance,Individuals per 1000 square meter,1.702
9/27/2023,SKQ202312S-IC5,SKQ202312S-IC5-Chionoecetes opilio,71.341581,-164.62299,9:59:33,Benthos,"Plumb-staff beam trawl,  2.26m opening, 7-mm mesh net, 4-mm cod end liner",Chionoecetes opilio,Species,urn:lsid:marinespecies.org:taxname:107315,"Fabricius, 1788",Animalia,Arthropoda,Malacostraca,Decapoda,Oregoniidae,Chionoecetes,abundance,Individuals per 1000 square meter,6.807
9/27/2023,SKQ202312S-IC5,SKQ202312S-IC5-Colus pubescens,71.341581,-164.62299,9:59:33,Benthos,"Plumb-staff beam trawl,  2.26m opening, 7-mm mesh net, 4-mm cod end liner",Colus pubescens,Species,urn:lsid:marinespecies.org:taxname:160212,"A. E. Verrill, 1882",Animalia,Mollusca,Gastropoda,Neogastropoda,Colidae,Colus,abundance,Individuals per 1000 square meter,3.404
9/27/2023,SKQ202312S-IC5,SKQ202312S-IC5-Crangon dalli,71.341581,-164.62299,9:59:33,Benthos,"Plumb-staff beam trawl,  2.26m opening, 7-mm mesh net, 4-mm cod end liner",Crangon dalli,Species,urn:lsid:marinespecies.org:taxname:254486,"Rathbun, 1902",Animalia,Arthropoda,Malacostraca,Decapoda,Crangonidae,Crangon,abundance,Individuals per 1000 square meter,3.404
9/27/2023,SKQ202312S-IC5,SKQ202312S-IC5-Crossaster papposus,71.341581,-164.62299,9:59:33,Benthos,"Plumb-staff beam trawl,  2.26m opening, 7-mm mesh net, 4-mm cod end liner",Crossaster papposus,Species,urn:lsid:marinespecies.org:taxname:124154,"Linnaeus, 1767",Animalia,Echinodermata,Asteroidea,Valvatida,Solasteridae,Crossaster,abundance,Individuals per 1000 square meter,1.702
9/27/2023,SKQ202312S-IC5,SKQ202312S-IC5-Cryptonatica affinis,71.341581,-164.62299,9:59:33,Benthos,"Plumb-staff beam trawl,  2.26m opening, 7-mm mesh net, 4-mm cod end liner",Cryptonatica affinis,Species,urn:lsid:marinespecies.org:taxname:140525,"Gmelin, 1791",Animalia,Mollusca,Gastropoda,Littorinimorpha,Ticidae,Cryptonatica,abundance,Individuals per 1000 square meter,1.702
9/27/2023,SKQ202312S-IC5,SKQ202312S-IC5-Diastylis alaskensis,71.341581,-164.62299,9:59:33,Benthos,"Plumb-staff beam trawl,  2.26m opening, 7-mm mesh net, 4-mm cod end liner",Diastylis alaskensis,Species,urn:lsid:marinespecies.org:taxname:181923,"Calman, 1912",Animalia,Arthropoda,Malacostraca,Cumacea,Diastylidae,Diastylis,abundance,Individuals per 1000 square meter,6.807
9/27/2023,SKQ202312S-IC5,SKQ202312S-IC5-Eualus gaimardii ,71.341581,-164.62299,9:59:33,Benthos,"Plumb-staff beam trawl,  2.26m opening, 7-mm mesh net, 4-mm cod end liner",Eualus gaimardii ,Species,urn:lsid:marinespecies.org:taxname:107504,"H. Milne Edwards, 1837",Animalia,Arthropoda,Malacostraca,Decapoda,Thoridae,Eualus,abundance,Individuals per 1000 square meter,10.211
9/27/2023,SKQ202312S-IC5,SKQ202312S-IC5-Euspira pallida,71.341581,-164.62299,9:59:33,Benthos,"Plumb-staff beam trawl,  2.26m opening, 7-mm mesh net, 4-mm cod end liner",Euspira pallida,Species,urn:lsid:marinespecies.org:taxname:140536,"Broderip & G. B. Sowerby I, 1829",Animalia,Mollusca,Gastropoda,Littorinimorpha,Naticidae,Euspira,abundance,Individuals per 1000 square meter,1.702
9/27/2023,SKQ202312S-IC5,SKQ202312S-IC5-Gattyana ciliata,71.341581,-164.62299,9:59:33,Benthos,"Plumb-staff beam trawl,  2.26m opening, 7-mm mesh net, 4-mm cod end liner",Gattyana ciliata,Species,urn:lsid:marinespecies.org:taxname:254456,"Moore, 1902",Animalia,Annelida,Polychaeta,Phyllodocida,Polynoidae,Gattyana,abundance,Individuals per 1000 square meter,1.702
9/27/2023,SKQ202312S-IC5,SKQ202312S-IC5-Gersemia rubiformis,71.341581,-164.62299,9:59:33,Benthos,"Plumb-staff beam trawl,  2.26m opening, 7-mm mesh net, 4-mm cod end liner",Gersemia rubiformis,Species,urn:lsid:marinespecies.org:taxname:156103,"Ehrenberg, 1834",Animalia,Cnidaria,Anthozoa,Malacalcyonacea,Alcyoniidae,Gersemia,abundance,Individuals per 1000 square meter,NA
9/27/2023,SKQ202312S-IC5,SKQ202312S-IC5-Golfingia margaritacea,71.341581,-164.62299,9:59:33,Benthos,"Plumb-staff beam trawl,  2.26m opening, 7-mm mesh net, 4-mm cod end liner",Golfingia margaritacea,Species,urn:lsid:marinespecies.org:taxname:175027,"Sars, 1851",Animalia,Annelida,NA,Sipuncula,Golfingiidae,Golfingia,abundance,Individuals per 1000 square meter,1.702
9/27/2023,SKQ202312S-IC5,SKQ202312S-IC5-Gorgonocephalus eucnemis,71.341581,-164.62299,9:59:33,Benthos,"Plumb-staff beam trawl,  2.26m opening, 7-mm mesh net, 4-mm cod end liner",Gorgonocephalus eucnemis,Species,urn:lsid:marinespecies.org:taxname:124969,"Müller & Troschel, 1842",Animalia,Echinodermata,Ophiuroidea,Euryalida,Gorgonocephalidae,Gorgonocephalus,abundance,Individuals per 1000 square meter,1.702
9/27/2023,SKQ202312S-IC5,SKQ202312S-IC5-Hyas,71.341581,-164.62299,9:59:33,Benthos,"Plumb-staff beam trawl,  2.26m opening, 7-mm mesh net, 4-mm cod end liner",Hyas,Genus,urn:lsid:marinespecies.org:taxname:106903,"Leach, 1814",Animalia,Arthropoda,Malacostraca,Decapoda,Oregoniidae,Hyas,abundance,Individuals per 1000 square meter,3.404
9/27/2023,SKQ202312S-IC5,SKQ202312S-IC5-Lafoeina maxima,71.341581,-164.62299,9:59:33,Benthos,"Plumb-staff beam trawl,  2.26m opening, 7-mm mesh net, 4-mm cod end liner",Lafoeina maxima,Species,urn:lsid:marinespecies.org:taxname:117411,"Levinsen, 1893",Animalia,Cnidaria,Hydrozoa,Leptothecata,Campanulinidae,Lafoeina,abundance,Individuals per 1000 square meter,NA
9/27/2023,SKQ202312S-IC5,SKQ202312S-IC5-Leptasterias (Hexasterias) polaris katherinae,71.341581,-164.62299,9:59:33,Benthos,"Plumb-staff beam trawl,  2.26m opening, 7-mm mesh net, 4-mm cod end liner",Leptasterias (Hexasterias) polaris katherinae,Species,urn:lsid:marinespecies.org:taxname:379157,"Gray, 1840",Animalia,Echinodermata,Asteroidea,Forcipulatida,Asteriidae,Leptasterias,abundance,Individuals per 1000 square meter,1.702
9/27/2023,SKQ202312S-IC5,SKQ202312S-IC5-Leptasterias groenlandica,71.341581,-164.62299,9:59:33,Benthos,"Plumb-staff beam trawl,  2.26m opening, 7-mm mesh net, 4-mm cod end liner",Leptasterias groenlandica,Species,urn:lsid:marinespecies.org:taxname:369176,"Steenstrup in Lutken, 1857",Animalia,Echinodermata,Asteroidea,Forcipulatida,Asteriidae,Leptasterias,abundance,Individuals per 1000 square meter,1.702
9/27/2023,SKQ202312S-IC5,SKQ202312S-IC5-Margarites costalis,71.341581,-164.62299,9:59:33,Benthos,"Plumb-staff beam trawl,  2.26m opening, 7-mm mesh net, 4-mm cod end liner",Margarites costalis,Species,urn:lsid:marinespecies.org:taxname:141819,"A. Gould, 1841",Animalia,Mollusca,Gastropoda,Trochida,Margaritidae,Margarites,abundance,Individuals per 1000 square meter,5.105
9/27/2023,SKQ202312S-IC5,SKQ202312S-IC5-Muusoctopus sibiricus,71.341581,-164.62299,9:59:33,Benthos,"Plumb-staff beam trawl,  2.26m opening, 7-mm mesh net, 4-mm cod end liner",Muusoctopus sibiricus,Species,urn:lsid:marinespecies.org:taxname:527164,"Loyning, 1930",Animalia,Mollusca,Cephalopoda,Octopoda,Bathypolypodidae,Muusoctopus,abundance,Individuals per 1000 square meter,1.702
9/27/2023,SKQ202312S-IC5,SKQ202312S-IC5-Myriotrochus rinkii,71.341581,-164.62299,9:59:33,Benthos,"Plumb-staff beam trawl,  2.26m opening, 7-mm mesh net, 4-mm cod end liner",Myriotrochus rinkii,Species,urn:lsid:marinespecies.org:taxname:124446,"Steenstrup, 1851",Animalia,Echinodermata,Holothuroidea,Apodida,Myriotrochidae,Myriotrochus,abundance,Individuals per 1000 square meter,217.828
9/27/2023,SKQ202312S-IC5,SKQ202312S-IC5-Nemertea,71.341581,-164.62299,9:59:33,Benthos,"Plumb-staff beam trawl,  2.26m opening, 7-mm mesh net, 4-mm cod end liner",Nemertea,Phylum,urn:lsid:marinespecies.org:taxname:152391,NA,Animalia,Nemertea,NA,NA,NA,NA,abundance,Individuals per 1000 square meter,1.702
9/27/2023,SKQ202312S-IC5,SKQ202312S-IC5-Neocrangon communis,71.341581,-164.62299,9:59:33,Benthos,"Plumb-staff beam trawl,  2.26m opening, 7-mm mesh net, 4-mm cod end liner",Neocrangon communis,Species,urn:lsid:marinespecies.org:taxname:423552,"Rathbun, 1899",Animalia,Arthropoda,Malacostraca,Decapoda,Crangonidae,Neocrangon,abundance,Individuals per 1000 square meter,3.404
9/27/2023,SKQ202312S-IC5,SKQ202312S-IC5-Neptunea heros,71.341581,-164.62299,9:59:33,Benthos,"Plumb-staff beam trawl,  2.26m opening, 7-mm mesh net, 4-mm cod end liner",Neptunea heros,Species,urn:lsid:marinespecies.org:taxname:254479,"J. E. Gray, 1850",Animalia,Mollusca,Gastropoda,Neogastropoda,Buccinidae,Neptunea,abundance,Individuals per 1000 square meter,1.702
9/27/2023,SKQ202312S-IC5,SKQ202312S-IC5-Onchidiopsis,71.341581,-164.62299,9:59:33,Benthos,"Plumb-staff beam trawl,  2.26m opening, 7-mm mesh net, 4-mm cod end liner",Onchidiopsis,Genus,urn:lsid:marinespecies.org:taxname:138628,"Bergh, 1853",Animalia,Mollusca,Gastropoda,Littorinimorpha,Velutinidae,Onchidiopsis,abundance,Individuals per 1000 square meter,1.702
9/27/2023,SKQ202312S-IC5,SKQ202312S-IC5-Ophiura sarsii,71.341581,-164.62299,9:59:33,Benthos,"Plumb-staff beam trawl,  2.26m opening, 7-mm mesh net, 4-mm cod end liner",Ophiura sarsii,Species,urn:lsid:marinespecies.org:taxname:124934,"Lütken, 1855",Animalia,Echinodermata,Ophiuroidea,Ophiurida,Ophiuridae,Ophiura,abundance,Individuals per 1000 square meter,1763.046
9/27/2023,SKQ202312S-IC5,SKQ202312S-IC5-Pagurus capillatus,71.341581,-164.62299,9:59:33,Benthos,"Plumb-staff beam trawl,  2.26m opening, 7-mm mesh net, 4-mm cod end liner",Pagurus capillatus,Species,urn:lsid:marinespecies.org:taxname:254489,"Benedict, 1892",Animalia,Arthropoda,Malacostraca,Decapoda,Paguridae,Pagurus,abundance,Individuals per 1000 square meter,1.702
9/27/2023,SKQ202312S-IC5,SKQ202312S-IC5-Paramphithoe polyacantha,71.341581,-164.62299,9:59:33,Benthos,"Plumb-staff beam trawl,  2.26m opening, 7-mm mesh net, 4-mm cod end liner",Paramphithoe polyacantha,Species,urn:lsid:marinespecies.org:taxname:102154,"Murdoch, 1885",Animalia,Arthropoda,Malacostraca,Amphipoda,Paramphithoidae,Paramphithoe,abundance,Individuals per 1000 square meter,5.105
9/27/2023,SKQ202312S-IC5,SKQ202312S-IC5-Phyllodoce groenlandica,71.341581,-164.62299,9:59:33,Benthos,"Plumb-staff beam trawl,  2.26m opening, 7-mm mesh net, 4-mm cod end liner",Phyllodoce groenlandica,Species,urn:lsid:marinespecies.org:taxname:334506,"Örsted, 1842",Animalia,Annelida,Polychaeta,Phyllodocida,Phyllodocidae,Phyllodoce,abundance,Individuals per 1000 square meter,1.702
9/27/2023,SKQ202312S-IC5,SKQ202312S-IC5-Propebela arctica,71.341581,-164.62299,9:59:33,Benthos,"Plumb-staff beam trawl,  2.26m opening, 7-mm mesh net, 4-mm cod end liner",Propebela arctica,Species,urn:lsid:marinespecies.org:taxname:367571,"A. Adams, 1855",Animalia,Mollusca,Gastropoda,Neogastropoda,Mangeliidae,Propebela,abundance,Individuals per 1000 square meter,1.702
9/27/2023,SKQ202312S-IC5,SKQ202312S-IC5-Psolus peronii,71.341581,-164.62299,9:59:33,Benthos,"Plumb-staff beam trawl,  2.26m opening, 7-mm mesh net, 4-mm cod end liner",Psolus peronii,Species,urn:lsid:marinespecies.org:taxname:529651,"Bell, 1883",Animalia,Echinodermata,Holothuroidea,Dendrochirotida,Psolidae,Psolus,abundance,Individuals per 1000 square meter,5.105
9/27/2023,SKQ202312S-IC5,SKQ202312S-IC5-Pteraster obscurus,71.341581,-164.62299,9:59:33,Benthos,"Plumb-staff beam trawl,  2.26m opening, 7-mm mesh net, 4-mm cod end liner",Pteraster obscurus,Species,urn:lsid:marinespecies.org:taxname:124149,"Perrier, 1891",Animalia,Echinodermata,Asteroidea,Velatida,Pterasteridae,Pteraster,abundance,Individuals per 1000 square meter,1.702
9/27/2023,SKQ202312S-IC5,SKQ202312S-IC5-Stomphia,71.341581,-164.62299,9:59:33,Benthos,"Plumb-staff beam trawl,  2.26m opening, 7-mm mesh net, 4-mm cod end liner",Stomphia,Genus,urn:lsid:marinespecies.org:taxname:100716,"Gosse, 1859",Animalia,Cnidaria,Anthozoa,Actiniaria,Actinostolidae,Stomphia,abundance,Individuals per 1000 square meter,1.702
9/27/2023,SKQ202312S-IC5,SKQ202312S-IC5-Synidotea bicuspida,71.341581,-164.62299,9:59:33,Benthos,"Plumb-staff beam trawl,  2.26m opening, 7-mm mesh net, 4-mm cod end liner",Synidotea bicuspida,Species,urn:lsid:marinespecies.org:taxname:156445,"Owen, 1839",Animalia,Arthropoda,Malacostraca,Isopoda,Idoteidae,Synidotea,abundance,Individuals per 1000 square meter,1.702
9/27/2023,SKQ202312S-IC5,SKQ202312S-IC5-Tachyrhynchus erosus,71.341581,-164.62299,9:59:33,Benthos,"Plumb-staff beam trawl,  2.26m opening, 7-mm mesh net, 4-mm cod end liner",Tachyrhynchus erosus,Species,urn:lsid:marinespecies.org:taxname:196391,"Couthouy, 1838",Animalia,Mollusca,Gastropoda,Caenogastropoda,Turritellidae,Tachyrhynchus,abundance,Individuals per 1000 square meter,6.807
9/28/2023,SKQ202312S-IC1,SKQ202312S-IC1-Anonyx,71.82358,-165.949722,8:00:03,Benthos,"Plumb-staff beam trawl,  2.26m opening, 7-mm mesh net, 4-mm cod end liner",Anonyx,Genus,urn:lsid:marinespecies.org:taxname:101592,"Krøyer, 1838",Animalia,Arthropoda,Malacostraca,Amphipoda,Uristidae,Anonyx,abundance,Individuals per 1000 square meter,11.655
9/28/2023,SKQ202312S-IC1,SKQ202312S-IC1-Argis,71.82358,-165.949722,8:00:03,Benthos,"Plumb-staff beam trawl,  2.26m opening, 7-mm mesh net, 4-mm cod end liner",Argis,Genus,urn:lsid:marinespecies.org:taxname:107006,"Krøyer, 1843",Animalia,Arthropoda,Malacostraca,Decapoda,Crangonidae,Argis,abundance,Individuals per 1000 square meter,8.325
9/28/2023,SKQ202312S-IC1,SKQ202312S-IC1-Buccinum polare,71.82358,-165.949722,8:00:03,Benthos,"Plumb-staff beam trawl,  2.26m opening, 7-mm mesh net, 4-mm cod end liner",Buccinum polare,Species,urn:lsid:marinespecies.org:taxname:138873,"Gray, 1839",Animalia,Mollusca,Gastropoda,Neogastropoda,Buccinidae,Buccinum,abundance,Individuals per 1000 square meter,4.995
9/28/2023,SKQ202312S-IC1,SKQ202312S-IC1-Ceradocus torelli,71.82358,-165.949722,8:00:03,Benthos,"Plumb-staff beam trawl,  2.26m opening, 7-mm mesh net, 4-mm cod end liner",Ceradocus torelli,Species,urn:lsid:marinespecies.org:taxname:535546,"Goës, 1866",Animalia,Arthropoda,Malacostraca,Amphipoda,Maeridae,Ceradocus,abundance,Individuals per 1000 square meter,1.665
9/28/2023,SKQ202312S-IC1,SKQ202312S-IC1-Chionoecetes opilio,71.82358,-165.949722,8:00:03,Benthos,"Plumb-staff beam trawl,  2.26m opening, 7-mm mesh net, 4-mm cod end liner",Chionoecetes opilio,Species,urn:lsid:marinespecies.org:taxname:107315,"Fabricius, 1788",Animalia,Arthropoda,Malacostraca,Decapoda,Oregoniidae,Chionoecetes,abundance,Individuals per 1000 square meter,106.564
9/28/2023,SKQ202312S-IC1,SKQ202312S-IC1-Crangon dalli,71.82358,-165.949722,8:00:03,Benthos,"Plumb-staff beam trawl,  2.26m opening, 7-mm mesh net, 4-mm cod end liner",Crangon dalli,Species,urn:lsid:marinespecies.org:taxname:254486,"Rathbun, 1902",Animalia,Arthropoda,Malacostraca,Decapoda,Crangonidae,Crangon,abundance,Individuals per 1000 square meter,4.995
9/28/2023,SKQ202312S-IC1,SKQ202312S-IC1-Cryptonatica affinis,71.82358,-165.949722,8:00:03,Benthos,"Plumb-staff beam trawl,  2.26m opening, 7-mm mesh net, 4-mm cod end liner",Cryptonatica affinis,Species,urn:lsid:marinespecies.org:taxname:140525,"Gmelin, 1791",Animalia,Mollusca,Gastropoda,Littorinimorpha,Ticidae,Cryptonatica,abundance,Individuals per 1000 square meter,1.665
9/28/2023,SKQ202312S-IC1,SKQ202312S-IC1-Diastylis alaskensis,71.82358,-165.949722,8:00:03,Benthos,"Plumb-staff beam trawl,  2.26m opening, 7-mm mesh net, 4-mm cod end liner",Diastylis alaskensis,Species,urn:lsid:marinespecies.org:taxname:181923,"Calman, 1912",Animalia,Arthropoda,Malacostraca,Cumacea,Diastylidae,Diastylis,abundance,Individuals per 1000 square meter,1.665
9/28/2023,SKQ202312S-IC1,SKQ202312S-IC1-Eualus gaimardii ,71.82358,-165.949722,8:00:03,Benthos,"Plumb-staff beam trawl,  2.26m opening, 7-mm mesh net, 4-mm cod end liner",Eualus gaimardii ,Species,urn:lsid:marinespecies.org:taxname:107504,"H. Milne Edwards, 1837",Animalia,Arthropoda,Malacostraca,Decapoda,Thoridae,Eualus,abundance,Individuals per 1000 square meter,54.947
9/28/2023,SKQ202312S-IC1,SKQ202312S-IC1-Eualus macilentus,71.82358,-165.949722,8:00:03,Benthos,"Plumb-staff beam trawl,  2.26m opening, 7-mm mesh net, 4-mm cod end liner",Eualus macilentus,Species,urn:lsid:marinespecies.org:taxname:158359,"Krøyer, 1841",Animalia,Arthropoda,Malacostraca,Decapoda,Thoridae,Eualus,abundance,Individuals per 1000 square meter,31.636
9/28/2023,SKQ202312S-IC1,SKQ202312S-IC1-Gattyana amondseni,71.82358,-165.949722,8:00:03,Benthos,"Plumb-staff beam trawl,  2.26m opening, 7-mm mesh net, 4-mm cod end liner",Gattyana amondseni,Species,urn:lsid:marinespecies.org:taxname:130748,"Malmgren, 1867",Animalia,Annelida,Polychaeta,Phyllodocida,Polynoidae,Gattyana,abundance,Individuals per 1000 square meter,1.665
9/28/2023,SKQ202312S-IC1,SKQ202312S-IC1-Hyas,71.82358,-165.949722,8:00:03,Benthos,"Plumb-staff beam trawl,  2.26m opening, 7-mm mesh net, 4-mm cod end liner",Hyas,Genus,urn:lsid:marinespecies.org:taxname:106903,"Leach, 1814",Animalia,Arthropoda,Malacostraca,Decapoda,Oregoniidae,Hyas,abundance,Individuals per 1000 square meter,1.665
9/28/2023,SKQ202312S-IC1,SKQ202312S-IC1-Margarites costalis,71.82358,-165.949722,8:00:03,Benthos,"Plumb-staff beam trawl,  2.26m opening, 7-mm mesh net, 4-mm cod end liner",Margarites costalis,Species,urn:lsid:marinespecies.org:taxname:141819,"A. Gould, 1841",Animalia,Mollusca,Gastropoda,Trochida,Margaritidae,Margarites,abundance,Individuals per 1000 square meter,9.99
9/28/2023,SKQ202312S-IC1,SKQ202312S-IC1-Myriotrochus rinkii,71.82358,-165.949722,8:00:03,Benthos,"Plumb-staff beam trawl,  2.26m opening, 7-mm mesh net, 4-mm cod end liner",Myriotrochus rinkii,Species,urn:lsid:marinespecies.org:taxname:124446,"Steenstrup, 1851",Animalia,Echinodermata,Holothuroidea,Apodida,Myriotrochidae,Myriotrochus,abundance,Individuals per 1000 square meter,11.655
9/28/2023,SKQ202312S-IC1,SKQ202312S-IC1-Nemertea,71.82358,-165.949722,8:00:03,Benthos,"Plumb-staff beam trawl,  2.26m opening, 7-mm mesh net, 4-mm cod end liner",Nemertea,Phylum,urn:lsid:marinespecies.org:taxname:152391,NA,Animalia,Nemertea,NA,NA,NA,NA,abundance,Individuals per 1000 square meter,4.995
9/28/2023,SKQ202312S-IC1,SKQ202312S-IC1-Nymphon,71.82358,-165.949722,8:00:03,Benthos,"Plumb-staff beam trawl,  2.26m opening, 7-mm mesh net, 4-mm cod end liner",Nymphon,Genus,urn:lsid:marinespecies.org:taxname:134591,"Fabricius, 1794",Animalia,Arthropoda,Pycnogonida,Pantopoda,Nymphonidae,Nymphon,abundance,Individuals per 1000 square meter,4.995
9/28/2023,SKQ202312S-IC1,SKQ202312S-IC1-Onchidiopsis,71.82358,-165.949722,8:00:03,Benthos,"Plumb-staff beam trawl,  2.26m opening, 7-mm mesh net, 4-mm cod end liner",Onchidiopsis,Genus,urn:lsid:marinespecies.org:taxname:138628,"Bergh, 1853",Animalia,Mollusca,Gastropoda,Littorinimorpha,Velutinidae,Onchidiopsis,abundance,Individuals per 1000 square meter,1.665
9/28/2023,SKQ202312S-IC1,SKQ202312S-IC1-Ophiura robusta,71.82358,-165.949722,8:00:03,Benthos,"Plumb-staff beam trawl,  2.26m opening, 7-mm mesh net, 4-mm cod end liner",Ophiura robusta,Species,urn:lsid:marinespecies.org:taxname:124933,"Ayres, 1852",Animalia,Echinodermata,Ophiuroidea,Ophiurida,Ophiuridae,Ophiura,abundance,Individuals per 1000 square meter,11.655
9/28/2023,SKQ202312S-IC1,SKQ202312S-IC1-Ophiura sarsii,71.82358,-165.949722,8:00:03,Benthos,"Plumb-staff beam trawl,  2.26m opening, 7-mm mesh net, 4-mm cod end liner",Ophiura sarsii,Species,urn:lsid:marinespecies.org:taxname:124934,"Lütken, 1855",Animalia,Echinodermata,Ophiuroidea,Ophiurida,Ophiuridae,Ophiura,abundance,Individuals per 1000 square meter,501.186
9/28/2023,SKQ202312S-IC1,SKQ202312S-IC1-Pagurus capillatus,71.82358,-165.949722,8:00:03,Benthos,"Plumb-staff beam trawl,  2.26m opening, 7-mm mesh net, 4-mm cod end liner",Pagurus capillatus,Species,urn:lsid:marinespecies.org:taxname:254489,"Benedict, 1892",Animalia,Arthropoda,Malacostraca,Decapoda,Paguridae,Pagurus,abundance,Individuals per 1000 square meter,3.33
9/28/2023,SKQ202312S-IC1,SKQ202312S-IC1-Polychaeta,71.82358,-165.949722,8:00:03,Benthos,"Plumb-staff beam trawl,  2.26m opening, 7-mm mesh net, 4-mm cod end liner",Polychaeta,Class,urn:lsid:marinespecies.org:taxname:883,"Grube, 1850",Animalia,Annelida,Polychaeta,NA,NA,NA,abundance,Individuals per 1000 square meter,3.33
9/28/2023,SKQ202312S-IC1,SKQ202312S-IC1-Serripes groenlandicus,71.82358,-165.949722,8:00:03,Benthos,"Plumb-staff beam trawl,  2.26m opening, 7-mm mesh net, 4-mm cod end liner",Serripes groenlandicus,Species,urn:lsid:marinespecies.org:taxname:582749,"Mohr, 1786",Animalia,Mollusca,Bivalvia,Cardiida,Cardiidae,Serripes,abundance,Individuals per 1000 square meter,1.665
9/28/2023,SKQ202312S-IC1,SKQ202312S-IC1-Synidotea,71.82358,-165.949722,8:00:03,Benthos,"Plumb-staff beam trawl,  2.26m opening, 7-mm mesh net, 4-mm cod end liner",Synidotea,Genus,urn:lsid:marinespecies.org:taxname:118456,"Harger, 1878",Animalia,Arthropoda,Malacostraca,Isopoda,Idoteidae,Synidotea,abundance,Individuals per 1000 square meter,1.665
9/28/2023,SKQ202312S-IC1,SKQ202312S-IC1-Tachyrhynchus erosus,71.82358,-165.949722,8:00:03,Benthos,"Plumb-staff beam trawl,  2.26m opening, 7-mm mesh net, 4-mm cod end liner",Tachyrhynchus erosus,Species,urn:lsid:marinespecies.org:taxname:196391,"Couthouy, 1838",Animalia,Mollusca,Gastropoda,Caenogastropoda,Turritellidae,Tachyrhynchus,abundance,Individuals per 1000 square meter,1.665
9/29/2023,SKQ202312S-DBO3.6,SKQ202312S-DBO3.6-Actiniaria,67.891396,-168.228429,6:26:03,Benthos,"Plumb-staff beam trawl,  2.26m opening, 7-mm mesh net, 4-mm cod end liner",Actiniaria,Order,urn:lsid:marinespecies.org:taxname:1360,"Hertwig, 1882",Animalia,Cnidaria,Anthozoa,Actiniaria,NA,NA,abundance,Individuals per 1000 square meter,106.845
9/29/2023,SKQ202312S-DBO3.6,SKQ202312S-DBO3.6-Amphipoda,67.891396,-168.228429,6:26:03,Benthos,"Plumb-staff beam trawl,  2.26m opening, 7-mm mesh net, 4-mm cod end liner",Amphipoda,Order,urn:lsid:marinespecies.org:taxname:1135,"Latreille, 1816",Animalia,Arthropoda,Malacostraca,Amphipoda,NA,NA,abundance,Individuals per 1000 square meter,13.356
9/29/2023,SKQ202312S-DBO3.6,SKQ202312S-DBO3.6-Anomalisipho martensi,67.891396,-168.228429,6:26:03,Benthos,"Plumb-staff beam trawl,  2.26m opening, 7-mm mesh net, 4-mm cod end liner",Anomalisipho martensi,Species,urn:lsid:marinespecies.org:taxname:821662,"A. Krause, 1885",Animalia,Mollusca,Gastropoda,Neogastropoda,Buccinidae,Anomalisipho,abundance,Individuals per 1000 square meter,6.678
9/29/2023,SKQ202312S-DBO3.6,SKQ202312S-DBO3.6-Anonyx,67.891396,-168.228429,6:26:03,Benthos,"Plumb-staff beam trawl,  2.26m opening, 7-mm mesh net, 4-mm cod end liner",Anonyx,Genus,urn:lsid:marinespecies.org:taxname:101592,"Krøyer, 1838",Animalia,Arthropoda,Malacostraca,Amphipoda,Uristidae,Anonyx,abundance,Individuals per 1000 square meter,13.356
9/29/2023,SKQ202312S-DBO3.6,SKQ202312S-DBO3.6-Argis,67.891396,-168.228429,6:26:03,Benthos,"Plumb-staff beam trawl,  2.26m opening, 7-mm mesh net, 4-mm cod end liner",Argis,Genus,urn:lsid:marinespecies.org:taxname:107006,"Krøyer, 1843",Animalia,Arthropoda,Malacostraca,Decapoda,Crangonidae,Argis,abundance,Individuals per 1000 square meter,3.339
9/29/2023,SKQ202312S-DBO3.6,SKQ202312S-DBO3.6-Brada villosa,67.891396,-168.228429,6:26:03,Benthos,"Plumb-staff beam trawl,  2.26m opening, 7-mm mesh net, 4-mm cod end liner",Brada villosa,Species,urn:lsid:marinespecies.org:taxname:1355594,"Rathke, 1843",Animalia,Annelida,Polychaeta,Terebellida,Flabelligeridae,Brada,abundance,Individuals per 1000 square meter,23.372
9/29/2023,SKQ202312S-DBO3.6,SKQ202312S-DBO3.6-Buccinum polare,67.891396,-168.228429,6:26:03,Benthos,"Plumb-staff beam trawl,  2.26m opening, 7-mm mesh net, 4-mm cod end liner",Buccinum polare,Species,urn:lsid:marinespecies.org:taxname:138873,"Gray, 1839",Animalia,Mollusca,Gastropoda,Neogastropoda,Buccinidae,Buccinum,abundance,Individuals per 1000 square meter,16.695
9/29/2023,SKQ202312S-DBO3.6,SKQ202312S-DBO3.6-Chionoecetes opilio,67.891396,-168.228429,6:26:03,Benthos,"Plumb-staff beam trawl,  2.26m opening, 7-mm mesh net, 4-mm cod end liner",Chionoecetes opilio,Species,urn:lsid:marinespecies.org:taxname:107315,"Fabricius, 1788",Animalia,Arthropoda,Malacostraca,Decapoda,Oregoniidae,Chionoecetes,abundance,Individuals per 1000 square meter,212.021
9/29/2023,SKQ202312S-DBO3.6,SKQ202312S-DBO3.6-Cistenides hyperborea,67.891396,-168.228429,6:26:03,Benthos,"Plumb-staff beam trawl,  2.26m opening, 7-mm mesh net, 4-mm cod end liner",Cistenides hyperborea,Species,urn:lsid:marinespecies.org:taxname:157317,"Malmgren, 1866",Animalia,Annelida,Polychaeta,Terebellida,Pectiriidae,Cistenides,abundance,Individuals per 1000 square meter,76.795
9/29/2023,SKQ202312S-DBO3.6,SKQ202312S-DBO3.6-Crangon dalli,67.891396,-168.228429,6:26:03,Benthos,"Plumb-staff beam trawl,  2.26m opening, 7-mm mesh net, 4-mm cod end liner",Crangon dalli,Species,urn:lsid:marinespecies.org:taxname:254486,"Rathbun, 1902",Animalia,Arthropoda,Malacostraca,Decapoda,Crangonidae,Crangon,abundance,Individuals per 1000 square meter,3.339
9/29/2023,SKQ202312S-DBO3.6,SKQ202312S-DBO3.6-Cryptonatica affinis,67.891396,-168.228429,6:26:03,Benthos,"Plumb-staff beam trawl,  2.26m opening, 7-mm mesh net, 4-mm cod end liner",Cryptonatica affinis,Species,urn:lsid:marinespecies.org:taxname:140525,"Gmelin, 1791",Animalia,Mollusca,Gastropoda,Littorinimorpha,Ticidae,Cryptonatica,abundance,Individuals per 1000 square meter,60.1
9/29/2023,SKQ202312S-DBO3.6,SKQ202312S-DBO3.6-Eualus,67.891396,-168.228429,6:26:03,Benthos,"Plumb-staff beam trawl,  2.26m opening, 7-mm mesh net, 4-mm cod end liner",Eualus,Genus,urn:lsid:marinespecies.org:taxname:106986,"Thallwitz, 1891",Animalia,Arthropoda,Malacostraca,Decapoda,Thoridae,Eualus,abundance,Individuals per 1000 square meter,43.406
9/29/2023,SKQ202312S-DBO3.6,SKQ202312S-DBO3.6-Eualus gaimardii ,67.891396,-168.228429,6:26:03,Benthos,"Plumb-staff beam trawl,  2.26m opening, 7-mm mesh net, 4-mm cod end liner",Eualus gaimardii ,Species,urn:lsid:marinespecies.org:taxname:107504,"H. Milne Edwards, 1837",Animalia,Arthropoda,Malacostraca,Decapoda,Thoridae,Eualus,abundance,Individuals per 1000 square meter,38.398
9/29/2023,SKQ202312S-DBO3.6,SKQ202312S-DBO3.6-Eualus macilentus,67.891396,-168.228429,6:26:03,Benthos,"Plumb-staff beam trawl,  2.26m opening, 7-mm mesh net, 4-mm cod end liner",Eualus macilentus,Species,urn:lsid:marinespecies.org:taxname:158359,"Krøyer, 1841",Animalia,Arthropoda,Malacostraca,Decapoda,Thoridae,Eualus,abundance,Individuals per 1000 square meter,40.067
9/29/2023,SKQ202312S-DBO3.6,SKQ202312S-DBO3.6-Euspira pallida,67.891396,-168.228429,6:26:03,Benthos,"Plumb-staff beam trawl,  2.26m opening, 7-mm mesh net, 4-mm cod end liner",Euspira pallida,Species,urn:lsid:marinespecies.org:taxname:140536,"Broderip & G. B. Sowerby I, 1829",Animalia,Mollusca,Gastropoda,Littorinimorpha,Naticidae,Euspira,abundance,Individuals per 1000 square meter,3.339
9/29/2023,SKQ202312S-DBO3.6,SKQ202312S-DBO3.6-Gattyana amondseni,67.891396,-168.228429,6:26:03,Benthos,"Plumb-staff beam trawl,  2.26m opening, 7-mm mesh net, 4-mm cod end liner",Gattyana amondseni,Species,urn:lsid:marinespecies.org:taxname:130748,"Malmgren, 1867",Animalia,Annelida,Polychaeta,Phyllodocida,Polynoidae,Gattyana,abundance,Individuals per 1000 square meter,3.339
9/29/2023,SKQ202312S-DBO3.6,SKQ202312S-DBO3.6-Harmothoe imbricata,67.891396,-168.228429,6:26:03,Benthos,"Plumb-staff beam trawl,  2.26m opening, 7-mm mesh net, 4-mm cod end liner",Harmothoe imbricata,Species,urn:lsid:marinespecies.org:taxname:130769,"Linnaeus, 1767",Animalia,Annelida,Polychaeta,Phyllodocida,Polynoidae,Harmothoe,abundance,Individuals per 1000 square meter,13.356
9/29/2023,SKQ202312S-DBO3.6,SKQ202312S-DBO3.6-Hyas coarctatus,67.891396,-168.228429,6:26:03,Benthos,"Plumb-staff beam trawl,  2.26m opening, 7-mm mesh net, 4-mm cod end liner",Hyas coarctatus,Species,urn:lsid:marinespecies.org:taxname:107323,"Leach, 1815",Animalia,Arthropoda,Malacostraca,Decapoda,Oregoniidae,Hyas,abundance,Individuals per 1000 square meter,6.678
9/29/2023,SKQ202312S-DBO3.6,SKQ202312S-DBO3.6-Latisipho hypolispus,67.891396,-168.228429,6:26:03,Benthos,"Plumb-staff beam trawl,  2.26m opening, 7-mm mesh net, 4-mm cod end liner",Latisipho hypolispus,Species,urn:lsid:marinespecies.org:taxname:491062,"Dall, 1891",Animalia,Mollusca,Gastropoda,Neogastropoda,Buccinidae,Latisipho,abundance,Individuals per 1000 square meter,3.339
9/29/2023,SKQ202312S-DBO3.6,SKQ202312S-DBO3.6-Leptasterias (Hexasterias) polaris katherinae,67.891396,-168.228429,6:26:03,Benthos,"Plumb-staff beam trawl,  2.26m opening, 7-mm mesh net, 4-mm cod end liner",Leptasterias (Hexasterias) polaris katherinae,Species,urn:lsid:marinespecies.org:taxname:379157,"Gray, 1840",Animalia,Echinodermata,Asteroidea,Forcipulatida,Asteriidae,Leptasterias,abundance,Individuals per 1000 square meter,13.356
9/29/2023,SKQ202312S-DBO3.6,SKQ202312S-DBO3.6-Leptasterias arctica,67.891396,-168.228429,6:26:03,Benthos,"Plumb-staff beam trawl,  2.26m opening, 7-mm mesh net, 4-mm cod end liner",Leptasterias arctica,Species,urn:lsid:marinespecies.org:taxname:369158,"Murdoch, 1885",Animalia,Echinodermata,Asteroidea,Forcipulatida,Asteriidae,Leptasterias,abundance,Individuals per 1000 square meter,3.339
9/29/2023,SKQ202312S-DBO3.6,SKQ202312S-DBO3.6-Leptasterias groenlandica,67.891396,-168.228429,6:26:03,Benthos,"Plumb-staff beam trawl,  2.26m opening, 7-mm mesh net, 4-mm cod end liner",Leptasterias groenlandica,Species,urn:lsid:marinespecies.org:taxname:369176,"Steenstrup in Lutken, 1857",Animalia,Echinodermata,Asteroidea,Forcipulatida,Asteriidae,Leptasterias,abundance,Individuals per 1000 square meter,36.728
9/29/2023,SKQ202312S-DBO3.6,SKQ202312S-DBO3.6-Neoiphinoe coronata,67.891396,-168.228429,6:26:03,Benthos,"Plumb-staff beam trawl,  2.26m opening, 7-mm mesh net, 4-mm cod end liner",Neoiphinoe coronata,Species,urn:lsid:marinespecies.org:taxname:576321,"A. Gould, 1860",Animalia,Mollusca,Gastropoda,Littorinimorpha,Capulidae,Neoiphinoe,abundance,Individuals per 1000 square meter,3.339
9/29/2023,SKQ202312S-DBO3.6,SKQ202312S-DBO3.6-Neptunea heros,67.891396,-168.228429,6:26:03,Benthos,"Plumb-staff beam trawl,  2.26m opening, 7-mm mesh net, 4-mm cod end liner",Neptunea heros,Species,urn:lsid:marinespecies.org:taxname:254479,"J. E. Gray, 1850",Animalia,Mollusca,Gastropoda,Neogastropoda,Buccinidae,Neptunea,abundance,Individuals per 1000 square meter,13.356
9/29/2023,SKQ202312S-DBO3.6,SKQ202312S-DBO3.6-Onisimus,67.891396,-168.228429,6:26:03,Benthos,"Plumb-staff beam trawl,  2.26m opening, 7-mm mesh net, 4-mm cod end liner",Onisimus,Genus,urn:lsid:marinespecies.org:taxname:101631,"Boeck, 1871",Animalia,Arthropoda,Malacostraca,Amphipoda,Uristidae,Onisimus,abundance,Individuals per 1000 square meter,20.033
9/29/2023,SKQ202312S-DBO3.6,SKQ202312S-DBO3.6-Ophiura sarsii,67.891396,-168.228429,6:26:03,Benthos,"Plumb-staff beam trawl,  2.26m opening, 7-mm mesh net, 4-mm cod end liner",Ophiura sarsii,Species,urn:lsid:marinespecies.org:taxname:124934,"Lütken, 1855",Animalia,Echinodermata,Ophiuroidea,Ophiurida,Ophiuridae,Ophiura,abundance,Individuals per 1000 square meter,534.227
9/29/2023,SKQ202312S-DBO3.6,SKQ202312S-DBO3.6-Pagurus capillatus,67.891396,-168.228429,6:26:03,Benthos,"Plumb-staff beam trawl,  2.26m opening, 7-mm mesh net, 4-mm cod end liner",Pagurus capillatus,Species,urn:lsid:marinespecies.org:taxname:254489,"Benedict, 1892",Animalia,Arthropoda,Malacostraca,Decapoda,Paguridae,Pagurus,abundance,Individuals per 1000 square meter,36.728
9/29/2023,SKQ202312S-DBO3.6,SKQ202312S-DBO3.6-Pagurus trigonocheirus,67.891396,-168.228429,6:26:03,Benthos,"Plumb-staff beam trawl,  2.26m opening, 7-mm mesh net, 4-mm cod end liner",Pagurus trigonocheirus,Species,urn:lsid:marinespecies.org:taxname:254490,"Stimpson, 1858",Animalia,Arthropoda,Malacostraca,Decapoda,Paguridae,Pagurus,abundance,Individuals per 1000 square meter,16.695
9/29/2023,SKQ202312S-DBO3.6,SKQ202312S-DBO3.6-Quasimelita formosa,67.891396,-168.228429,6:26:03,Benthos,"Plumb-staff beam trawl,  2.26m opening, 7-mm mesh net, 4-mm cod end liner",Quasimelita formosa,Species,urn:lsid:marinespecies.org:taxname:423709,"Murdoch, 1885",Animalia,Arthropoda,Malacostraca,Amphipoda,Melitidae,Quasimelita,abundance,Individuals per 1000 square meter,70.117
9/29/2023,SKQ202312S-DBO3.6,SKQ202312S-DBO3.6-Serripes groenlandicus,67.891396,-168.228429,6:26:03,Benthos,"Plumb-staff beam trawl,  2.26m opening, 7-mm mesh net, 4-mm cod end liner",Serripes groenlandicus,Species,urn:lsid:marinespecies.org:taxname:582749,"Mohr, 1786",Animalia,Mollusca,Bivalvia,Cardiida,Cardiidae,Serripes,abundance,Individuals per 1000 square meter,6.678
9/29/2023,SKQ202312S-DBO3.6,SKQ202312S-DBO3.6-Spirontocaris,67.891396,-168.228429,6:26:03,Benthos,"Plumb-staff beam trawl,  2.26m opening, 7-mm mesh net, 4-mm cod end liner",Spirontocaris,Genus,urn:lsid:marinespecies.org:taxname:106994,"Spence Bate, 1888",Animalia,Arthropoda,Malacostraca,Decapoda,Thoridae,Spirontocaris,abundance,Individuals per 1000 square meter,1.669
9/29/2023,SKQ202312S-DBO3.6,SKQ202312S-DBO3.6-Stegocephalidae,67.891396,-168.228429,6:26:03,Benthos,"Plumb-staff beam trawl,  2.26m opening, 7-mm mesh net, 4-mm cod end liner",Stegocephalidae,Family,urn:lsid:marinespecies.org:taxname:101408,"Dana, 1852",Animalia,Arthropoda,Malacostraca,Amphipoda,Stegocephalidae,NA,abundance,Individuals per 1000 square meter,6.678
9/29/2023,SKQ202312S-DBO3.6,SKQ202312S-DBO3.6-Stomphia,67.891396,-168.228429,6:26:03,Benthos,"Plumb-staff beam trawl,  2.26m opening, 7-mm mesh net, 4-mm cod end liner",Stomphia,Genus,urn:lsid:marinespecies.org:taxname:100716,"Gosse, 1859",Animalia,Cnidaria,Anthozoa,Actiniaria,Actinostolidae,Stomphia,abundance,Individuals per 1000 square meter,113.523
9/29/2023,SKQ202312S-DBO3.6,SKQ202312S-DBO3.6-Synidotea,67.891396,-168.228429,6:26:03,Benthos,"Plumb-staff beam trawl,  2.26m opening, 7-mm mesh net, 4-mm cod end liner",Synidotea,Genus,urn:lsid:marinespecies.org:taxname:118456,"Harger, 1878",Animalia,Arthropoda,Malacostraca,Isopoda,Idoteidae,Synidotea,abundance,Individuals per 1000 square meter,3.339
9/29/2023,SKQ202312S-DBO3.6,SKQ202312S-DBO3.6-Tachyrhynchus erosus,67.891396,-168.228429,6:26:03,Benthos,"Plumb-staff beam trawl,  2.26m opening, 7-mm mesh net, 4-mm cod end liner",Tachyrhynchus erosus,Species,urn:lsid:marinespecies.org:taxname:196391,"Couthouy, 1838",Animalia,Mollusca,Gastropoda,Caenogastropoda,Turritellidae,Tachyrhynchus,abundance,Individuals per 1000 square meter,6.678
9/29/2023,SKQ202312S-DBO3.8,SKQ202312S-DBO3.8-Actiniaria,67.672017,-168.953017,23:50:18,Benthos,"Plumb-staff beam trawl,  2.26m opening, 7-mm mesh net, 4-mm cod end liner",Actiniaria,Order,urn:lsid:marinespecies.org:taxname:1360,"Hertwig, 1882",Animalia,Cnidaria,Anthozoa,Actiniaria,NA,NA,abundance,Individuals per 1000 square meter,265.606
9/29/2023,SKQ202312S-DBO3.8,SKQ202312S-DBO3.8-Ampharetidae,67.672017,-168.953017,23:50:18,Benthos,"Plumb-staff beam trawl,  2.26m opening, 7-mm mesh net, 4-mm cod end liner",Ampharetidae,Family,urn:lsid:marinespecies.org:taxname:981,"Malmgren, 1866",Animalia,Annelida,Polychaeta,Terebellida,Ampharetidae,NA,abundance,Individuals per 1000 square meter,3.589
9/29/2023,SKQ202312S-DBO3.8,SKQ202312S-DBO3.8-Anonyx,67.672017,-168.953017,23:50:18,Benthos,"Plumb-staff beam trawl,  2.26m opening, 7-mm mesh net, 4-mm cod end liner",Anonyx,Genus,urn:lsid:marinespecies.org:taxname:101592,"Krøyer, 1838",Animalia,Arthropoda,Malacostraca,Amphipoda,Uristidae,Anonyx,abundance,Individuals per 1000 square meter,5.384
9/29/2023,SKQ202312S-DBO3.8,SKQ202312S-DBO3.8-Argis,67.672017,-168.953017,23:50:18,Benthos,"Plumb-staff beam trawl,  2.26m opening, 7-mm mesh net, 4-mm cod end liner",Argis,Genus,urn:lsid:marinespecies.org:taxname:107006,"Krøyer, 1843",Animalia,Arthropoda,Malacostraca,Decapoda,Crangonidae,Argis,abundance,Individuals per 1000 square meter,5.384
9/29/2023,SKQ202312S-DBO3.8,SKQ202312S-DBO3.8-Arrhis luthkei,67.672017,-168.953017,23:50:18,Benthos,"Plumb-staff beam trawl,  2.26m opening, 7-mm mesh net, 4-mm cod end liner",Arrhis luthkei,Species,urn:lsid:marinespecies.org:taxname:423163,"Gurjanova, 1936",Animalia,Arthropoda,Malacostraca,Amphipoda,Oedicerotidae,Arrhis,abundance,Individuals per 1000 square meter,7.179
9/29/2023,SKQ202312S-DBO3.8,SKQ202312S-DBO3.8-Balanus crenatus,67.672017,-168.953017,23:50:18,Benthos,"Plumb-staff beam trawl,  2.26m opening, 7-mm mesh net, 4-mm cod end liner",Balanus crenatus,Species,urn:lsid:marinespecies.org:taxname:106215,"Bruguière, 1789",Animalia,Arthropoda,Thecostraca,Balanomorpha,Balanidae,Balanus,abundance,Individuals per 1000 square meter,NA
9/29/2023,SKQ202312S-DBO3.8,SKQ202312S-DBO3.8-Buccinum polare,67.672017,-168.953017,23:50:18,Benthos,"Plumb-staff beam trawl,  2.26m opening, 7-mm mesh net, 4-mm cod end liner",Buccinum polare,Species,urn:lsid:marinespecies.org:taxname:138873,"Gray, 1839",Animalia,Mollusca,Gastropoda,Neogastropoda,Buccinidae,Buccinum,abundance,Individuals per 1000 square meter,23.33
9/29/2023,SKQ202312S-DBO3.8,SKQ202312S-DBO3.8-Buccinum scalariforme,67.672017,-168.953017,23:50:18,Benthos,"Plumb-staff beam trawl,  2.26m opening, 7-mm mesh net, 4-mm cod end liner",Buccinum scalariforme,Species,urn:lsid:marinespecies.org:taxname:138875,"Møller, 1842",Animalia,Mollusca,Gastropoda,Neogastropoda,Buccinidae,Buccinum,abundance,Individuals per 1000 square meter,1.795
9/29/2023,SKQ202312S-DBO3.8,SKQ202312S-DBO3.8-Buccinum solenum,67.672017,-168.953017,23:50:18,Benthos,"Plumb-staff beam trawl,  2.26m opening, 7-mm mesh net, 4-mm cod end liner",Buccinum solenum,Species,urn:lsid:marinespecies.org:taxname:490864,"Mörch, 1869",Animalia,Mollusca,Gastropoda,Neogastropoda,Buccinidae,Buccinum,abundance,Individuals per 1000 square meter,5.384
9/29/2023,SKQ202312S-DBO3.8,SKQ202312S-DBO3.8-Chionoecetes opilio,67.672017,-168.953017,23:50:18,Benthos,"Plumb-staff beam trawl,  2.26m opening, 7-mm mesh net, 4-mm cod end liner",Chionoecetes opilio,Species,urn:lsid:marinespecies.org:taxname:107315,"Fabricius, 1788",Animalia,Arthropoda,Malacostraca,Decapoda,Oregoniidae,Chionoecetes,abundance,Individuals per 1000 square meter,348.159
9/29/2023,SKQ202312S-DBO3.8,SKQ202312S-DBO3.8-Cistenides hyperborea,67.672017,-168.953017,23:50:18,Benthos,"Plumb-staff beam trawl,  2.26m opening, 7-mm mesh net, 4-mm cod end liner",Cistenides hyperborea,Species,urn:lsid:marinespecies.org:taxname:157317,"Malmgren, 1866",Animalia,Annelida,Polychaeta,Terebellida,Pectiriidae,Cistenides,abundance,Individuals per 1000 square meter,1.795
9/29/2023,SKQ202312S-DBO3.8,SKQ202312S-DBO3.8-Crangon dalli,67.672017,-168.953017,23:50:18,Benthos,"Plumb-staff beam trawl,  2.26m opening, 7-mm mesh net, 4-mm cod end liner",Crangon dalli,Species,urn:lsid:marinespecies.org:taxname:254486,"Rathbun, 1902",Animalia,Arthropoda,Malacostraca,Decapoda,Crangonidae,Crangon,abundance,Individuals per 1000 square meter,8.973
9/29/2023,SKQ202312S-DBO3.8,SKQ202312S-DBO3.8-Cryptonatica affinis,67.672017,-168.953017,23:50:18,Benthos,"Plumb-staff beam trawl,  2.26m opening, 7-mm mesh net, 4-mm cod end liner",Cryptonatica affinis,Species,urn:lsid:marinespecies.org:taxname:140525,"Gmelin, 1791",Animalia,Mollusca,Gastropoda,Littorinimorpha,Ticidae,Cryptonatica,abundance,Individuals per 1000 square meter,272.784
9/29/2023,SKQ202312S-DBO3.8,SKQ202312S-DBO3.8-Eualus,67.672017,-168.953017,23:50:18,Benthos,"Plumb-staff beam trawl,  2.26m opening, 7-mm mesh net, 4-mm cod end liner",Eualus,Genus,urn:lsid:marinespecies.org:taxname:106986,"Thallwitz, 1891",Animalia,Arthropoda,Malacostraca,Decapoda,Thoridae,Eualus,abundance,Individuals per 1000 square meter,16.152
9/29/2023,SKQ202312S-DBO3.8,SKQ202312S-DBO3.8-Eualus gaimardii ,67.672017,-168.953017,23:50:18,Benthos,"Plumb-staff beam trawl,  2.26m opening, 7-mm mesh net, 4-mm cod end liner",Eualus gaimardii ,Species,urn:lsid:marinespecies.org:taxname:107504,"H. Milne Edwards, 1837",Animalia,Arthropoda,Malacostraca,Decapoda,Thoridae,Eualus,abundance,Individuals per 1000 square meter,25.125
9/29/2023,SKQ202312S-DBO3.8,SKQ202312S-DBO3.8-Eualus macilentus,67.672017,-168.953017,23:50:18,Benthos,"Plumb-staff beam trawl,  2.26m opening, 7-mm mesh net, 4-mm cod end liner",Eualus macilentus,Species,urn:lsid:marinespecies.org:taxname:158359,"Krøyer, 1841",Animalia,Arthropoda,Malacostraca,Decapoda,Thoridae,Eualus,abundance,Individuals per 1000 square meter,23.33
9/29/2023,SKQ202312S-DBO3.8,SKQ202312S-DBO3.8-Euspira pallida,67.672017,-168.953017,23:50:18,Benthos,"Plumb-staff beam trawl,  2.26m opening, 7-mm mesh net, 4-mm cod end liner",Euspira pallida,Species,urn:lsid:marinespecies.org:taxname:140536,"Broderip & G. B. Sowerby I, 1829",Animalia,Mollusca,Gastropoda,Littorinimorpha,Naticidae,Euspira,abundance,Individuals per 1000 square meter,3.589
9/29/2023,SKQ202312S-DBO3.8,SKQ202312S-DBO3.8-Harmothoe imbricata,67.672017,-168.953017,23:50:18,Benthos,"Plumb-staff beam trawl,  2.26m opening, 7-mm mesh net, 4-mm cod end liner",Harmothoe imbricata,Species,urn:lsid:marinespecies.org:taxname:130769,"Linnaeus, 1767",Animalia,Annelida,Polychaeta,Phyllodocida,Polynoidae,Harmothoe,abundance,Individuals per 1000 square meter,1.795
9/29/2023,SKQ202312S-DBO3.8,SKQ202312S-DBO3.8-Hyas coarctatus,67.672017,-168.953017,23:50:18,Benthos,"Plumb-staff beam trawl,  2.26m opening, 7-mm mesh net, 4-mm cod end liner",Hyas coarctatus,Species,urn:lsid:marinespecies.org:taxname:107323,"Leach, 1815",Animalia,Arthropoda,Malacostraca,Decapoda,Oregoniidae,Hyas,abundance,Individuals per 1000 square meter,3.589
9/29/2023,SKQ202312S-DBO3.8,SKQ202312S-DBO3.8-Labidochirus splendescens,67.672017,-168.953017,23:50:18,Benthos,"Plumb-staff beam trawl,  2.26m opening, 7-mm mesh net, 4-mm cod end liner",Labidochirus splendescens,Species,urn:lsid:marinespecies.org:taxname:248348,"Owen, 1839",Animalia,Arthropoda,Malacostraca,Decapoda,Paguridae,Labidochirus,abundance,Individuals per 1000 square meter,10.768
9/29/2023,SKQ202312S-DBO3.8,SKQ202312S-DBO3.8-Leptasterias (Hexasterias) polaris katherinae,67.672017,-168.953017,23:50:18,Benthos,"Plumb-staff beam trawl,  2.26m opening, 7-mm mesh net, 4-mm cod end liner",Leptasterias (Hexasterias) polaris katherinae,Species,urn:lsid:marinespecies.org:taxname:379157,"Gray, 1840",Animalia,Echinodermata,Asteroidea,Forcipulatida,Asteriidae,Leptasterias,abundance,Individuals per 1000 square meter,21.536
9/29/2023,SKQ202312S-DBO3.8,SKQ202312S-DBO3.8-Leptasterias groenlandica,67.672017,-168.953017,23:50:18,Benthos,"Plumb-staff beam trawl,  2.26m opening, 7-mm mesh net, 4-mm cod end liner",Leptasterias groenlandica,Species,urn:lsid:marinespecies.org:taxname:369176,"Steenstrup in Lutken, 1857",Animalia,Echinodermata,Asteroidea,Forcipulatida,Asteriidae,Leptasterias,abundance,Individuals per 1000 square meter,37.687
9/29/2023,SKQ202312S-DBO3.8,SKQ202312S-DBO3.8-Myriotrochus rinkii,67.672017,-168.953017,23:50:18,Benthos,"Plumb-staff beam trawl,  2.26m opening, 7-mm mesh net, 4-mm cod end liner",Myriotrochus rinkii,Species,urn:lsid:marinespecies.org:taxname:124446,"Steenstrup, 1851",Animalia,Echinodermata,Holothuroidea,Apodida,Myriotrochidae,Myriotrochus,abundance,Individuals per 1000 square meter,7.179
9/29/2023,SKQ202312S-DBO3.8,SKQ202312S-DBO3.8-Nemertea,67.672017,-168.953017,23:50:18,Benthos,"Plumb-staff beam trawl,  2.26m opening, 7-mm mesh net, 4-mm cod end liner",Nemertea,Phylum,urn:lsid:marinespecies.org:taxname:152391,NA,Animalia,Nemertea,NA,NA,NA,NA,abundance,Individuals per 1000 square meter,8.973
9/29/2023,SKQ202312S-DBO3.8,SKQ202312S-DBO3.8-Nymphon,67.672017,-168.953017,23:50:18,Benthos,"Plumb-staff beam trawl,  2.26m opening, 7-mm mesh net, 4-mm cod end liner",Nymphon,Genus,urn:lsid:marinespecies.org:taxname:134591,"Fabricius, 1794",Animalia,Arthropoda,Pycnogonida,Pantopoda,Nymphonidae,Nymphon,abundance,Individuals per 1000 square meter,3.589
9/29/2023,SKQ202312S-DBO3.8,SKQ202312S-DBO3.8-Onisimus,67.672017,-168.953017,23:50:18,Benthos,"Plumb-staff beam trawl,  2.26m opening, 7-mm mesh net, 4-mm cod end liner",Onisimus,Genus,urn:lsid:marinespecies.org:taxname:101631,"Boeck, 1871",Animalia,Arthropoda,Malacostraca,Amphipoda,Uristidae,Onisimus,abundance,Individuals per 1000 square meter,1.795
9/29/2023,SKQ202312S-DBO3.8,SKQ202312S-DBO3.8-Ophelina acuminata,67.672017,-168.953017,23:50:18,Benthos,"Plumb-staff beam trawl,  2.26m opening, 7-mm mesh net, 4-mm cod end liner",Ophelina acuminata,Species,urn:lsid:marinespecies.org:taxname:130500,"Örsted, 1843",Animalia,Annelida,Polychaeta,NA,Opheliidae,Ophelina,abundance,Individuals per 1000 square meter,1.795
9/29/2023,SKQ202312S-DBO3.8,SKQ202312S-DBO3.8-Ophiura robusta,67.672017,-168.953017,23:50:18,Benthos,"Plumb-staff beam trawl,  2.26m opening, 7-mm mesh net, 4-mm cod end liner",Ophiura robusta,Species,urn:lsid:marinespecies.org:taxname:124933,"Ayres, 1852",Animalia,Echinodermata,Ophiuroidea,Ophiurida,Ophiuridae,Ophiura,abundance,Individuals per 1000 square meter,1.795
9/29/2023,SKQ202312S-DBO3.8,SKQ202312S-DBO3.8-Ophiura sarsii,67.672017,-168.953017,23:50:18,Benthos,"Plumb-staff beam trawl,  2.26m opening, 7-mm mesh net, 4-mm cod end liner",Ophiura sarsii,Species,urn:lsid:marinespecies.org:taxname:124934,"Lütken, 1855",Animalia,Echinodermata,Ophiuroidea,Ophiurida,Ophiuridae,Ophiura,abundance,Individuals per 1000 square meter,1.795
9/29/2023,SKQ202312S-DBO3.8,SKQ202312S-DBO3.8-Pagurus capillatus,67.672017,-168.953017,23:50:18,Benthos,"Plumb-staff beam trawl,  2.26m opening, 7-mm mesh net, 4-mm cod end liner",Pagurus capillatus,Species,urn:lsid:marinespecies.org:taxname:254489,"Benedict, 1892",Animalia,Arthropoda,Malacostraca,Decapoda,Paguridae,Pagurus,abundance,Individuals per 1000 square meter,19.741
9/29/2023,SKQ202312S-DBO3.8,SKQ202312S-DBO3.8-Pagurus trigonocheirus,67.672017,-168.953017,23:50:18,Benthos,"Plumb-staff beam trawl,  2.26m opening, 7-mm mesh net, 4-mm cod end liner",Pagurus trigonocheirus,Species,urn:lsid:marinespecies.org:taxname:254490,"Stimpson, 1858",Animalia,Arthropoda,Malacostraca,Decapoda,Paguridae,Pagurus,abundance,Individuals per 1000 square meter,14.357
9/29/2023,SKQ202312S-DBO3.8,SKQ202312S-DBO3.8-Phyllodoce groenlandica,67.672017,-168.953017,23:50:18,Benthos,"Plumb-staff beam trawl,  2.26m opening, 7-mm mesh net, 4-mm cod end liner",Phyllodoce groenlandica,Species,urn:lsid:marinespecies.org:taxname:334506,"Örsted, 1842",Animalia,Annelida,Polychaeta,Phyllodocida,Phyllodocidae,Phyllodoce,abundance,Individuals per 1000 square meter,1.795
9/29/2023,SKQ202312S-DBO3.8,SKQ202312S-DBO3.8-Quasimelita formosa,67.672017,-168.953017,23:50:18,Benthos,"Plumb-staff beam trawl,  2.26m opening, 7-mm mesh net, 4-mm cod end liner",Quasimelita formosa,Species,urn:lsid:marinespecies.org:taxname:423709,"Murdoch, 1885",Animalia,Arthropoda,Malacostraca,Amphipoda,Melitidae,Quasimelita,abundance,Individuals per 1000 square meter,16.152
9/29/2023,SKQ202312S-DBO3.8,SKQ202312S-DBO3.8-Serripes groenlandicus,67.672017,-168.953017,23:50:18,Benthos,"Plumb-staff beam trawl,  2.26m opening, 7-mm mesh net, 4-mm cod end liner",Serripes groenlandicus,Species,urn:lsid:marinespecies.org:taxname:582749,"Mohr, 1786",Animalia,Mollusca,Bivalvia,Cardiida,Cardiidae,Serripes,abundance,Individuals per 1000 square meter,3.589
9/29/2023,SKQ202312S-DBO3.8,SKQ202312S-DBO3.8-Stegophiura nodosa,67.672017,-168.953017,23:50:18,Benthos,"Plumb-staff beam trawl,  2.26m opening, 7-mm mesh net, 4-mm cod end liner",Stegophiura nodosa,Species,urn:lsid:marinespecies.org:taxname:124943,"Lütken, 1855",Animalia,Echinodermata,Ophiuroidea,Ophiurida,Ophiopyrgidae,Stegophiura,abundance,Individuals per 1000 square meter,28.714
9/29/2023,SKQ202312S-DBO3.8,SKQ202312S-DBO3.8-Stomphia,67.672017,-168.953017,23:50:18,Benthos,"Plumb-staff beam trawl,  2.26m opening, 7-mm mesh net, 4-mm cod end liner",Stomphia,Genus,urn:lsid:marinespecies.org:taxname:100716,"Gosse, 1859",Animalia,Cnidaria,Anthozoa,Actiniaria,Actinostolidae,Stomphia,abundance,Individuals per 1000 square meter,77.169
9/29/2023,SKQ202312S-DBO3.8,SKQ202312S-DBO3.8-Tachyrhynchus erosus,67.672017,-168.953017,23:50:18,Benthos,"Plumb-staff beam trawl,  2.26m opening, 7-mm mesh net, 4-mm cod end liner",Tachyrhynchus erosus,Species,urn:lsid:marinespecies.org:taxname:196391,"Couthouy, 1838",Animalia,Mollusca,Gastropoda,Caenogastropoda,Turritellidae,Tachyrhynchus,abundance,Individuals per 1000 square meter,7.179
10/1/2023,SKQ202312S-DBO3.2,SKQ202312S-DBO3.2-Arctolembos arcticus,68.247231,-167.138723,7:02:18,Benthos,"Plumb-staff beam trawl,  2.26m opening, 7-mm mesh net, 4-mm cod end liner",Arctolembos arcticus,Species,urn:lsid:marinespecies.org:taxname:102014,"Hansen, 1888",Animalia,Arthropoda,Malacostraca,Amphipoda,Aoridae,Arctolembos,abundance,Individuals per 1000 square meter,5.481
10/1/2023,SKQ202312S-DBO3.2,SKQ202312S-DBO3.2-Argis,68.247231,-167.138723,7:02:18,Benthos,"Plumb-staff beam trawl,  2.26m opening, 7-mm mesh net, 4-mm cod end liner",Argis,Genus,urn:lsid:marinespecies.org:taxname:107006,"Krøyer, 1843",Animalia,Arthropoda,Malacostraca,Decapoda,Crangonidae,Argis,abundance,Individuals per 1000 square meter,32.886
10/1/2023,SKQ202312S-DBO3.2,SKQ202312S-DBO3.2-Asterias amurensis,68.247231,-167.138723,7:02:18,Benthos,"Plumb-staff beam trawl,  2.26m opening, 7-mm mesh net, 4-mm cod end liner",Asterias amurensis,Species,urn:lsid:marinespecies.org:taxname:254497,"Lutken, 1871",Animalia,Echinodermata,Asteroidea,Forcipulatida,Asteriidae,Asterias,abundance,Individuals per 1000 square meter,74.908
10/1/2023,SKQ202312S-DBO3.2,SKQ202312S-DBO3.2-Beringius behringii,68.247231,-167.138723,7:02:18,Benthos,"Plumb-staff beam trawl,  2.26m opening, 7-mm mesh net, 4-mm cod end liner",Beringius behringii,Species,urn:lsid:marinespecies.org:taxname:160112,"Middendorff, 1848",Animalia,Mollusca,Gastropoda,Neogastropoda,Buccinidae,Beringius,abundance,Individuals per 1000 square meter,1.827
10/1/2023,SKQ202312S-DBO3.2,SKQ202312S-DBO3.2-Bryozoa,68.247231,-167.138723,7:02:18,Benthos,"Plumb-staff beam trawl,  2.26m opening, 7-mm mesh net, 4-mm cod end liner",Bryozoa,Phylum,urn:lsid:marinespecies.org:taxname:146142,NA,Animalia,Bryozoa,NA,NA,NA,NA,abundance,Individuals per 1000 square meter,NA
10/1/2023,SKQ202312S-DBO3.2,SKQ202312S-DBO3.2-Chelyosoma macleayanum,68.247231,-167.138723,7:02:18,Benthos,"Plumb-staff beam trawl,  2.26m opening, 7-mm mesh net, 4-mm cod end liner",Chelyosoma macleayanum,Species,urn:lsid:marinespecies.org:taxname:103740,"Broderip & Sowerby, 1830",Animalia,Chordata,Ascidiacea,Phlebobranchia,Corellidae,Chelyosoma,abundance,Individuals per 1000 square meter,42.021
10/1/2023,SKQ202312S-DBO3.2,SKQ202312S-DBO3.2-Chionoecetes opilio,68.247231,-167.138723,7:02:18,Benthos,"Plumb-staff beam trawl,  2.26m opening, 7-mm mesh net, 4-mm cod end liner",Chionoecetes opilio,Species,urn:lsid:marinespecies.org:taxname:107315,"Fabricius, 1788",Animalia,Arthropoda,Malacostraca,Decapoda,Oregoniidae,Chionoecetes,abundance,Individuals per 1000 square meter,29.232
10/1/2023,SKQ202312S-DBO3.2,SKQ202312S-DBO3.2-Crangon dalli,68.247231,-167.138723,7:02:18,Benthos,"Plumb-staff beam trawl,  2.26m opening, 7-mm mesh net, 4-mm cod end liner",Crangon dalli,Species,urn:lsid:marinespecies.org:taxname:254486,"Rathbun, 1902",Animalia,Arthropoda,Malacostraca,Decapoda,Crangonidae,Crangon,abundance,Individuals per 1000 square meter,5.481
10/1/2023,SKQ202312S-DBO3.2,SKQ202312S-DBO3.2-Crossaster papposus,68.247231,-167.138723,7:02:18,Benthos,"Plumb-staff beam trawl,  2.26m opening, 7-mm mesh net, 4-mm cod end liner",Crossaster papposus,Species,urn:lsid:marinespecies.org:taxname:124154,"Linnaeus, 1767",Animalia,Echinodermata,Asteroidea,Valvatida,Solasteridae,Crossaster,abundance,Individuals per 1000 square meter,1.827
10/1/2023,SKQ202312S-DBO3.2,SKQ202312S-DBO3.2-Dendrobeania,68.247231,-167.138723,7:02:18,Benthos,"Plumb-staff beam trawl,  2.26m opening, 7-mm mesh net, 4-mm cod end liner",Dendrobeania,Genus,urn:lsid:marinespecies.org:taxname:110842,"Levinsen, 1909",Animalia,Bryozoa,Gymnolaemata,Cheilostomatida,Bugulidae,Dendrobeania,abundance,Individuals per 1000 square meter,NA
10/1/2023,SKQ202312S-DBO3.2,SKQ202312S-DBO3.2-Diastylis alaskensis,68.247231,-167.138723,7:02:18,Benthos,"Plumb-staff beam trawl,  2.26m opening, 7-mm mesh net, 4-mm cod end liner",Diastylis alaskensis,Species,urn:lsid:marinespecies.org:taxname:181923,"Calman, 1912",Animalia,Arthropoda,Malacostraca,Cumacea,Diastylidae,Diastylis,abundance,Individuals per 1000 square meter,9.135
10/1/2023,SKQ202312S-DBO3.2,SKQ202312S-DBO3.2-Eualus gaimardii ,68.247231,-167.138723,7:02:18,Benthos,"Plumb-staff beam trawl,  2.26m opening, 7-mm mesh net, 4-mm cod end liner",Eualus gaimardii ,Species,urn:lsid:marinespecies.org:taxname:107504,"H. Milne Edwards, 1837",Animalia,Arthropoda,Malacostraca,Decapoda,Thoridae,Eualus,abundance,Individuals per 1000 square meter,7.308
10/1/2023,SKQ202312S-DBO3.2,SKQ202312S-DBO3.2-Gattyana amondseni,68.247231,-167.138723,7:02:18,Benthos,"Plumb-staff beam trawl,  2.26m opening, 7-mm mesh net, 4-mm cod end liner",Gattyana amondseni,Species,urn:lsid:marinespecies.org:taxname:130748,"Malmgren, 1867",Animalia,Annelida,Polychaeta,Phyllodocida,Polynoidae,Gattyana,abundance,Individuals per 1000 square meter,1.827
10/1/2023,SKQ202312S-DBO3.2,SKQ202312S-DBO3.2-Gersemia rubiformis,68.247231,-167.138723,7:02:18,Benthos,"Plumb-staff beam trawl,  2.26m opening, 7-mm mesh net, 4-mm cod end liner",Gersemia rubiformis,Species,urn:lsid:marinespecies.org:taxname:156103,"Ehrenberg, 1834",Animalia,Cnidaria,Anthozoa,Malacalcyonacea,Alcyoniidae,Gersemia,abundance,Individuals per 1000 square meter,NA
10/1/2023,SKQ202312S-DBO3.2,SKQ202312S-DBO3.2-Gorgonocephalus eucnemis,68.247231,-167.138723,7:02:18,Benthos,"Plumb-staff beam trawl,  2.26m opening, 7-mm mesh net, 4-mm cod end liner",Gorgonocephalus eucnemis,Species,urn:lsid:marinespecies.org:taxname:124969,"Müller & Troschel, 1842",Animalia,Echinodermata,Ophiuroidea,Euryalida,Gorgonocephalidae,Gorgonocephalus,abundance,Individuals per 1000 square meter,49.329
10/1/2023,SKQ202312S-DBO3.2,SKQ202312S-DBO3.2-Harmothoe imbricata,68.247231,-167.138723,7:02:18,Benthos,"Plumb-staff beam trawl,  2.26m opening, 7-mm mesh net, 4-mm cod end liner",Harmothoe imbricata,Species,urn:lsid:marinespecies.org:taxname:130769,"Linnaeus, 1767",Animalia,Annelida,Polychaeta,Phyllodocida,Polynoidae,Harmothoe,abundance,Individuals per 1000 square meter,1.827
10/1/2023,SKQ202312S-DBO3.2,SKQ202312S-DBO3.2-Henricia tumida,68.247231,-167.138723,7:02:18,Benthos,"Plumb-staff beam trawl,  2.26m opening, 7-mm mesh net, 4-mm cod end liner",Henricia tumida,Species,urn:lsid:marinespecies.org:taxname:369147,"Verrill, 1909",Animalia,Echinodermata,Asteroidea,Spinulosida,Echisteridae,Henricia,abundance,Individuals per 1000 square meter,1.827
10/1/2023,SKQ202312S-DBO3.2,SKQ202312S-DBO3.2-Hyas coarctatus,68.247231,-167.138723,7:02:18,Benthos,"Plumb-staff beam trawl,  2.26m opening, 7-mm mesh net, 4-mm cod end liner",Hyas coarctatus,Species,urn:lsid:marinespecies.org:taxname:107323,"Leach, 1815",Animalia,Arthropoda,Malacostraca,Decapoda,Oregoniidae,Hyas,abundance,Individuals per 1000 square meter,25.578
10/1/2023,SKQ202312S-DBO3.2,SKQ202312S-DBO3.2-Hydrozoa,68.247231,-167.138723,7:02:18,Benthos,"Plumb-staff beam trawl,  2.26m opening, 7-mm mesh net, 4-mm cod end liner",Hydrozoa,Class,urn:lsid:marinespecies.org:taxname:1337,"Owen, 1843",Animalia,Cnidaria,Hydrozoa,NA,NA,NA,abundance,Individuals per 1000 square meter,NA
10/1/2023,SKQ202312S-DBO3.2,SKQ202312S-DBO3.2-Labidochirus splendescens,68.247231,-167.138723,7:02:18,Benthos,"Plumb-staff beam trawl,  2.26m opening, 7-mm mesh net, 4-mm cod end liner",Labidochirus splendescens,Species,urn:lsid:marinespecies.org:taxname:248348,"Owen, 1839",Animalia,Arthropoda,Malacostraca,Decapoda,Paguridae,Labidochirus,abundance,Individuals per 1000 square meter,3.654
10/1/2023,SKQ202312S-DBO3.2,SKQ202312S-DBO3.2-Lebbeus groenlandicus,68.247231,-167.138723,7:02:18,Benthos,"Plumb-staff beam trawl,  2.26m opening, 7-mm mesh net, 4-mm cod end liner",Lebbeus groenlandicus,Species,urn:lsid:marinespecies.org:taxname:107520,"Fabricius, 1775",Animalia,Arthropoda,Malacostraca,Decapoda,Thoridae,Lebbeus,abundance,Individuals per 1000 square meter,1.827
10/1/2023,SKQ202312S-DBO3.2,SKQ202312S-DBO3.2-Leptasterias (Hexasterias) polaris katherinae,68.247231,-167.138723,7:02:18,Benthos,"Plumb-staff beam trawl,  2.26m opening, 7-mm mesh net, 4-mm cod end liner",Leptasterias (Hexasterias) polaris katherinae,Species,urn:lsid:marinespecies.org:taxname:379157,"Gray, 1840",Animalia,Echinodermata,Asteroidea,Forcipulatida,Asteriidae,Leptasterias,abundance,Individuals per 1000 square meter,1.827
10/1/2023,SKQ202312S-DBO3.2,SKQ202312S-DBO3.2-Leptasterias arctica,68.247231,-167.138723,7:02:18,Benthos,"Plumb-staff beam trawl,  2.26m opening, 7-mm mesh net, 4-mm cod end liner",Leptasterias arctica,Species,urn:lsid:marinespecies.org:taxname:369158,"Murdoch, 1885",Animalia,Echinodermata,Asteroidea,Forcipulatida,Asteriidae,Leptasterias,abundance,Individuals per 1000 square meter,40.194
10/1/2023,SKQ202312S-DBO3.2,SKQ202312S-DBO3.2-Lethasterias nanimensis,68.247231,-167.138723,7:02:18,Benthos,"Plumb-staff beam trawl,  2.26m opening, 7-mm mesh net, 4-mm cod end liner",Lethasterias nanimensis,Species,urn:lsid:marinespecies.org:taxname:254499,"Verrill, 1914",Animalia,Echinodermata,Asteroidea,Forcipulatida,Asteriidae,Lethasterias,abundance,Individuals per 1000 square meter,1.827
10/1/2023,SKQ202312S-DBO3.2,SKQ202312S-DBO3.2-Nymphon,68.247231,-167.138723,7:02:18,Benthos,"Plumb-staff beam trawl,  2.26m opening, 7-mm mesh net, 4-mm cod end liner",Nymphon,Genus,urn:lsid:marinespecies.org:taxname:134591,"Fabricius, 1794",Animalia,Arthropoda,Pycnogonida,Pantopoda,Nymphonidae,Nymphon,abundance,Individuals per 1000 square meter,7.308
10/1/2023,SKQ202312S-DBO3.2,SKQ202312S-DBO3.2-Pagurus trigonocheirus,68.247231,-167.138723,7:02:18,Benthos,"Plumb-staff beam trawl,  2.26m opening, 7-mm mesh net, 4-mm cod end liner",Pagurus trigonocheirus,Species,urn:lsid:marinespecies.org:taxname:254490,"Stimpson, 1858",Animalia,Arthropoda,Malacostraca,Decapoda,Paguridae,Pagurus,abundance,Individuals per 1000 square meter,7.308
10/1/2023,SKQ202312S-DBO3.2,SKQ202312S-DBO3.2-Pandalus goniurus,68.247231,-167.138723,7:02:18,Benthos,"Plumb-staff beam trawl,  2.26m opening, 7-mm mesh net, 4-mm cod end liner",Pandalus goniurus,Species,urn:lsid:marinespecies.org:taxname:254483,"Stimpson, 1860",Animalia,Arthropoda,Malacostraca,Decapoda,Pandalidae,Pandalus,abundance,Individuals per 1000 square meter,63.945
10/1/2023,SKQ202312S-DBO3.2,SKQ202312S-DBO3.2-Paramphithoe polyacantha,68.247231,-167.138723,7:02:18,Benthos,"Plumb-staff beam trawl,  2.26m opening, 7-mm mesh net, 4-mm cod end liner",Paramphithoe polyacantha,Species,urn:lsid:marinespecies.org:taxname:102154,"Murdoch, 1885",Animalia,Arthropoda,Malacostraca,Amphipoda,Paramphithoidae,Paramphithoe,abundance,Individuals per 1000 square meter,1.827
10/1/2023,SKQ202312S-DBO3.2,SKQ202312S-DBO3.2-Plicifusus kroyeri,68.247231,-167.138723,7:02:18,Benthos,"Plumb-staff beam trawl,  2.26m opening, 7-mm mesh net, 4-mm cod end liner",Plicifusus kroyeri,Species,urn:lsid:marinespecies.org:taxname:491269,"Møller, 1842",Animalia,Mollusca,Gastropoda,Neogastropoda,Buccinidae,Plicifusus,abundance,Individuals per 1000 square meter,1.827
10/1/2023,SKQ202312S-DBO3.2,SKQ202312S-DBO3.2-Pododesmus macrochisma,68.247231,-167.138723,7:02:18,Benthos,"Plumb-staff beam trawl,  2.26m opening, 7-mm mesh net, 4-mm cod end liner",Pododesmus macrochisma,Species,urn:lsid:marinespecies.org:taxname:758426,"Deshayes, 1839",Animalia,Mollusca,Bivalvia,Pectinida,Anomiidae,Pododesmus,abundance,Individuals per 1000 square meter,5.481
10/1/2023,SKQ202312S-DBO3.2,SKQ202312S-DBO3.2-Sclerocrangon boreas,68.247231,-167.138723,7:02:18,Benthos,"Plumb-staff beam trawl,  2.26m opening, 7-mm mesh net, 4-mm cod end liner",Sclerocrangon boreas,Species,urn:lsid:marinespecies.org:taxname:107568,"Phipps, 1774",Animalia,Arthropoda,Malacostraca,Decapoda,Crangonidae,Sclerocrangon,abundance,Individuals per 1000 square meter,10.962
10/1/2023,SKQ202312S-DBO3.2,SKQ202312S-DBO3.2-Sertularia robusta,68.247231,-167.138723,7:02:18,Benthos,"Plumb-staff beam trawl,  2.26m opening, 7-mm mesh net, 4-mm cod end liner",Sertularia robusta,Species,urn:lsid:marinespecies.org:taxname:117923,"Clark, 1877",Animalia,Cnidaria,Hydrozoa,Leptothecata,Sertulariidae,Sertularia,abundance,Individuals per 1000 square meter,1.827
10/1/2023,SKQ202312S-DBO3.2,SKQ202312S-DBO3.2-Strongylocentrotus pallidus,68.247231,-167.138723,7:02:18,Benthos,"Plumb-staff beam trawl,  2.26m opening, 7-mm mesh net, 4-mm cod end liner",Strongylocentrotus pallidus,Species,urn:lsid:marinespecies.org:taxname:124324,"Sars G.O., 1872",Animalia,Echinodermata,Echinoidea,Camarodonta,Strongylocentrotidae,Strongylocentrotus,abundance,Individuals per 1000 square meter,105.967
10/1/2023,SKQ202312S-DBO3.2,SKQ202312S-DBO3.2-Styela rustica,68.247231,-167.138723,7:02:18,Benthos,"Plumb-staff beam trawl,  2.26m opening, 7-mm mesh net, 4-mm cod end liner",Styela rustica,Species,urn:lsid:marinespecies.org:taxname:103937,"Linnaeus, 1767",Animalia,Chordata,Ascidiacea,Stolidobranchia,Styelidae,Styela,abundance,Individuals per 1000 square meter,1.827
10/1/2023,SKQ202312S-DBO3.2,SKQ202312S-DBO3.2-Telmessus cheiragonus,68.247231,-167.138723,7:02:18,Benthos,"Plumb-staff beam trawl,  2.26m opening, 7-mm mesh net, 4-mm cod end liner",Telmessus cheiragonus,Species,urn:lsid:marinespecies.org:taxname:254360,"Tilesius, 1815",Animalia,Arthropoda,Malacostraca,Decapoda,Cheiragonidae,Telmessus,abundance,Individuals per 1000 square meter,3.654
10/1/2023,SKQ202312S-DBO3.2,SKQ202312S-DBO3.2-Tritonia,68.247231,-167.138723,7:02:18,Benthos,"Plumb-staff beam trawl,  2.26m opening, 7-mm mesh net, 4-mm cod end liner",Tritonia,Genus,urn:lsid:marinespecies.org:taxname:138580,"Cuvier, 1797",Animalia,Mollusca,Gastropoda,Nudibranchia,Tritoniidae,Tritonia,abundance,Individuals per 1000 square meter,1.827
10/1/2023,SKQ202312S-DBO3.4,SKQ202312S-DBO3.4-Amicula vestita,68.137996,-167.492373,17:03:18,Benthos,"Plumb-staff beam trawl,  2.26m opening, 7-mm mesh net, 4-mm cod end liner",Amicula vestita,Species,urn:lsid:marinespecies.org:taxname:386339,"Pallas, 1788",Animalia,Mollusca,Polyplacophora,Chitonida,Mopaliidae,Amicula,abundance,Individuals per 1000 square meter,2.055
10/1/2023,SKQ202312S-DBO3.4,SKQ202312S-DBO3.4-Argis,68.137996,-167.492373,17:03:18,Benthos,"Plumb-staff beam trawl,  2.26m opening, 7-mm mesh net, 4-mm cod end liner",Argis,Genus,urn:lsid:marinespecies.org:taxname:107006,"Krøyer, 1843",Animalia,Arthropoda,Malacostraca,Decapoda,Crangonidae,Argis,abundance,Individuals per 1000 square meter,238.325
10/1/2023,SKQ202312S-DBO3.4,SKQ202312S-DBO3.4-Balanus crenatus,68.137996,-167.492373,17:03:18,Benthos,"Plumb-staff beam trawl,  2.26m opening, 7-mm mesh net, 4-mm cod end liner",Balanus crenatus,Species,urn:lsid:marinespecies.org:taxname:106215,"Bruguière, 1789",Animalia,Arthropoda,Thecostraca,Balanomorpha,Balanidae,Balanus,abundance,Individuals per 1000 square meter,NA
10/1/2023,SKQ202312S-DBO3.4,SKQ202312S-DBO3.4-Boltenia echinata,68.137996,-167.492373,17:03:18,Benthos,"Plumb-staff beam trawl,  2.26m opening, 7-mm mesh net, 4-mm cod end liner",Boltenia echinata,Species,urn:lsid:marinespecies.org:taxname:103814,"Linnaeus, 1767",Animalia,Chordata,Ascidiacea,Stolidobranchia,Pyuridae,Boltenia,abundance,Individuals per 1000 square meter,4.109
10/1/2023,SKQ202312S-DBO3.4,SKQ202312S-DBO3.4-Brachiopoda,68.137996,-167.492373,17:03:18,Benthos,"Plumb-staff beam trawl,  2.26m opening, 7-mm mesh net, 4-mm cod end liner",Brachiopoda,Phylum,urn:lsid:marinespecies.org:taxname:1803,"Duméril, 1805",Animalia,Brachiopoda,NA,NA,NA,NA,abundance,Individuals per 1000 square meter,2.055
10/1/2023,SKQ202312S-DBO3.4,SKQ202312S-DBO3.4-Chelyosoma macleayanum,68.137996,-167.492373,17:03:18,Benthos,"Plumb-staff beam trawl,  2.26m opening, 7-mm mesh net, 4-mm cod end liner",Chelyosoma macleayanum,Species,urn:lsid:marinespecies.org:taxname:103740,"Broderip & Sowerby, 1830",Animalia,Chordata,Ascidiacea,Phlebobranchia,Corellidae,Chelyosoma,abundance,Individuals per 1000 square meter,2.055
10/1/2023,SKQ202312S-DBO3.4,SKQ202312S-DBO3.4-Chionoecetes opilio,68.137996,-167.492373,17:03:18,Benthos,"Plumb-staff beam trawl,  2.26m opening, 7-mm mesh net, 4-mm cod end liner",Chionoecetes opilio,Species,urn:lsid:marinespecies.org:taxname:107315,"Fabricius, 1788",Animalia,Arthropoda,Malacostraca,Decapoda,Oregoniidae,Chionoecetes,abundance,Individuals per 1000 square meter,20.545
10/1/2023,SKQ202312S-DBO3.4,SKQ202312S-DBO3.4-Coryphella,68.137996,-167.492373,17:03:18,Benthos,"Plumb-staff beam trawl,  2.26m opening, 7-mm mesh net, 4-mm cod end liner",Coryphella,Genus,urn:lsid:marinespecies.org:taxname:138018,"J. E. Gray, 1850",Animalia,Mollusca,Gastropoda,Nudibranchia,Coryphellidae,Coryphella,abundance,Individuals per 1000 square meter,2.055
10/1/2023,SKQ202312S-DBO3.4,SKQ202312S-DBO3.4-Crangon dalli,68.137996,-167.492373,17:03:18,Benthos,"Plumb-staff beam trawl,  2.26m opening, 7-mm mesh net, 4-mm cod end liner",Crangon dalli,Species,urn:lsid:marinespecies.org:taxname:254486,"Rathbun, 1902",Animalia,Arthropoda,Malacostraca,Decapoda,Crangonidae,Crangon,abundance,Individuals per 1000 square meter,2.055
10/1/2023,SKQ202312S-DBO3.4,SKQ202312S-DBO3.4-Dendrobeania,68.137996,-167.492373,17:03:18,Benthos,"Plumb-staff beam trawl,  2.26m opening, 7-mm mesh net, 4-mm cod end liner",Dendrobeania,Genus,urn:lsid:marinespecies.org:taxname:110842,"Levinsen, 1909",Animalia,Bryozoa,Gymnolaemata,Cheilostomatida,Bugulidae,Dendrobeania,abundance,Individuals per 1000 square meter,NA
10/1/2023,SKQ202312S-DBO3.4,SKQ202312S-DBO3.4-Diastylis alaskensis,68.137996,-167.492373,17:03:18,Benthos,"Plumb-staff beam trawl,  2.26m opening, 7-mm mesh net, 4-mm cod end liner",Diastylis alaskensis,Species,urn:lsid:marinespecies.org:taxname:181923,"Calman, 1912",Animalia,Arthropoda,Malacostraca,Cumacea,Diastylidae,Diastylis,abundance,Individuals per 1000 square meter,8.218
10/1/2023,SKQ202312S-DBO3.4,SKQ202312S-DBO3.4-Ericthonius,68.137996,-167.492373,17:03:18,Benthos,"Plumb-staff beam trawl,  2.26m opening, 7-mm mesh net, 4-mm cod end liner",Ericthonius,Genus,urn:lsid:marinespecies.org:taxname:101567,"H. Milne Edwards, 1830",Animalia,Arthropoda,Malacostraca,Amphipoda,Ischyroceridae,Ericthonius,abundance,Individuals per 1000 square meter,2.055
10/1/2023,SKQ202312S-DBO3.4,SKQ202312S-DBO3.4-Eualus,68.137996,-167.492373,17:03:18,Benthos,"Plumb-staff beam trawl,  2.26m opening, 7-mm mesh net, 4-mm cod end liner",Eualus,Genus,urn:lsid:marinespecies.org:taxname:106986,"Thallwitz, 1891",Animalia,Arthropoda,Malacostraca,Decapoda,Thoridae,Eualus,abundance,Individuals per 1000 square meter,8.218
10/1/2023,SKQ202312S-DBO3.4,SKQ202312S-DBO3.4-Eualus gaimardii ,68.137996,-167.492373,17:03:18,Benthos,"Plumb-staff beam trawl,  2.26m opening, 7-mm mesh net, 4-mm cod end liner",Eualus gaimardii ,Species,urn:lsid:marinespecies.org:taxname:107504,"H. Milne Edwards, 1837",Animalia,Arthropoda,Malacostraca,Decapoda,Thoridae,Eualus,abundance,Individuals per 1000 square meter,41.091
10/1/2023,SKQ202312S-DBO3.4,SKQ202312S-DBO3.4-Eucratea loricata,68.137996,-167.492373,17:03:18,Benthos,"Plumb-staff beam trawl,  2.26m opening, 7-mm mesh net, 4-mm cod end liner",Eucratea loricata,Species,urn:lsid:marinespecies.org:taxname:111361,"Linnaeus, 1758",Animalia,Bryozoa,Gymnolaemata,Cheilostomatida,Eucrateidae,Eucratea,abundance,Individuals per 1000 square meter,NA
10/1/2023,SKQ202312S-DBO3.4,SKQ202312S-DBO3.4-Gattyana amondseni,68.137996,-167.492373,17:03:18,Benthos,"Plumb-staff beam trawl,  2.26m opening, 7-mm mesh net, 4-mm cod end liner",Gattyana amondseni,Species,urn:lsid:marinespecies.org:taxname:130748,"Malmgren, 1867",Animalia,Annelida,Polychaeta,Phyllodocida,Polynoidae,Gattyana,abundance,Individuals per 1000 square meter,2.055
10/1/2023,SKQ202312S-DBO3.4,SKQ202312S-DBO3.4-Gorgonocephalus eucnemis,68.137996,-167.492373,17:03:18,Benthos,"Plumb-staff beam trawl,  2.26m opening, 7-mm mesh net, 4-mm cod end liner",Gorgonocephalus eucnemis,Species,urn:lsid:marinespecies.org:taxname:124969,"Müller & Troschel, 1842",Animalia,Echinodermata,Ophiuroidea,Euryalida,Gorgonocephalidae,Gorgonocephalus,abundance,Individuals per 1000 square meter,20.545
10/1/2023,SKQ202312S-DBO3.4,SKQ202312S-DBO3.4-Halocynthia aurantium,68.137996,-167.492373,17:03:18,Benthos,"Plumb-staff beam trawl,  2.26m opening, 7-mm mesh net, 4-mm cod end liner",Halocynthia aurantium,Species,urn:lsid:marinespecies.org:taxname:250674,"Pallas, 1787",Animalia,Chordata,Ascidiacea,Stolidobranchia,Pyuridae,Halocynthia,abundance,Individuals per 1000 square meter,12.327
10/1/2023,SKQ202312S-DBO3.4,SKQ202312S-DBO3.4-Harmothoe imbricata,68.137996,-167.492373,17:03:18,Benthos,"Plumb-staff beam trawl,  2.26m opening, 7-mm mesh net, 4-mm cod end liner",Harmothoe imbricata,Species,urn:lsid:marinespecies.org:taxname:130769,"Linnaeus, 1767",Animalia,Annelida,Polychaeta,Phyllodocida,Polynoidae,Harmothoe,abundance,Individuals per 1000 square meter,4.109
10/1/2023,SKQ202312S-DBO3.4,SKQ202312S-DBO3.4-Henricia tumida,68.137996,-167.492373,17:03:18,Benthos,"Plumb-staff beam trawl,  2.26m opening, 7-mm mesh net, 4-mm cod end liner",Henricia tumida,Species,urn:lsid:marinespecies.org:taxname:369147,"Verrill, 1909",Animalia,Echinodermata,Asteroidea,Spinulosida,Echisteridae,Henricia,abundance,Individuals per 1000 square meter,4.109
10/1/2023,SKQ202312S-DBO3.4,SKQ202312S-DBO3.4-Heteropora,68.137996,-167.492373,17:03:18,Benthos,"Plumb-staff beam trawl,  2.26m opening, 7-mm mesh net, 4-mm cod end liner",Heteropora,Genus,urn:lsid:marinespecies.org:taxname:248342  ,"de Blainville, 1830",Animalia,Bryozoa,Stenolaemata,Cyclostomatida,Heteroporidae,Heteropora,abundance,Individuals per 1000 square meter,NA
10/1/2023,SKQ202312S-DBO3.4,SKQ202312S-DBO3.4-Hiatella arctica,68.137996,-167.492373,17:03:18,Benthos,"Plumb-staff beam trawl,  2.26m opening, 7-mm mesh net, 4-mm cod end liner",Hiatella arctica,Species,urn:lsid:marinespecies.org:taxname:140103,"Linnaeus, 1767",Animalia,Mollusca,Bivalvia,Adapedonta,Hiatellidae,Hiatella,abundance,Individuals per 1000 square meter,14.382
10/1/2023,SKQ202312S-DBO3.4,SKQ202312S-DBO3.4-Hyas coarctatus,68.137996,-167.492373,17:03:18,Benthos,"Plumb-staff beam trawl,  2.26m opening, 7-mm mesh net, 4-mm cod end liner",Hyas coarctatus,Species,urn:lsid:marinespecies.org:taxname:107323,"Leach, 1815",Animalia,Arthropoda,Malacostraca,Decapoda,Oregoniidae,Hyas,abundance,Individuals per 1000 square meter,4.109
10/1/2023,SKQ202312S-DBO3.4,SKQ202312S-DBO3.4-Hydrozoa,68.137996,-167.492373,17:03:18,Benthos,"Plumb-staff beam trawl,  2.26m opening, 7-mm mesh net, 4-mm cod end liner",Hydrozoa,Class,urn:lsid:marinespecies.org:taxname:1337,"Owen, 1843",Animalia,Cnidaria,Hydrozoa,NA,NA,NA,abundance,Individuals per 1000 square meter,NA
10/1/2023,SKQ202312S-DBO3.4,SKQ202312S-DBO3.4-Labidochirus splendescens,68.137996,-167.492373,17:03:18,Benthos,"Plumb-staff beam trawl,  2.26m opening, 7-mm mesh net, 4-mm cod end liner",Labidochirus splendescens,Species,urn:lsid:marinespecies.org:taxname:248348,"Owen, 1839",Animalia,Arthropoda,Malacostraca,Decapoda,Paguridae,Labidochirus,abundance,Individuals per 1000 square meter,2.055
10/1/2023,SKQ202312S-DBO3.4,SKQ202312S-DBO3.4-Nereis pelagica,68.137996,-167.492373,17:03:18,Benthos,"Plumb-staff beam trawl,  2.26m opening, 7-mm mesh net, 4-mm cod end liner",Nereis pelagica,Species,urn:lsid:marinespecies.org:taxname:130404,"Linnaeus, 1758",Animalia,Annelida,Polychaeta,Phyllodocida,Nereididae,Nereis,abundance,Individuals per 1000 square meter,6.164
10/1/2023,SKQ202312S-DBO3.4,SKQ202312S-DBO3.4-Onchidiopsis,68.137996,-167.492373,17:03:18,Benthos,"Plumb-staff beam trawl,  2.26m opening, 7-mm mesh net, 4-mm cod end liner",Onchidiopsis,Genus,urn:lsid:marinespecies.org:taxname:138628,"Bergh, 1853",Animalia,Mollusca,Gastropoda,Littorinimorpha,Velutinidae,Onchidiopsis,abundance,Individuals per 1000 square meter,2.055
10/1/2023,SKQ202312S-DBO3.4,SKQ202312S-DBO3.4-Ophiopholis aculeata,68.137996,-167.492373,17:03:18,Benthos,"Plumb-staff beam trawl,  2.26m opening, 7-mm mesh net, 4-mm cod end liner",Ophiopholis aculeata,Species,urn:lsid:marinespecies.org:taxname:125125,"Linnaeus, 1767",Animalia,Echinodermata,Ophiuroidea,Amphilepidida,Ophiopholidae,Ophiopholis,abundance,Individuals per 1000 square meter,2.055
10/1/2023,SKQ202312S-DBO3.4,SKQ202312S-DBO3.4-Pagurus trigonocheirus,68.137996,-167.492373,17:03:18,Benthos,"Plumb-staff beam trawl,  2.26m opening, 7-mm mesh net, 4-mm cod end liner",Pagurus trigonocheirus,Species,urn:lsid:marinespecies.org:taxname:254490,"Stimpson, 1858",Animalia,Arthropoda,Malacostraca,Decapoda,Paguridae,Pagurus,abundance,Individuals per 1000 square meter,4.109
10/1/2023,SKQ202312S-DBO3.4,SKQ202312S-DBO3.4-Pandalus goniurus,68.137996,-167.492373,17:03:18,Benthos,"Plumb-staff beam trawl,  2.26m opening, 7-mm mesh net, 4-mm cod end liner",Pandalus goniurus,Species,urn:lsid:marinespecies.org:taxname:254483,"Stimpson, 1860",Animalia,Arthropoda,Malacostraca,Decapoda,Pandalidae,Pandalus,abundance,Individuals per 1000 square meter,41.091
10/1/2023,SKQ202312S-DBO3.4,SKQ202312S-DBO3.4-Plicifusus kroyeri,68.137996,-167.492373,17:03:18,Benthos,"Plumb-staff beam trawl,  2.26m opening, 7-mm mesh net, 4-mm cod end liner",Plicifusus kroyeri,Species,urn:lsid:marinespecies.org:taxname:491269,"Møller, 1842",Animalia,Mollusca,Gastropoda,Neogastropoda,Buccinidae,Plicifusus,abundance,Individuals per 1000 square meter,2.055
10/1/2023,SKQ202312S-DBO3.4,SKQ202312S-DBO3.4-Quasimelita formosa,68.137996,-167.492373,17:03:18,Benthos,"Plumb-staff beam trawl,  2.26m opening, 7-mm mesh net, 4-mm cod end liner",Quasimelita formosa,Species,urn:lsid:marinespecies.org:taxname:423709,"Murdoch, 1885",Animalia,Arthropoda,Malacostraca,Amphipoda,Melitidae,Quasimelita,abundance,Individuals per 1000 square meter,2.055
10/1/2023,SKQ202312S-DBO3.4,SKQ202312S-DBO3.4-Sclerocrangon boreas,68.137996,-167.492373,17:03:18,Benthos,"Plumb-staff beam trawl,  2.26m opening, 7-mm mesh net, 4-mm cod end liner",Sclerocrangon boreas,Species,urn:lsid:marinespecies.org:taxname:107568,"Phipps, 1774",Animalia,Arthropoda,Malacostraca,Decapoda,Crangonidae,Sclerocrangon,abundance,Individuals per 1000 square meter,12.327
10/1/2023,SKQ202312S-DBO3.4,SKQ202312S-DBO3.4-Sertularia robusta,68.137996,-167.492373,17:03:18,Benthos,"Plumb-staff beam trawl,  2.26m opening, 7-mm mesh net, 4-mm cod end liner",Sertularia robusta,Species,urn:lsid:marinespecies.org:taxname:117923,"Clark, 1877",Animalia,Cnidaria,Hydrozoa,Leptothecata,Sertulariidae,Sertularia,abundance,Individuals per 1000 square meter,NA
10/1/2023,SKQ202312S-DBO3.4,SKQ202312S-DBO3.4-Spirontocaris,68.137996,-167.492373,17:03:18,Benthos,"Plumb-staff beam trawl,  2.26m opening, 7-mm mesh net, 4-mm cod end liner",Spirontocaris,Genus,urn:lsid:marinespecies.org:taxname:106994,"Spence Bate, 1888",Animalia,Arthropoda,Malacostraca,Decapoda,Thoridae,Spirontocaris,abundance,Individuals per 1000 square meter,43.145
10/1/2023,SKQ202312S-DBO3.4,SKQ202312S-DBO3.4-Stenosemus albus,68.137996,-167.492373,17:03:18,Benthos,"Plumb-staff beam trawl,  2.26m opening, 7-mm mesh net, 4-mm cod end liner",Stenosemus albus,Species,urn:lsid:marinespecies.org:taxname:247773,"Linnaeus, 1767",Animalia,Mollusca,Polyplacophora,Chitonida,Ischnochitonidae,Stenosemus,abundance,Individuals per 1000 square meter,2.055
10/1/2023,SKQ202312S-DBO3.4,SKQ202312S-DBO3.4-Strongylocentrotus pallidus,68.137996,-167.492373,17:03:18,Benthos,"Plumb-staff beam trawl,  2.26m opening, 7-mm mesh net, 4-mm cod end liner",Strongylocentrotus pallidus,Species,urn:lsid:marinespecies.org:taxname:124324,"Sars G.O., 1872",Animalia,Echinodermata,Echinoidea,Camarodonta,Strongylocentrotidae,Strongylocentrotus,abundance,Individuals per 1000 square meter,14.382
10/1/2023,SKQ202312S-DBO3.4,SKQ202312S-DBO3.4-Styela rustica,68.137996,-167.492373,17:03:18,Benthos,"Plumb-staff beam trawl,  2.26m opening, 7-mm mesh net, 4-mm cod end liner",Styela rustica,Species,urn:lsid:marinespecies.org:taxname:103937,"Linnaeus, 1767",Animalia,Chordata,Ascidiacea,Stolidobranchia,Styelidae,Styela,abundance,Individuals per 1000 square meter,8.218
10/1/2023,SKQ202312S-DBO3.4,SKQ202312S-DBO3.4-Syllidae,68.137996,-167.492373,17:03:18,Benthos,"Plumb-staff beam trawl,  2.26m opening, 7-mm mesh net, 4-mm cod end liner",Syllidae,Family,urn:lsid:marinespecies.org:taxname:948,"Grube, 1850",Animalia,Annelida,Polychaeta,Phyllodocida,Syllidae,NA,abundance,Individuals per 1000 square meter,2.055
10/1/2023,SKQ202312S-DBO3.4,SKQ202312S-DBO3.4-Tachyrhynchus erosus,68.137996,-167.492373,17:03:18,Benthos,"Plumb-staff beam trawl,  2.26m opening, 7-mm mesh net, 4-mm cod end liner",Tachyrhynchus erosus,Species,urn:lsid:marinespecies.org:taxname:196391,"Couthouy, 1838",Animalia,Mollusca,Gastropoda,Caenogastropoda,Turritellidae,Tachyrhynchus,abundance,Individuals per 1000 square meter,2.055
