eventID ,occurrenceID , eventDate , eventTime ,decimalLatitude ,decimalLongitude ,habitat ,samplingProtocol ,scientificName ,taxonRank ,scientificNameID ,scientificNameAuthorship ,kingdom ,phylum ,class ,order ,family ,genus , measurementType , measurementUnit ,measurementValue
SKQ202412S-DBO1.2,SKQ202412S-DBO1.2-Acanthonotozoma inflatum,8/8/2024,15:24:01,62.05151,-175.217376,Benthos,"Plumb-staff beam trawl,  2.26m opening, 7-mm mesh net, 4-mm cod end liner",Acanthonotozoma inflatum,Species,urn:lsid:marinespecies.org:taxname:101873,"Krøyer, 1842",Animalia,Arthropoda,Malacostraca,Amphipoda,Acanthonotozomatidae,Acanthonotozoma,biomass,Grams per 1000 square meter,0.133734006
SKQ202412S-DBO1.2,SKQ202412S-DBO1.2-Arrhys luthkei,8/8/2024,15:24:01,62.05151,-175.217376,Benthos,"Plumb-staff beam trawl,  2.26m opening, 7-mm mesh net, 4-mm cod end liner",Arrhys luthkei,Species,urn:lsid:marinespecies.org:taxname:423163,"Gurjanova, 1936",Animalia,Arthropoda,Malacostraca,Amphipoda,Oedicerotidae,Arrhis,biomass,Grams per 1000 square meter,0.133734006
SKQ202412S-DBO1.2,SKQ202412S-DBO1.2-Buccinum ciliatum,8/8/2024,15:24:01,62.05151,-175.217376,Benthos,"Plumb-staff beam trawl,  2.26m opening, 7-mm mesh net, 4-mm cod end liner",Buccinum ciliatum,Species,urn:lsid:marinespecies.org:taxname:138860,"O. Fabricius, 1780",Animalia,Mollusca,Gastropoda,Neogastropoda,Buccinidae,Buccinum,biomass,Grams per 1000 square meter,60.18030248
SKQ202412S-DBO1.2,SKQ202412S-DBO1.2-Buccinum plectrum,8/8/2024,15:24:01,62.05151,-175.217376,Benthos,"Plumb-staff beam trawl,  2.26m opening, 7-mm mesh net, 4-mm cod end liner",Buccinum plectrum,Species,urn:lsid:marinespecies.org:taxname:160127,"W. Stimpson, 1865",Animalia,Mollusca,Gastropoda,Neogastropoda,Buccinidae,Buccinum,biomass,Grams per 1000 square meter,8.02404033
SKQ202412S-DBO1.2,SKQ202412S-DBO1.2-Buccinum scalariforme,8/8/2024,15:24:01,62.05151,-175.217376,Benthos,"Plumb-staff beam trawl,  2.26m opening, 7-mm mesh net, 4-mm cod end liner",Buccinum scalariforme,Species,urn:lsid:marinespecies.org:taxname:138875,"Møller, 1842",Animalia,Mollusca,Gastropoda,Neogastropoda,Buccinidae,Buccinum,biomass,Grams per 1000 square meter,18.72276077
SKQ202412S-DBO1.2,SKQ202412S-DBO1.2-Chionoecetes opilio,8/8/2024,15:24:01,62.05151,-175.217376,Benthos,"Plumb-staff beam trawl,  2.26m opening, 7-mm mesh net, 4-mm cod end liner",Chionoecetes opilio,Species,urn:lsid:marinespecies.org:taxname:107315,"Fabricius, 1788",Animalia,Arthropoda,Malacostraca,Decapoda,Oregoniidae,Chionoecetes,biomass,Grams per 1000 square meter,468.0690193
SKQ202412S-DBO1.2,SKQ202412S-DBO1.2-Crangon dalli,8/8/2024,15:24:01,62.05151,-175.217376,Benthos,"Plumb-staff beam trawl,  2.26m opening, 7-mm mesh net, 4-mm cod end liner",Crangon dalli,Species,urn:lsid:marinespecies.org:taxname:254486,"Rathbun, 1902",Animalia,Arthropoda,Malacostraca,Decapoda,Crangonidae,Crangon,biomass,Grams per 1000 square meter,5.34936022
SKQ202412S-DBO1.2,SKQ202412S-DBO1.2-Cryptonatica affinis,8/8/2024,15:24:01,62.05151,-175.217376,Benthos,"Plumb-staff beam trawl,  2.26m opening, 7-mm mesh net, 4-mm cod end liner",Cryptonatica affinis,Species,urn:lsid:marinespecies.org:taxname:140525,"Gmelin, 1791",Animalia,Mollusca,Gastropoda,Littorinimorpha,Naticidae,Cryptonatica,biomass,Grams per 1000 square meter,10.69872044
SKQ202412S-DBO1.2,SKQ202412S-DBO1.2-Eualus gaimardii ,8/8/2024,15:24:01,62.05151,-175.217376,Benthos,"Plumb-staff beam trawl,  2.26m opening, 7-mm mesh net, 4-mm cod end liner",Eualus gaimardii ,Species,urn:lsid:marinespecies.org:taxname:107504,"H. Milne Edwards, 1837",Animalia,Arthropoda,Malacostraca,Decapoda,Thoridae,Eualus,biomass,Grams per 1000 square meter,0.668670028
SKQ202412S-DBO1.2,SKQ202412S-DBO1.2-Eualus macilentus,8/8/2024,15:24:01,62.05151,-175.217376,Benthos,"Plumb-staff beam trawl,  2.26m opening, 7-mm mesh net, 4-mm cod end liner",Eualus macilentus,Species,urn:lsid:marinespecies.org:taxname:158359,"Krøyer, 1841",Animalia,Arthropoda,Malacostraca,Decapoda,Thoridae,Eualus,biomass,Grams per 1000 square meter,21.39744088
SKQ202412S-DBO1.2,SKQ202412S-DBO1.2-Eualus,8/8/2024,15:24:01,62.05151,-175.217376,Benthos,"Plumb-staff beam trawl,  2.26m opening, 7-mm mesh net, 4-mm cod end liner",Eualus,Genus,urn:lsid:marinespecies.org:taxname:106986,"Thallwitz, 1891",Animalia,Arthropoda,Malacostraca,Decapoda,Thoridae,Eualus,biomass,Grams per 1000 square meter,1.337340055
SKQ202412S-DBO1.2,SKQ202412S-DBO1.2-Euspira pallida,8/8/2024,15:24:01,62.05151,-175.217376,Benthos,"Plumb-staff beam trawl,  2.26m opening, 7-mm mesh net, 4-mm cod end liner",Euspira pallida,Species,urn:lsid:marinespecies.org:taxname:140536,"Broderip & G. B. Sowerby I, 1829",Animalia,Mollusca,Gastropoda,Littorinimorpha,Naticidae,Euspira,biomass,Grams per 1000 square meter,4.012020165
SKQ202412S-DBO1.2,SKQ202412S-DBO1.2-Gersemia rubiformis,8/8/2024,15:24:01,62.05151,-175.217376,Benthos,"Plumb-staff beam trawl,  2.26m opening, 7-mm mesh net, 4-mm cod end liner",Gersemia rubiformis,Species,urn:lsid:marinespecies.org:taxname:156103,"Ehrenberg, 1834",Animalia,Cnidaria,Octocorallia,Malacalcyonacea,Alcyoniidae,Gersemia,biomass,Grams per 1000 square meter,16.04808066
SKQ202412S-DBO1.2,SKQ202412S-DBO1.2-Leptasterias groenlandica,8/8/2024,15:24:01,62.05151,-175.217376,Benthos,"Plumb-staff beam trawl,  2.26m opening, 7-mm mesh net, 4-mm cod end liner",Leptasterias groenlandica,Species,urn:lsid:marinespecies.org:taxname:369176,"Steenstrup in Lutken, 1857",Animalia,Echinodermata,Asteroidea,Forcipulatida,Asteriidae,Leptasterias,biomass,Grams per 1000 square meter,4.012020165
SKQ202412S-DBO1.2,SKQ202412S-DBO1.2-Margarites costalis,8/8/2024,15:24:01,62.05151,-175.217376,Benthos,"Plumb-staff beam trawl,  2.26m opening, 7-mm mesh net, 4-mm cod end liner",Margarites costalis,Species,urn:lsid:marinespecies.org:taxname:141819,"A. Gould, 1841",Animalia,Mollusca,Gastropoda,Trochida,Margaritidae,Margarites,biomass,Grams per 1000 square meter,1.337340055
SKQ202412S-DBO1.2,SKQ202412S-DBO1.2-Melita formosa,8/8/2024,15:24:01,62.05151,-175.217376,Benthos,"Plumb-staff beam trawl,  2.26m opening, 7-mm mesh net, 4-mm cod end liner",Quasimelita formosa,Species,urn:lsid:marinespecies.org:taxname:423709,"Murdoch, 1885",Animalia,Arthropoda,Malacostraca,Amphipoda,Melitidae,Quasimelita,biomass,Grams per 1000 square meter,0.668670028
SKQ202412S-DBO1.2,SKQ202412S-DBO1.2-Myriotrochus rinkii,8/8/2024,15:24:01,62.05151,-175.217376,Benthos,"Plumb-staff beam trawl,  2.26m opening, 7-mm mesh net, 4-mm cod end liner",Myriotrochus rinkii,Species,urn:lsid:marinespecies.org:taxname:124446,"Steenstrup, 1851",Animalia,Echinodermata,Holothuroidea,Apodida,Myriotrochidae,Myriotrochus,biomass,Grams per 1000 square meter,22.73478094
SKQ202412S-DBO1.2,SKQ202412S-DBO1.2-Ophiura sarsiii,8/8/2024,15:24:01,62.05151,-175.217376,Benthos,"Plumb-staff beam trawl,  2.26m opening, 7-mm mesh net, 4-mm cod end liner",Ophiura sarsiii,Species,urn:lsid:marinespecies.org:taxname:124934,"Lütken, 1855",Animalia,Echinodermata,Ophiuroidea,Ophiurida,Ophiuridae,Ophiura,biomass,Grams per 1000 square meter,2367.091897
SKQ202412S-DBO1.2,SKQ202412S-DBO1.2-Pagurus capillatus,8/8/2024,15:24:01,62.05151,-175.217376,Benthos,"Plumb-staff beam trawl,  2.26m opening, 7-mm mesh net, 4-mm cod end liner",Pagurus capillatus,Species,urn:lsid:marinespecies.org:taxname:254489,"Benedict, 1892",Animalia,Arthropoda,Malacostraca,Decapoda,Paguridae,Pagurus,biomass,Grams per 1000 square meter,16.04808066
SKQ202412S-DBO1.2,SKQ202412S-DBO1.2-Pandalus borealis eous,8/8/2024,15:24:01,62.05151,-175.217376,Benthos,"Plumb-staff beam trawl,  2.26m opening, 7-mm mesh net, 4-mm cod end liner",Pandalus borealis eous,Species,urn:lsid:marinespecies.org:taxname:515463,"Makarov, 1935",Animalia,Arthropoda,Malacostraca,Decapoda,Pandalidae,Pandalus,biomass,Grams per 1000 square meter,12.0360605
SKQ202412S-DBO1.2,SKQ202412S-DBO1.2-Stomphia,8/8/2024,15:24:01,62.05151,-175.217376,Benthos,"Plumb-staff beam trawl,  2.26m opening, 7-mm mesh net, 4-mm cod end liner",Stomphia,Genus,urn:lsid:marinespecies.org:taxname:100716,"Gosse, 1859",Animalia,Cnidaria,Hexacorallia,Actiniaria,Actinostolidae,Stomphia,biomass,Grams per 1000 square meter,20.06010083
SKQ202412S-DBO1.2,SKQ202412S-DBO1.2-Tubularia,8/8/2024,15:24:01,62.05151,-175.217376,Benthos,"Plumb-staff beam trawl,  2.26m opening, 7-mm mesh net, 4-mm cod end liner",Tubularia,Genus,urn:lsid:marinespecies.org:taxname:117258,"Linnaeus, 1758",Animalia,Cnidaria,Hydrozoa,Anthoathecata,Tubulariidae,Tubularia,biomass,Grams per 1000 square meter,2.67468011
SKQ202412S-DBO1.4,SKQ202412S-DBO1.4-Acanthonotozoma inflatum,8/9/2024,5:37:01,62.391471,-174.557564,Benthos,"Plumb-staff beam trawl,  2.26m opening, 7-mm mesh net, 4-mm cod end liner",Acanthonotozoma inflatum,Species,urn:lsid:marinespecies.org:taxname:101873,"Krøyer, 1842",Animalia,Arthropoda,Malacostraca,Amphipoda,Acanthonotozomatidae,Acanthonotozoma,biomass,Grams per 1000 square meter,0.177436553
SKQ202412S-DBO1.4,SKQ202412S-DBO1.4-Admete viridula,8/9/2024,5:37:01,62.391471,-174.557564,Benthos,"Plumb-staff beam trawl,  2.26m opening, 7-mm mesh net, 4-mm cod end liner",Admete viridula,Species,urn:lsid:marinespecies.org:taxname:138969,"O. Fabricius, 1780",Animalia,Mollusca,Gastropoda,Neogastropoda,Cancellariidae,Admete,biomass,Grams per 1000 square meter,1.774365525
SKQ202412S-DBO1.4,SKQ202412S-DBO1.4-Anonyx,8/9/2024,5:37:01,62.391471,-174.557564,Benthos,"Plumb-staff beam trawl,  2.26m opening, 7-mm mesh net, 4-mm cod end liner",Anonyx,Genus,urn:lsid:marinespecies.org:taxname:101592,"Krøyer, 1838",Animalia,Arthropoda,Malacostraca,Amphipoda,Uristidae,Anonyx,biomass,Grams per 1000 square meter,1.774365525
SKQ202412S-DBO1.4,SKQ202412S-DBO1.4-Argis,8/9/2024,5:37:01,62.391471,-174.557564,Benthos,"Plumb-staff beam trawl,  2.26m opening, 7-mm mesh net, 4-mm cod end liner",Argis,Genus,urn:lsid:marinespecies.org:taxname:107006,"Krøyer, 1843",Animalia,Arthropoda,Malacostraca,Decapoda,Crangonidae,Argis,biomass,Grams per 1000 square meter,19.51802078
SKQ202412S-DBO1.4,SKQ202412S-DBO1.4-Arrhys luthkei,8/9/2024,5:37:01,62.391471,-174.557564,Benthos,"Plumb-staff beam trawl,  2.26m opening, 7-mm mesh net, 4-mm cod end liner",Arrhys luthkei,Species,urn:lsid:marinespecies.org:taxname:423163,"Gurjanova, 1936",Animalia,Arthropoda,Malacostraca,Amphipoda,Oedicerotidae,Arrhis,biomass,Grams per 1000 square meter,3.548731051
SKQ202412S-DBO1.4,SKQ202412S-DBO1.4-Arrhys phylonyx,8/9/2024,5:37:01,62.391471,-174.557564,Benthos,"Plumb-staff beam trawl,  2.26m opening, 7-mm mesh net, 4-mm cod end liner",Arrhys phylonyx,Species,urn:lsid:marinespecies.org:taxname:102870,"M. Sars, 1858",Animalia,Arthropoda,Malacostraca,Amphipoda,Oedicerotidae,Arrhis,biomass,Grams per 1000 square meter,5.323096576
SKQ202412S-DBO1.4,SKQ202412S-DBO1.4-Brada villosa,8/9/2024,5:37:01,62.391471,-174.557564,Benthos,"Plumb-staff beam trawl,  2.26m opening, 7-mm mesh net, 4-mm cod end liner",Bradabyssa villosa,Species,urn:lsid:marinespecies.org:taxname:1355594,"Rathke, 1843",Animalia,Annelida,Polychaeta,Terebellida,Flabelligeridae,Bradabyssa,biomass,Grams per 1000 square meter,8.871827627
SKQ202412S-DBO1.4,SKQ202412S-DBO1.4-Bryozoa soft lobed,8/9/2024,5:37:01,62.391471,-174.557564,Benthos,"Plumb-staff beam trawl,  2.26m opening, 7-mm mesh net, 4-mm cod end liner",Bryozoa soft lobed,Phylum,urn:lsid:marinespecies.org:taxname:146142,n/a,Animalia,Bryozoa,n/a,n/a,n/a,n/a,biomass,Grams per 1000 square meter,1.774365525
SKQ202412S-DBO1.4,SKQ202412S-DBO1.4-Buccinum plectrum,8/9/2024,5:37:01,62.391471,-174.557564,Benthos,"Plumb-staff beam trawl,  2.26m opening, 7-mm mesh net, 4-mm cod end liner",Buccinum plectrum,Species,urn:lsid:marinespecies.org:taxname:160127,"W. Stimpson, 1865",Animalia,Mollusca,Gastropoda,Neogastropoda,Buccinidae,Buccinum,biomass,Grams per 1000 square meter,31.93857946
SKQ202412S-DBO1.4,SKQ202412S-DBO1.4-Buccinum polare,8/9/2024,5:37:01,62.391471,-174.557564,Benthos,"Plumb-staff beam trawl,  2.26m opening, 7-mm mesh net, 4-mm cod end liner",Buccinum polare,Species,urn:lsid:marinespecies.org:taxname:138873,"Gray, 1839",Animalia,Mollusca,Gastropoda,Neogastropoda,Buccinidae,Buccinum,biomass,Grams per 1000 square meter,40.81040708
SKQ202412S-DBO1.4,SKQ202412S-DBO1.4-Chionoecetes opilio,8/9/2024,5:37:01,62.391471,-174.557564,Benthos,"Plumb-staff beam trawl,  2.26m opening, 7-mm mesh net, 4-mm cod end liner",Chionoecetes opilio,Species,urn:lsid:marinespecies.org:taxname:107315,"Fabricius, 1788",Animalia,Arthropoda,Malacostraca,Decapoda,Oregoniidae,Chionoecetes,biomass,Grams per 1000 square meter,209.375132
SKQ202412S-DBO1.4,SKQ202412S-DBO1.4-Cryptonatica affinis,8/9/2024,5:37:01,62.391471,-174.557564,Benthos,"Plumb-staff beam trawl,  2.26m opening, 7-mm mesh net, 4-mm cod end liner",Cryptonatica affinis,Species,urn:lsid:marinespecies.org:taxname:140525,"Gmelin, 1791",Animalia,Mollusca,Gastropoda,Littorinimorpha,Naticidae,Cryptonatica,biomass,Grams per 1000 square meter,76.29771759
SKQ202412S-DBO1.4,SKQ202412S-DBO1.4-Eualus gaimardii ,8/9/2024,5:37:01,62.391471,-174.557564,Benthos,"Plumb-staff beam trawl,  2.26m opening, 7-mm mesh net, 4-mm cod end liner",Eualus gaimardii ,Species,urn:lsid:marinespecies.org:taxname:107504,"H. Milne Edwards, 1837",Animalia,Arthropoda,Malacostraca,Decapoda,Thoridae,Eualus,biomass,Grams per 1000 square meter,35.48731051
SKQ202412S-DBO1.4,SKQ202412S-DBO1.4-Eualus macilentus,8/9/2024,5:37:01,62.391471,-174.557564,Benthos,"Plumb-staff beam trawl,  2.26m opening, 7-mm mesh net, 4-mm cod end liner",Eualus macilentus,Species,urn:lsid:marinespecies.org:taxname:158359,"Krøyer, 1841",Animalia,Arthropoda,Malacostraca,Decapoda,Thoridae,Eualus,biomass,Grams per 1000 square meter,21.2923863
SKQ202412S-DBO1.4,SKQ202412S-DBO1.4-Eualus,8/9/2024,5:37:01,62.391471,-174.557564,Benthos,"Plumb-staff beam trawl,  2.26m opening, 7-mm mesh net, 4-mm cod end liner",Eualus,Genus,urn:lsid:marinespecies.org:taxname:106986,"Thallwitz, 1891",Animalia,Arthropoda,Malacostraca,Decapoda,Thoridae,Eualus,biomass,Grams per 1000 square meter,5.323096576
SKQ202412S-DBO1.4,SKQ202412S-DBO1.4-Eucratea loricata,8/9/2024,5:37:01,62.391471,-174.557564,Benthos,"Plumb-staff beam trawl,  2.26m opening, 7-mm mesh net, 4-mm cod end liner",Eucratea loricata,Species,urn:lsid:marinespecies.org:taxname:111361,"Linnaeus, 1758",Animalia,Bryozoa,Gymnolaemata,Cheilostomatida,Eucrateidae,Eucratea,biomass,Grams per 1000 square meter,21.2923863
SKQ202412S-DBO1.4,SKQ202412S-DBO1.4-Euspira pallida,8/9/2024,5:37:01,62.391471,-174.557564,Benthos,"Plumb-staff beam trawl,  2.26m opening, 7-mm mesh net, 4-mm cod end liner",Euspira pallida,Species,urn:lsid:marinespecies.org:taxname:140536,"Broderip & G. B. Sowerby I, 1829",Animalia,Mollusca,Gastropoda,Littorinimorpha,Naticidae,Euspira,biomass,Grams per 1000 square meter,55.00533129
SKQ202412S-DBO1.4,SKQ202412S-DBO1.4-Gattyana ciliata,8/9/2024,5:37:01,62.391471,-174.557564,Benthos,"Plumb-staff beam trawl,  2.26m opening, 7-mm mesh net, 4-mm cod end liner",Gattyana ciliata,Species,urn:lsid:marinespecies.org:taxname:254456,"Moore, 1902",Animalia,Annelida,Polychaeta,Phyllodocida,Polynoidae,Gattyana,biomass,Grams per 1000 square meter,12.42055868
SKQ202412S-DBO1.4,SKQ202412S-DBO1.4-Gersemia rubiformis,8/9/2024,5:37:01,62.391471,-174.557564,Benthos,"Plumb-staff beam trawl,  2.26m opening, 7-mm mesh net, 4-mm cod end liner",Gersemia rubiformis,Species,urn:lsid:marinespecies.org:taxname:156103,"Ehrenberg, 1834",Animalia,Cnidaria,Octocorallia,Malacalcyonacea,Alcyoniidae,Gersemia,biomass,Grams per 1000 square meter,0.887182763
SKQ202412S-DBO1.4,SKQ202412S-DBO1.4-Harmothoe imbricata,8/9/2024,5:37:01,62.391471,-174.557564,Benthos,"Plumb-staff beam trawl,  2.26m opening, 7-mm mesh net, 4-mm cod end liner",Harmothoe imbricata,Species,urn:lsid:marinespecies.org:taxname:130769,"Linnaeus, 1767",Animalia,Annelida,Polychaeta,Phyllodocida,Polynoidae,Harmothoe,biomass,Grams per 1000 square meter,0.177436553
SKQ202412S-DBO1.4,SKQ202412S-DBO1.4-Leptasterias groenlandica,8/9/2024,5:37:01,62.391471,-174.557564,Benthos,"Plumb-staff beam trawl,  2.26m opening, 7-mm mesh net, 4-mm cod end liner",Leptasterias groenlandica,Species,urn:lsid:marinespecies.org:taxname:369176,"Steenstrup in Lutken, 1857",Animalia,Echinodermata,Asteroidea,Forcipulatida,Asteriidae,Leptasterias,biomass,Grams per 1000 square meter,7.097462102
SKQ202412S-DBO1.4,SKQ202412S-DBO1.4-Leptasterias polaris,8/9/2024,5:37:01,62.391471,-174.557564,Benthos,"Plumb-staff beam trawl,  2.26m opening, 7-mm mesh net, 4-mm cod end liner",Leptasterias (Hexasterias) polaris,Species,urn:lsid:marinespecies.org:taxname:125154,"Müller & Troschel, 1842",Animalia,Echinodermata,Asteroidea,Forcipulatida,Asteriidae,Leptasterias (Hexasterias),biomass,Grams per 1000 square meter,122.4312213
SKQ202412S-DBO1.4,SKQ202412S-DBO1.4-Melita formosa,8/9/2024,5:37:01,62.391471,-174.557564,Benthos,"Plumb-staff beam trawl,  2.26m opening, 7-mm mesh net, 4-mm cod end liner",Quasimelita formosa,Species,urn:lsid:marinespecies.org:taxname:423709,"Murdoch, 1885",Animalia,Arthropoda,Malacostraca,Amphipoda,Melitidae,Quasimelita,biomass,Grams per 1000 square meter,0.177436553
SKQ202412S-DBO1.4,SKQ202412S-DBO1.4-Myriotrochus rinkii,8/9/2024,5:37:01,62.391471,-174.557564,Benthos,"Plumb-staff beam trawl,  2.26m opening, 7-mm mesh net, 4-mm cod end liner",Myriotrochus rinkii,Species,urn:lsid:marinespecies.org:taxname:124446,"Steenstrup, 1851",Animalia,Echinodermata,Holothuroidea,Apodida,Myriotrochidae,Myriotrochus,biomass,Grams per 1000 square meter,7.097462102
SKQ202412S-DBO1.4,SKQ202412S-DBO1.4-Nemertea,8/9/2024,5:37:01,62.391471,-174.557564,Benthos,"Plumb-staff beam trawl,  2.26m opening, 7-mm mesh net, 4-mm cod end liner",Nemertea,Phylum,urn:lsid:marinespecies.org:taxname:152391,n/a,Animalia,Nemertea,n/a,n/a,n/a,n/a,biomass,Grams per 1000 square meter,51.45660024
SKQ202412S-DBO1.4,SKQ202412S-DBO1.4-Neptunea heros,8/9/2024,5:37:01,62.391471,-174.557564,Benthos,"Plumb-staff beam trawl,  2.26m opening, 7-mm mesh net, 4-mm cod end liner",Neptunea heros,Species,urn:lsid:marinespecies.org:taxname:254479,"J. E. Gray, 1850",Animalia,Mollusca,Gastropoda,Neogastropoda,Buccinidae,Neptunea,biomass,Grams per 1000 square meter,15.96928973
SKQ202412S-DBO1.4,SKQ202412S-DBO1.4-Obseotoma tenuilirata,8/9/2024,5:37:01,62.391471,-174.557564,Benthos,"Plumb-staff beam trawl,  2.26m opening, 7-mm mesh net, 4-mm cod end liner",Obesotoma tenuilirata ,Species,urn:lsid:marinespecies.org:taxname:423564  ,"Dall, 1871",Animalia,Mollusca,Gastropoda,Neogastropoda,Mangeliidae,Obesotoma,biomass,Grams per 1000 square meter,1.774365525
SKQ202412S-DBO1.4,SKQ202412S-DBO1.4-Ophiura sarsiii,8/9/2024,5:37:01,62.391471,-174.557564,Benthos,"Plumb-staff beam trawl,  2.26m opening, 7-mm mesh net, 4-mm cod end liner",Ophiura sarsiii,Species,urn:lsid:marinespecies.org:taxname:124934,"Lütken, 1855",Animalia,Echinodermata,Ophiuroidea,Ophiurida,Ophiuridae,Ophiura,biomass,Grams per 1000 square meter,23066.75183
SKQ202412S-DBO1.4,SKQ202412S-DBO1.4-Pandalus goniurus,8/9/2024,5:37:01,62.391471,-174.557564,Benthos,"Plumb-staff beam trawl,  2.26m opening, 7-mm mesh net, 4-mm cod end liner",Pandalus goniurus,Species,urn:lsid:marinespecies.org:taxname:254483,"Stimpson, 1860",Animalia,Arthropoda,Malacostraca,Decapoda,Pandalidae,Pandalus,biomass,Grams per 1000 square meter,1.774365525
SKQ202412S-DBO1.4,SKQ202412S-DBO1.4-Paramphithoe polyacantha,8/9/2024,5:37:01,62.391471,-174.557564,Benthos,"Plumb-staff beam trawl,  2.26m opening, 7-mm mesh net, 4-mm cod end liner",Paramphithoe polyacantha,Species,urn:lsid:marinespecies.org:taxname:102154,"Murdoch, 1885",Animalia,Arthropoda,Malacostraca,Amphipoda,Paramphithoidae,Paramphithoe,biomass,Grams per 1000 square meter,0.177436553
SKQ202412S-DBO1.4,SKQ202412S-DBO1.4-Pontoporeia femorata,8/9/2024,5:37:01,62.391471,-174.557564,Benthos,"Plumb-staff beam trawl,  2.26m opening, 7-mm mesh net, 4-mm cod end liner",Pontoporeia femorata,Species,urn:lsid:marinespecies.org:taxname:103079,"Krøyer, 1842",Animalia,Arthropoda,Malacostraca,Amphipoda,Pontoporeiidae,Pontoporeia,biomass,Grams per 1000 square meter,1.774365525
SKQ202412S-DBO1.4,SKQ202412S-DBO1.4-Propebela nobilis,8/9/2024,5:37:01,62.391471,-174.557564,Benthos,"Plumb-staff beam trawl,  2.26m opening, 7-mm mesh net, 4-mm cod end liner",Propebela nobilis,Species,urn:lsid:marinespecies.org:taxname:160450,"Møller, 1842",Animalia,Mollusca,Gastropoda,Neogastropoda,Mangeliidae,Propebela,biomass,Grams per 1000 square meter,0.177436553
SKQ202412S-DBO1.4,SKQ202412S-DBO1.4-Sertularia robusta,8/9/2024,5:37:01,62.391471,-174.557564,Benthos,"Plumb-staff beam trawl,  2.26m opening, 7-mm mesh net, 4-mm cod end liner",Sertularia robusta,Species,urn:lsid:marinespecies.org:taxname:117923,"Clark, 1877",Animalia,Cnidaria,Hydrozoa,Leptothecata,Sertulariidae,Sertularia,biomass,Grams per 1000 square meter,12.42055868
SKQ202412S-DBO1.4,SKQ202412S-DBO1.4-Spirontocaris,8/9/2024,5:37:01,62.391471,-174.557564,Benthos,"Plumb-staff beam trawl,  2.26m opening, 7-mm mesh net, 4-mm cod end liner",Spirontocaris,Genus,urn:lsid:marinespecies.org:taxname:106994,"Spence Bate, 1888",Animalia,Arthropoda,Malacostraca,Decapoda,Thoridae,Spirontocaris,biomass,Grams per 1000 square meter,1.774365525
SKQ202412S-DBO1.4,SKQ202412S-DBO1.4-Stegocephalidae,8/9/2024,5:37:01,62.391471,-174.557564,Benthos,"Plumb-staff beam trawl,  2.26m opening, 7-mm mesh net, 4-mm cod end liner",Stegocephalidae,Family,urn:lsid:marinespecies.org:taxname:101408,"Dana, 1852",Animalia,Arthropoda,Malacostraca,Amphipoda,Stegocephalidae,n/a,biomass,Grams per 1000 square meter,1.774365525
SKQ202412S-DBO1.4,SKQ202412S-DBO1.4-Stomphia,8/9/2024,5:37:01,62.391471,-174.557564,Benthos,"Plumb-staff beam trawl,  2.26m opening, 7-mm mesh net, 4-mm cod end liner",Stomphia,Genus,urn:lsid:marinespecies.org:taxname:100716,"Gosse, 1859",Animalia,Cnidaria,Hexacorallia,Actiniaria,Actinostolidae,Stomphia,biomass,Grams per 1000 square meter,143.7236076
SKQ202412S-DBO1.4,SKQ202412S-DBO1.4-Tubularia,8/9/2024,5:37:01,62.391471,-174.557564,Benthos,"Plumb-staff beam trawl,  2.26m opening, 7-mm mesh net, 4-mm cod end liner",Tubularia,Genus,urn:lsid:marinespecies.org:taxname:117258,"Linnaeus, 1758",Animalia,Cnidaria,Hydrozoa,Anthoathecata,Tubulariidae,Tubularia,biomass,Grams per 1000 square meter,1.774365525
SKQ202412S-DBO1.8,SKQ202412S-DBO1.8-Admete solida,8/9/2024,19:19:01,63.03474,-173.457279,Benthos,"Plumb-staff beam trawl,  2.26m opening, 7-mm mesh net, 4-mm cod end liner",Admete solida,Species,urn:lsid:marinespecies.org:taxname:576338,"Aurivillius, 1885",Animalia,Mollusca,Gastropoda,Neogastropoda,Cancellariidae,Admete,biomass,Grams per 1000 square meter,24.28693477
SKQ202412S-DBO1.8,SKQ202412S-DBO1.8-Actiniaria,8/9/2024,19:19:01,63.03474,-173.457279,Benthos,"Plumb-staff beam trawl,  2.26m opening, 7-mm mesh net, 4-mm cod end liner",Actiniaria,Order,urn:lsid:marinespecies.org:taxname:1360,"Hertwig, 1882",Animalia,Cnidaria,Hexacorallia,Actiniaria,n/a,n/a,biomass,Grams per 1000 square meter,43.36952637
SKQ202412S-DBO1.8,SKQ202412S-DBO1.8-Anomalisipho martensi,8/9/2024,19:19:01,63.03474,-173.457279,Benthos,"Plumb-staff beam trawl,  2.26m opening, 7-mm mesh net, 4-mm cod end liner",Anomalisipho martensi,Species,urn:lsid:marinespecies.org:taxname:821662,"A. Krause, 1885",Animalia,Mollusca,Gastropoda,Neogastropoda,Buccinidae,Anomalisipho,biomass,Grams per 1000 square meter,6.939124219
SKQ202412S-DBO1.8,SKQ202412S-DBO1.8-Anonyx,8/9/2024,19:19:01,63.03474,-173.457279,Benthos,"Plumb-staff beam trawl,  2.26m opening, 7-mm mesh net, 4-mm cod end liner",Anonyx,Genus,urn:lsid:marinespecies.org:taxname:101592,"Krøyer, 1838",Animalia,Arthropoda,Malacostraca,Amphipoda,Uristidae,Anonyx,biomass,Grams per 1000 square meter,5.204343164
SKQ202412S-DBO1.8,SKQ202412S-DBO1.8-Argis,8/9/2024,19:19:01,63.03474,-173.457279,Benthos,"Plumb-staff beam trawl,  2.26m opening, 7-mm mesh net, 4-mm cod end liner",Argis,Genus,urn:lsid:marinespecies.org:taxname:107006,"Krøyer, 1843",Animalia,Arthropoda,Malacostraca,Decapoda,Crangonidae,Argis,biomass,Grams per 1000 square meter,17.34781055
SKQ202412S-DBO1.8,SKQ202412S-DBO1.8-Arrhys luthkei,8/9/2024,19:19:01,63.03474,-173.457279,Benthos,"Plumb-staff beam trawl,  2.26m opening, 7-mm mesh net, 4-mm cod end liner",Arrhys luthkei,Species,urn:lsid:marinespecies.org:taxname:423163,"Gurjanova, 1936",Animalia,Arthropoda,Malacostraca,Amphipoda,Oedicerotidae,Arrhis,biomass,Grams per 1000 square meter,13.87824844
SKQ202412S-DBO1.8,SKQ202412S-DBO1.8-Balanus crenatus,8/9/2024,19:19:01,63.03474,-173.457279,Benthos,"Plumb-staff beam trawl,  2.26m opening, 7-mm mesh net, 4-mm cod end liner",Balanus crenatus,Species,urn:lsid:marinespecies.org:taxname:106215,"Bruguière, 1789",Animalia,Arthropoda,Thecostraca,Balanomorpha,Balanidae,Balanus,biomass,Grams per 1000 square meter,1.734781055
SKQ202412S-DBO1.8,SKQ202412S-DBO1.8-Chionoecetes opilio,8/9/2024,19:19:01,63.03474,-173.457279,Benthos,"Plumb-staff beam trawl,  2.26m opening, 7-mm mesh net, 4-mm cod end liner",Chionoecetes opilio,Species,urn:lsid:marinespecies.org:taxname:107315,"Fabricius, 1788",Animalia,Arthropoda,Malacostraca,Decapoda,Oregoniidae,Chionoecetes,biomass,Grams per 1000 square meter,199.4998213
SKQ202412S-DBO1.8,SKQ202412S-DBO1.8-Cistenides hyperborea,8/9/2024,19:19:01,63.03474,-173.457279,Benthos,"Plumb-staff beam trawl,  2.26m opening, 7-mm mesh net, 4-mm cod end liner",Cistenides hyperborea,Species,urn:lsid:marinespecies.org:taxname:157317,"Malmgren, 1866",Animalia,Annelida,Polychaeta,Terebellida,Pectinariidae,Cistenides,biomass,Grams per 1000 square meter,57.24777481
SKQ202412S-DBO1.8,SKQ202412S-DBO1.8-Cryptonatica affinis,8/9/2024,19:19:01,63.03474,-173.457279,Benthos,"Plumb-staff beam trawl,  2.26m opening, 7-mm mesh net, 4-mm cod end liner",Cryptonatica affinis,Species,urn:lsid:marinespecies.org:taxname:140525,"Gmelin, 1791",Animalia,Mollusca,Gastropoda,Littorinimorpha,Naticidae,Cryptonatica,biomass,Grams per 1000 square meter,107.5564254
SKQ202412S-DBO1.8,SKQ202412S-DBO1.8-Cylichna alba,8/9/2024,19:19:01,63.03474,-173.457279,Benthos,"Plumb-staff beam trawl,  2.26m opening, 7-mm mesh net, 4-mm cod end liner",Cylichna alba,Species,urn:lsid:marinespecies.org:taxname:139474,"T. Brown, 1827",Animalia,Mollusca,Gastropoda,Cephalaspidea,Cylichnidae,Cylichna,biomass,Grams per 1000 square meter,60.71733692
SKQ202412S-DBO1.8,SKQ202412S-DBO1.8-Cylichnoides occultus,8/9/2024,19:19:01,63.03474,-173.457279,Benthos,"Plumb-staff beam trawl,  2.26m opening, 7-mm mesh net, 4-mm cod end liner",Cylichnoides occultus,Species,urn:lsid:marinespecies.org:taxname:884604,"Mighels & C. B. Adams, 1842",Animalia,Mollusca,Gastropoda,Cephalaspidea,Eoscaphandridae,Cylichnoides,biomass,Grams per 1000 square meter,6.939124219
SKQ202412S-DBO1.8,SKQ202412S-DBO1.8-Eualus gaimardii ,8/9/2024,19:19:01,63.03474,-173.457279,Benthos,"Plumb-staff beam trawl,  2.26m opening, 7-mm mesh net, 4-mm cod end liner",Eualus gaimardii ,Species,urn:lsid:marinespecies.org:taxname:107504,"H. Milne Edwards, 1837",Animalia,Arthropoda,Malacostraca,Decapoda,Thoridae,Eualus,biomass,Grams per 1000 square meter,6.939124219
SKQ202412S-DBO1.8,SKQ202412S-DBO1.8-Eualus macilentus,8/9/2024,19:19:01,63.03474,-173.457279,Benthos,"Plumb-staff beam trawl,  2.26m opening, 7-mm mesh net, 4-mm cod end liner",Eualus macilentus,Species,urn:lsid:marinespecies.org:taxname:158359,"Krøyer, 1841",Animalia,Arthropoda,Malacostraca,Decapoda,Thoridae,Eualus,biomass,Grams per 1000 square meter,38.16518321
SKQ202412S-DBO1.8,SKQ202412S-DBO1.8-Euspira pallida,8/9/2024,19:19:01,63.03474,-173.457279,Benthos,"Plumb-staff beam trawl,  2.26m opening, 7-mm mesh net, 4-mm cod end liner",Euspira pallida,Species,urn:lsid:marinespecies.org:taxname:140536,"Broderip & G. B. Sowerby I, 1829",Animalia,Mollusca,Gastropoda,Littorinimorpha,Naticidae,Euspira,biomass,Grams per 1000 square meter,0.173478105
SKQ202412S-DBO1.8,SKQ202412S-DBO1.8-Gattyana ciliata,8/9/2024,19:19:01,63.03474,-173.457279,Benthos,"Plumb-staff beam trawl,  2.26m opening, 7-mm mesh net, 4-mm cod end liner",Gattyana ciliata,Species,urn:lsid:marinespecies.org:taxname:254456,"Moore, 1902",Animalia,Annelida,Polychaeta,Phyllodocida,Polynoidae,Gattyana,biomass,Grams per 1000 square meter,3.46956211
SKQ202412S-DBO1.8,SKQ202412S-DBO1.8-Harmothoe imbricata,8/9/2024,19:19:01,63.03474,-173.457279,Benthos,"Plumb-staff beam trawl,  2.26m opening, 7-mm mesh net, 4-mm cod end liner",Harmothoe imbricata,Species,urn:lsid:marinespecies.org:taxname:130769,"Linnaeus, 1767",Animalia,Annelida,Polychaeta,Phyllodocida,Polynoidae,Harmothoe,biomass,Grams per 1000 square meter,0.867390527
SKQ202412S-DBO1.8,SKQ202412S-DBO1.8-Margarites costalis,8/9/2024,19:19:01,63.03474,-173.457279,Benthos,"Plumb-staff beam trawl,  2.26m opening, 7-mm mesh net, 4-mm cod end liner",Margarites costalis,Species,urn:lsid:marinespecies.org:taxname:141819,"A. Gould, 1841",Animalia,Mollusca,Gastropoda,Trochida,Margaritidae,Margarites,biomass,Grams per 1000 square meter,8.673905274
SKQ202412S-DBO1.8,SKQ202412S-DBO1.8-Myriotrochus rinkii,8/9/2024,19:19:01,63.03474,-173.457279,Benthos,"Plumb-staff beam trawl,  2.26m opening, 7-mm mesh net, 4-mm cod end liner",Myriotrochus rinkii,Species,urn:lsid:marinespecies.org:taxname:124446,"Steenstrup, 1851",Animalia,Echinodermata,Holothuroidea,Apodida,Myriotrochidae,Myriotrochus,biomass,Grams per 1000 square meter,237.6650045
SKQ202412S-DBO1.8,SKQ202412S-DBO1.8-Nemertea,8/9/2024,19:19:01,63.03474,-173.457279,Benthos,"Plumb-staff beam trawl,  2.26m opening, 7-mm mesh net, 4-mm cod end liner",Nemertea,Phylum,urn:lsid:marinespecies.org:taxname:152391,n/a,Animalia,Nemertea,n/a,n/a,n/a,n/a,biomass,Grams per 1000 square meter,293.1779983
SKQ202412S-DBO1.8,SKQ202412S-DBO1.8-Obseotoma tenuilirata,8/9/2024,19:19:01,63.03474,-173.457279,Benthos,"Plumb-staff beam trawl,  2.26m opening, 7-mm mesh net, 4-mm cod end liner",Obesotoma tenuilirata ,Species,urn:lsid:marinespecies.org:taxname:423564  ,"Dall, 1871",Animalia,Mollusca,Gastropoda,Neogastropoda,Mangeliidae,Obesotoma,biomass,Grams per 1000 square meter,0.173478105
SKQ202412S-DBO1.8,SKQ202412S-DBO1.8-Ophiura sarsiii,8/9/2024,19:19:01,63.03474,-173.457279,Benthos,"Plumb-staff beam trawl,  2.26m opening, 7-mm mesh net, 4-mm cod end liner",Ophiura sarsiii,Species,urn:lsid:marinespecies.org:taxname:124934,"Lütken, 1855",Animalia,Echinodermata,Ophiuroidea,Ophiurida,Ophiuridae,Ophiura,biomass,Grams per 1000 square meter,10580.42965
SKQ202412S-DBO1.8,SKQ202412S-DBO1.8-Pandalus goniurus,8/9/2024,19:19:01,63.03474,-173.457279,Benthos,"Plumb-staff beam trawl,  2.26m opening, 7-mm mesh net, 4-mm cod end liner",Pandalus goniurus,Species,urn:lsid:marinespecies.org:taxname:254483,"Stimpson, 1860",Animalia,Arthropoda,Malacostraca,Decapoda,Pandalidae,Pandalus,biomass,Grams per 1000 square meter,1.734781055
SKQ202412S-DBO1.8,SKQ202412S-DBO1.8-Pontoporeia femorata,8/9/2024,19:19:01,63.03474,-173.457279,Benthos,"Plumb-staff beam trawl,  2.26m opening, 7-mm mesh net, 4-mm cod end liner",Pontoporeia femorata,Species,urn:lsid:marinespecies.org:taxname:103079,"Krøyer, 1842",Animalia,Arthropoda,Malacostraca,Amphipoda,Pontoporeiidae,Pontoporeia,biomass,Grams per 1000 square meter,1.734781055
SKQ202412S-DBO1.8,SKQ202412S-DBO1.8-Propebela arctica,8/9/2024,19:19:01,63.03474,-173.457279,Benthos,"Plumb-staff beam trawl,  2.26m opening, 7-mm mesh net, 4-mm cod end liner",Propebela arctica,Species,urn:lsid:marinespecies.org:taxname:367571,"A. Adams, 1855",Animalia,Mollusca,Gastropoda,Neogastropoda,Mangeliidae,Propebela,biomass,Grams per 1000 square meter,0.173478105
SKQ202412S-DBO1.8,SKQ202412S-DBO1.8-Synidotea bicuspida,8/9/2024,19:19:01,63.03474,-173.457279,Benthos,"Plumb-staff beam trawl,  2.26m opening, 7-mm mesh net, 4-mm cod end liner",Synidotea bicuspida,Species,urn:lsid:marinespecies.org:taxname:156445,"Owen, 1839",Animalia,Arthropoda,Malacostraca,Isopoda,Idoteidae,Synidotea,biomass,Grams per 1000 square meter,1.734781055
SKQ202412S-DBO1.8,SKQ202412S-DBO1.8-Synidotea,8/9/2024,19:19:01,63.03474,-173.457279,Benthos,"Plumb-staff beam trawl,  2.26m opening, 7-mm mesh net, 4-mm cod end liner",Synidotea,Genus,urn:lsid:marinespecies.org:taxname:118456,"Harger, 1878",Animalia,Arthropoda,Malacostraca,Isopoda,Idoteidae,Synidotea,biomass,Grams per 1000 square meter,0.867390527
SKQ202412S-DBO1.8,SKQ202412S-DBO1.8-Tachyrhynchus erosus,8/9/2024,19:19:01,63.03474,-173.457279,Benthos,"Plumb-staff beam trawl,  2.26m opening, 7-mm mesh net, 4-mm cod end liner",Tachyrhynchus erosus,Species,urn:lsid:marinespecies.org:taxname:196391,"Couthouy, 1838",Animalia,Mollusca,Gastropoda,Caenogastropoda incertae sedis,Turritellidae,Tachyrhynchus,biomass,Grams per 1000 square meter,36.43040215
SKQ202412S-DBO2.3,SKQ202412S-DBO2.3-Alcyonidium gelatinosum,8/11/2024,4:11:00,64.670666,-168.243804,Benthos,"Plumb-staff beam trawl,  2.26m opening, 7-mm mesh net, 4-mm cod end liner",Alcyonidium gelatinosum,Species,urn:lsid:marinespecies.org:taxname:111600,"Linnaeus, 1761",Animalia,Bryozoa,Gymnolaemata,Ctenostomatida,Alcyonidiidae,Alcyonidium,biomass,Grams per 1000 square meter,8201.559741
SKQ202412S-DBO2.3,SKQ202412S-DBO2.3-Actiniaria,8/11/2024,4:11:00,64.670666,-168.243804,Benthos,"Plumb-staff beam trawl,  2.26m opening, 7-mm mesh net, 4-mm cod end liner",Actiniaria,Order,urn:lsid:marinespecies.org:taxname:1360,"Hertwig, 1882",Animalia,Cnidaria,Hexacorallia,Actiniaria,n/a,n/a,biomass,Grams per 1000 square meter,235.2330919
SKQ202412S-DBO2.3,SKQ202412S-DBO2.3-Arctonoe vittata,8/11/2024,4:11:00,64.670666,-168.243804,Benthos,"Plumb-staff beam trawl,  2.26m opening, 7-mm mesh net, 4-mm cod end liner",Arctonoe vittata,Species,urn:lsid:marinespecies.org:taxname:254301,"Grube, 1855",Animalia,Annelida,Polychaeta,Phyllodocida,Polynoidae,Arctonoe,biomass,Grams per 1000 square meter,0.175547083
SKQ202412S-DBO2.3,SKQ202412S-DBO2.3-Argis,8/11/2024,4:11:00,64.670666,-168.243804,Benthos,"Plumb-staff beam trawl,  2.26m opening, 7-mm mesh net, 4-mm cod end liner",Argis,Genus,urn:lsid:marinespecies.org:taxname:107006,"Krøyer, 1843",Animalia,Arthropoda,Malacostraca,Decapoda,Crangonidae,Argis,biomass,Grams per 1000 square meter,214.1674419
SKQ202412S-DBO2.3,SKQ202412S-DBO2.3-Balanus crenatus,8/11/2024,4:11:00,64.670666,-168.243804,Benthos,"Plumb-staff beam trawl,  2.26m opening, 7-mm mesh net, 4-mm cod end liner",Balanus crenatus,Species,urn:lsid:marinespecies.org:taxname:106215,"Bruguière, 1789",Animalia,Arthropoda,Thecostraca,Balanomorpha,Balanidae,Balanus,biomass,Grams per 1000 square meter,1.755470835
SKQ202412S-DBO2.3,SKQ202412S-DBO2.3-Bryozoa soft lobed,8/11/2024,4:11:00,64.670666,-168.243804,Benthos,"Plumb-staff beam trawl,  2.26m opening, 7-mm mesh net, 4-mm cod end liner",Bryozoa soft lobed,Phylum,urn:lsid:marinespecies.org:taxname:146142,n/a,Animalia,Bryozoa,n/a,n/a,n/a,n/a,biomass,Grams per 1000 square meter,15.79923751
SKQ202412S-DBO2.3,SKQ202412S-DBO2.3-Bryozoa,8/11/2024,4:11:00,64.670666,-168.243804,Benthos,"Plumb-staff beam trawl,  2.26m opening, 7-mm mesh net, 4-mm cod end liner",Bryozoa,Phylum,urn:lsid:marinespecies.org:taxname:146142,n/a,Animalia,Bryozoa,n/a,n/a,n/a,n/a,biomass,Grams per 1000 square meter,26.33206252
SKQ202412S-DBO2.3,SKQ202412S-DBO2.3-Candelabrum,8/11/2024,4:11:00,64.670666,-168.243804,Benthos,"Plumb-staff beam trawl,  2.26m opening, 7-mm mesh net, 4-mm cod end liner",Candelabrum,Genus,urn:lsid:marinespecies.org:taxname:117046,"de Blainville, 1830",Animalia,Cnidaria,Hydrozoa,Anthoathecata,Candelabridae,Candelabrum,biomass,Grams per 1000 square meter,1.755470835
SKQ202412S-DBO2.3,SKQ202412S-DBO2.3-Caprellidae,8/11/2024,4:11:00,64.670666,-168.243804,Benthos,"Plumb-staff beam trawl,  2.26m opening, 7-mm mesh net, 4-mm cod end liner",Caprellidae,Genus,urn:lsid:marinespecies.org:taxname:101361,"Leach, 1814",Animalia,Arthropoda,Malacostraca,Amphipoda,Caprellidae,n/a,biomass,Grams per 1000 square meter,0.175547083
SKQ202412S-DBO2.3,SKQ202412S-DBO2.3-Chionoecetes opilio,8/11/2024,4:11:00,64.670666,-168.243804,Benthos,"Plumb-staff beam trawl,  2.26m opening, 7-mm mesh net, 4-mm cod end liner",Chionoecetes opilio,Species,urn:lsid:marinespecies.org:taxname:107315,"Fabricius, 1788",Animalia,Arthropoda,Malacostraca,Decapoda,Oregoniidae,Chionoecetes,biomass,Grams per 1000 square meter,49.15318338
SKQ202412S-DBO2.3,SKQ202412S-DBO2.3-Distaplia alaskensis,8/11/2024,4:11:00,64.670666,-168.243804,Benthos,"Plumb-staff beam trawl,  2.26m opening, 7-mm mesh net, 4-mm cod end liner",Distaplia alaskensis,Species,urn:lsid:marinespecies.org:taxname:250424,"Lambert & Sanamyan, 2001",Animalia,Chordata,Ascidiacea,Aplousobranchia,Holozoidae,Distaplia,biomass,Grams per 1000 square meter,516.1084255
SKQ202412S-DBO2.3,SKQ202412S-DBO2.3-Erichthonius,8/11/2024,4:11:00,64.670666,-168.243804,Benthos,"Plumb-staff beam trawl,  2.26m opening, 7-mm mesh net, 4-mm cod end liner",Erichthonius,Species,urn:lsid:marinespecies.org:taxname:101567,"H. Milne Edwards, 1830",Animalia,Arthropoda,Malacostraca,Amphipoda,Ischyroceridae,Erichthonius,biomass,Grams per 1000 square meter,1.755470835
SKQ202412S-DBO2.3,SKQ202412S-DBO2.3-Eualus gaimardii ,8/11/2024,4:11:00,64.670666,-168.243804,Benthos,"Plumb-staff beam trawl,  2.26m opening, 7-mm mesh net, 4-mm cod end liner",Eualus gaimardii ,Species,urn:lsid:marinespecies.org:taxname:107504,"H. Milne Edwards, 1837",Animalia,Arthropoda,Malacostraca,Decapoda,Thoridae,Eualus,biomass,Grams per 1000 square meter,249.2768586
SKQ202412S-DBO2.3,SKQ202412S-DBO2.3-Eualus macilentus,8/11/2024,4:11:00,64.670666,-168.243804,Benthos,"Plumb-staff beam trawl,  2.26m opening, 7-mm mesh net, 4-mm cod end liner",Eualus macilentus,Species,urn:lsid:marinespecies.org:taxname:158359,"Krøyer, 1841",Animalia,Arthropoda,Malacostraca,Decapoda,Thoridae,Eualus,biomass,Grams per 1000 square meter,22.82112085
SKQ202412S-DBO2.3,SKQ202412S-DBO2.3-Eucratea loricata,8/11/2024,4:11:00,64.670666,-168.243804,Benthos,"Plumb-staff beam trawl,  2.26m opening, 7-mm mesh net, 4-mm cod end liner",Eucratea loricata,Species,urn:lsid:marinespecies.org:taxname:111361,"Linnaeus, 1758",Animalia,Bryozoa,Gymnolaemata,Cheilostomatida,Eucrateidae,Eucratea,biomass,Grams per 1000 square meter,1.755470835
SKQ202412S-DBO2.3,SKQ202412S-DBO2.3-Flabellina,8/11/2024,4:11:00,64.670666,-168.243804,Benthos,"Plumb-staff beam trawl,  2.26m opening, 7-mm mesh net, 4-mm cod end liner",Flabellina,Genus,urn:lsid:marinespecies.org:taxname:138019,"McMurtrie, 1831",Animalia,Mollusca,Gastropoda,Nudibranchia,Flabellinidae,Flabellina,biomass,Grams per 1000 square meter,0.175547083
SKQ202412S-DBO2.3,SKQ202412S-DBO2.3-Gersemia rubiformis,8/11/2024,4:11:00,64.670666,-168.243804,Benthos,"Plumb-staff beam trawl,  2.26m opening, 7-mm mesh net, 4-mm cod end liner",Gersemia rubiformis,Species,urn:lsid:marinespecies.org:taxname:156103,"Ehrenberg, 1834",Animalia,Cnidaria,Octocorallia,Malacalcyonacea,Alcyoniidae,Gersemia,biomass,Grams per 1000 square meter,138.682196
SKQ202412S-DBO2.3,SKQ202412S-DBO2.3-Halirages,8/11/2024,4:11:00,64.670666,-168.243804,Benthos,"Plumb-staff beam trawl,  2.26m opening, 7-mm mesh net, 4-mm cod end liner",Halirages,Genus,urn:lsid:marinespecies.org:taxname:101520,"Boeck, 1871",Animalia,Arthropoda,Malacostraca,Amphipoda,Calliopiidae,Halirages,biomass,Grams per 1000 square meter,0.175547083
SKQ202412S-DBO2.3,SKQ202412S-DBO2.3-Henricia tumida,8/11/2024,4:11:00,64.670666,-168.243804,Benthos,"Plumb-staff beam trawl,  2.26m opening, 7-mm mesh net, 4-mm cod end liner",Henricia tumida,Species,urn:lsid:marinespecies.org:taxname:369147,"Verrill, 1909",Animalia,Echinodermata,Asteroidea,Spinulosida,Echinasteridae,Henricia,biomass,Grams per 1000 square meter,12.28829584
SKQ202412S-DBO2.3,SKQ202412S-DBO2.3-Hyas coarctatus,8/11/2024,4:11:00,64.670666,-168.243804,Benthos,"Plumb-staff beam trawl,  2.26m opening, 7-mm mesh net, 4-mm cod end liner",Hyas coarctatus,Species,urn:lsid:marinespecies.org:taxname:107323,"Leach, 1815",Animalia,Arthropoda,Malacostraca,Decapoda,Oregoniidae,Hyas,biomass,Grams per 1000 square meter,307.2073961
SKQ202412S-DBO2.3,SKQ202412S-DBO2.3-Hydroidea,8/11/2024,4:11:00,64.670666,-168.243804,Benthos,"Plumb-staff beam trawl,  2.26m opening, 7-mm mesh net, 4-mm cod end liner",Hydrozoa,Class,urn:lsid:marinespecies.org:taxname:1337,"Owen, 1843",Animalia,Cnidaria,Hydrozoa,n/a,n/a,n/a,biomass,Grams per 1000 square meter,52.66412505
SKQ202412S-DBO2.3,SKQ202412S-DBO2.3-Lepidepecreum eoum,8/11/2024,4:11:00,64.670666,-168.243804,Benthos,"Plumb-staff beam trawl,  2.26m opening, 7-mm mesh net, 4-mm cod end liner",Lepidepecreum eoum,Species,urn:lsid:marinespecies.org:taxname:526370,"Gurjanova, 1938",Animalia,Arthropoda,Malacostraca,Amphipoda,Tryphosidae,Lepidepecreum,biomass,Grams per 1000 square meter,1.755470835
SKQ202412S-DBO2.3,SKQ202412S-DBO2.3-Leptasterias polaris,8/11/2024,4:11:00,64.670666,-168.243804,Benthos,"Plumb-staff beam trawl,  2.26m opening, 7-mm mesh net, 4-mm cod end liner",Leptasterias (Hexasterias) polaris,Species,urn:lsid:marinespecies.org:taxname:125154,"Müller & Troschel, 1842",Animalia,Echinodermata,Asteroidea,Forcipulatida,Asteriidae,Leptasterias (Hexasterias),biomass,Grams per 1000 square meter,709.2102173
SKQ202412S-DBO2.3,SKQ202412S-DBO2.3-Lethasterias nanimensis,8/11/2024,4:11:00,64.670666,-168.243804,Benthos,"Plumb-staff beam trawl,  2.26m opening, 7-mm mesh net, 4-mm cod end liner",Lethasterias nanimensis,Species,urn:lsid:marinespecies.org:taxname:254499,"Verrill, 1914",Animalia,Echinodermata,Asteroidea,Forcipulatida,Asteriidae,Lethasterias,biomass,Grams per 1000 square meter,912.8448342
SKQ202412S-DBO2.3,SKQ202412S-DBO2.3-Margarites costalis,8/11/2024,4:11:00,64.670666,-168.243804,Benthos,"Plumb-staff beam trawl,  2.26m opening, 7-mm mesh net, 4-mm cod end liner",Margarites costalis,Species,urn:lsid:marinespecies.org:taxname:141819,"A. Gould, 1841",Animalia,Mollusca,Gastropoda,Trochida,Margaritidae,Margarites,biomass,Grams per 1000 square meter,0.175547083
SKQ202412S-DBO2.3,SKQ202412S-DBO2.3-Nemertea,8/11/2024,4:11:00,64.670666,-168.243804,Benthos,"Plumb-staff beam trawl,  2.26m opening, 7-mm mesh net, 4-mm cod end liner",Nemertea,Phylum,urn:lsid:marinespecies.org:taxname:152391,n/a,Animalia,Nemertea,n/a,n/a,n/a,n/a,biomass,Grams per 1000 square meter,5.266412505
SKQ202412S-DBO2.3,SKQ202412S-DBO2.3-Neptunea heros,8/11/2024,4:11:00,64.670666,-168.243804,Benthos,"Plumb-staff beam trawl,  2.26m opening, 7-mm mesh net, 4-mm cod end liner",Neptunea heros,Species,urn:lsid:marinespecies.org:taxname:254479,"J. E. Gray, 1850",Animalia,Mollusca,Gastropoda,Neogastropoda,Buccinidae,Neptunea,biomass,Grams per 1000 square meter,57.93053755
SKQ202412S-DBO2.3,SKQ202412S-DBO2.3-Nymphon,8/11/2024,4:11:00,64.670666,-168.243804,Benthos,"Plumb-staff beam trawl,  2.26m opening, 7-mm mesh net, 4-mm cod end liner",Nymphon,Genus,urn:lsid:marinespecies.org:taxname:134591,"Fabricius, 1794",Animalia,Arthropoda,Pycnogonida,Pantopoda,Nymphonidae,Nymphon,biomass,Grams per 1000 square meter,0.175547083
SKQ202412S-DBO2.3,SKQ202412S-DBO2.3-Obesotoma,8/11/2024,4:11:00,64.670666,-168.243804,Benthos,"Plumb-staff beam trawl,  2.26m opening, 7-mm mesh net, 4-mm cod end liner",Obesotoma,Genus,urn:lsid:marinespecies.org:taxname:137825,"Bartsch, 1941",Animalia,Mollusca,Gastropoda,Neogastropoda,Mangeliidae,Obesotoma,biomass,Grams per 1000 square meter,0.175547083
SKQ202412S-DBO2.3,SKQ202412S-DBO2.3-Ophiocten sericeum,8/11/2024,4:11:00,64.670666,-168.243804,Benthos,"Plumb-staff beam trawl,  2.26m opening, 7-mm mesh net, 4-mm cod end liner",Ophiocten sericeum,Species,urn:lsid:marinespecies.org:taxname:124860,"Forbes, 1852",Animalia,Echinodermata,Ophiuroidea,Ophiurida,Ophiuridae,Ophiocten,biomass,Grams per 1000 square meter,21.06565002
SKQ202412S-DBO2.3,SKQ202412S-DBO2.3-Ophiura sarsiii,8/11/2024,4:11:00,64.670666,-168.243804,Benthos,"Plumb-staff beam trawl,  2.26m opening, 7-mm mesh net, 4-mm cod end liner",Ophiura sarsiii,Species,urn:lsid:marinespecies.org:taxname:124934,"Lütken, 1855",Animalia,Echinodermata,Ophiuroidea,Ophiurida,Ophiuridae,Ophiura,biomass,Grams per 1000 square meter,8.777354175
SKQ202412S-DBO2.3,SKQ202412S-DBO2.3-Pagurus trigonocheirus,8/11/2024,4:11:00,64.670666,-168.243804,Benthos,"Plumb-staff beam trawl,  2.26m opening, 7-mm mesh net, 4-mm cod end liner",Pagurus trigonocheirus,Species,urn:lsid:marinespecies.org:taxname:254490,"Stimpson, 1858",Animalia,Arthropoda,Malacostraca,Decapoda,Paguridae,Pagurus,biomass,Grams per 1000 square meter,8.777354175
SKQ202412S-DBO2.3,SKQ202412S-DBO2.3-Pandalus borealis eous,8/11/2024,4:11:00,64.670666,-168.243804,Benthos,"Plumb-staff beam trawl,  2.26m opening, 7-mm mesh net, 4-mm cod end liner",Pandalus borealis eous,Species,urn:lsid:marinespecies.org:taxname:515463,"Makarov, 1935",Animalia,Arthropoda,Malacostraca,Decapoda,Pandalidae,Pandalus,biomass,Grams per 1000 square meter,70.2188334
SKQ202412S-DBO2.3,SKQ202412S-DBO2.3-Polynoidae,8/11/2024,4:11:00,64.670666,-168.243804,Benthos,"Plumb-staff beam trawl,  2.26m opening, 7-mm mesh net, 4-mm cod end liner",Polynoidae,Family,urn:lsid:marinespecies.org:taxname:939,"Kinberg, 1856",Animalia,Annelida,Polychaeta,Phyllodocida,Polynoidae,n/a,biomass,Grams per 1000 square meter,0.175547083
SKQ202412S-DBO2.3,SKQ202412S-DBO2.3-Sertularia robusta,8/11/2024,4:11:00,64.670666,-168.243804,Benthos,"Plumb-staff beam trawl,  2.26m opening, 7-mm mesh net, 4-mm cod end liner",Sertularia robusta,Species,urn:lsid:marinespecies.org:taxname:117923,"Clark, 1877",Animalia,Cnidaria,Hydrozoa,Leptothecata,Sertulariidae,Sertularia,biomass,Grams per 1000 square meter,1.755470835
SKQ202412S-DBO2.3,SKQ202412S-DBO2.3-Spirontocaris,8/11/2024,4:11:00,64.670666,-168.243804,Benthos,"Plumb-staff beam trawl,  2.26m opening, 7-mm mesh net, 4-mm cod end liner",Spirontocaris,Genus,urn:lsid:marinespecies.org:taxname:106994,"Spence Bate, 1888",Animalia,Arthropoda,Malacostraca,Decapoda,Thoridae,Spirontocaris,biomass,Grams per 1000 square meter,0.175547083
SKQ202412S-DBO2.3,SKQ202412S-DBO2.3-Stomphia,8/11/2024,4:11:00,64.670666,-168.243804,Benthos,"Plumb-staff beam trawl,  2.26m opening, 7-mm mesh net, 4-mm cod end liner",Stomphia,Genus,urn:lsid:marinespecies.org:taxname:100716,"Gosse, 1859",Animalia,Cnidaria,Hexacorallia,Actiniaria,Actinostolidae,Stomphia,biomass,Grams per 1000 square meter,431.8458254
SKQ202412S-DBO2.3,SKQ202412S-DBO2.3-Styela rustica,8/11/2024,4:11:00,64.670666,-168.243804,Benthos,"Plumb-staff beam trawl,  2.26m opening, 7-mm mesh net, 4-mm cod end liner",Styela rustica,Species,urn:lsid:marinespecies.org:taxname:103937,"Linnaeus, 1767",Animalia,Chordata,Ascidiacea,Stolidobranchia,Styelidae,Styela,biomass,Grams per 1000 square meter,10.53282501
SKQ202412S-DBO2.3,SKQ202412S-DBO2.3-Synoicum pulmonaria,8/11/2024,4:11:00,64.670666,-168.243804,Benthos,"Plumb-staff beam trawl,  2.26m opening, 7-mm mesh net, 4-mm cod end liner",Synoicum pulmonaria,Species,urn:lsid:marinespecies.org:taxname:103692,"Ellis & Solander, 1786",Animalia,Chordata,Ascidiacea,Aplousobranchia,Polyclinidae,Synoicum,biomass,Grams per 1000 square meter,29.84300419
SKQ202412S-DBO2.3,SKQ202412S-DBO2.3-Synidotea,8/11/2024,4:11:00,64.670666,-168.243804,Benthos,"Plumb-staff beam trawl,  2.26m opening, 7-mm mesh net, 4-mm cod end liner",Synidotea,Genus,urn:lsid:marinespecies.org:taxname:118456,"Harger, 1878",Animalia,Arthropoda,Malacostraca,Isopoda,Idoteidae,Synidotea,biomass,Grams per 1000 square meter,0.175547083
SKQ202412S-DBO2.3,SKQ202412S-DBO2.3-Tubularia,8/11/2024,4:11:00,64.670666,-168.243804,Benthos,"Plumb-staff beam trawl,  2.26m opening, 7-mm mesh net, 4-mm cod end liner",Tubularia,Genus,urn:lsid:marinespecies.org:taxname:117258,"Linnaeus, 1758",Animalia,Cnidaria,Hydrozoa,Anthoathecata,Tubulariidae,Tubularia,biomass,Grams per 1000 square meter,8.777354175
SKQ202412S-DBO2.2,SKQ202412S-DBO2.2-Alcyonidium gelatinosum,8/11/2024,9:24:00,64.680353,-169.110484,Benthos,"Plumb-staff beam trawl,  2.26m opening, 7-mm mesh net, 4-mm cod end liner",Alcyonidium gelatinosum,Species,urn:lsid:marinespecies.org:taxname:111600,"Linnaeus, 1761",Animalia,Bryozoa,Gymnolaemata,Ctenostomatida,Alcyonidiidae,Alcyonidium,biomass,Grams per 1000 square meter,6267.554459
SKQ202412S-DBO2.2,SKQ202412S-DBO2.2-Actiniaria,8/11/2024,9:24:00,64.680353,-169.110484,Benthos,"Plumb-staff beam trawl,  2.26m opening, 7-mm mesh net, 4-mm cod end liner",Actiniaria,Order,urn:lsid:marinespecies.org:taxname:1360,"Hertwig, 1882",Animalia,Cnidaria,Hexacorallia,Actiniaria,n/a,n/a,biomass,Grams per 1000 square meter,260.2274863
SKQ202412S-DBO2.2,SKQ202412S-DBO2.2-Arctolembos arcticus,8/11/2024,9:24:00,64.680353,-169.110484,Benthos,"Plumb-staff beam trawl,  2.26m opening, 7-mm mesh net, 4-mm cod end liner",Arctolembos arcticus,Species,urn:lsid:marinespecies.org:taxname:102014,"Hansen, 1888",Animalia,Arthropoda,Malacostraca,Amphipoda,Aoridae,Arctolembos,biomass,Grams per 1000 square meter,2.454976286
SKQ202412S-DBO2.2,SKQ202412S-DBO2.2-Argis,8/11/2024,9:24:00,64.680353,-169.110484,Benthos,"Plumb-staff beam trawl,  2.26m opening, 7-mm mesh net, 4-mm cod end liner",Argis,Genus,urn:lsid:marinespecies.org:taxname:107006,"Krøyer, 1843",Animalia,Arthropoda,Malacostraca,Decapoda,Crangonidae,Argis,biomass,Grams per 1000 square meter,90.83412259
SKQ202412S-DBO2.2,SKQ202412S-DBO2.2-Balanus crenatus,8/11/2024,9:24:00,64.680353,-169.110484,Benthos,"Plumb-staff beam trawl,  2.26m opening, 7-mm mesh net, 4-mm cod end liner",Balanus crenatus,Species,urn:lsid:marinespecies.org:taxname:106215,"Bruguière, 1789",Animalia,Arthropoda,Thecostraca,Balanomorpha,Balanidae,Balanus,biomass,Grams per 1000 square meter,12.27488143
SKQ202412S-DBO2.2,SKQ202412S-DBO2.2-Bryozoa,8/11/2024,9:24:00,64.680353,-169.110484,Benthos,"Plumb-staff beam trawl,  2.26m opening, 7-mm mesh net, 4-mm cod end liner",Bryozoa,Phylum,urn:lsid:marinespecies.org:taxname:146142,n/a,Animalia,Bryozoa,n/a,n/a,n/a,n/a,biomass,Grams per 1000 square meter,36.82464429
SKQ202412S-DBO2.2,SKQ202412S-DBO2.2-Buccinum scalariforme,8/11/2024,9:24:00,64.680353,-169.110484,Benthos,"Plumb-staff beam trawl,  2.26m opening, 7-mm mesh net, 4-mm cod end liner",Buccinum scalariforme,Species,urn:lsid:marinespecies.org:taxname:138875,"Møller, 1842",Animalia,Mollusca,Gastropoda,Neogastropoda,Buccinidae,Buccinum,biomass,Grams per 1000 square meter,14.72985772
SKQ202412S-DBO2.2,SKQ202412S-DBO2.2-Buccinum solenum,8/11/2024,9:24:00,64.680353,-169.110484,Benthos,"Plumb-staff beam trawl,  2.26m opening, 7-mm mesh net, 4-mm cod end liner",Buccinum terraenovae,Species,urn:lsid:marinespecies.org:taxname:490864,"Mörch, 1869",Animalia,Mollusca,Gastropoda,Neogastropoda,Buccinidae,Buccinum,biomass,Grams per 1000 square meter,7.364928859
SKQ202412S-DBO2.2,SKQ202412S-DBO2.2-Chionoecetes opilio,8/11/2024,9:24:00,64.680353,-169.110484,Benthos,"Plumb-staff beam trawl,  2.26m opening, 7-mm mesh net, 4-mm cod end liner",Chionoecetes opilio,Species,urn:lsid:marinespecies.org:taxname:107315,"Fabricius, 1788",Animalia,Arthropoda,Malacostraca,Decapoda,Oregoniidae,Chionoecetes,biomass,Grams per 1000 square meter,422.2559212
SKQ202412S-DBO2.2,SKQ202412S-DBO2.2-Crangon dalli,8/11/2024,9:24:00,64.680353,-169.110484,Benthos,"Plumb-staff beam trawl,  2.26m opening, 7-mm mesh net, 4-mm cod end liner",Crangon dalli,Species,urn:lsid:marinespecies.org:taxname:254486,"Rathbun, 1902",Animalia,Arthropoda,Malacostraca,Decapoda,Crangonidae,Crangon,biomass,Grams per 1000 square meter,7.364928859
SKQ202412S-DBO2.2,SKQ202412S-DBO2.2-Distaplia alaskensis,8/11/2024,9:24:00,64.680353,-169.110484,Benthos,"Plumb-staff beam trawl,  2.26m opening, 7-mm mesh net, 4-mm cod end liner",Distaplia alaskensis,Species,urn:lsid:marinespecies.org:taxname:250424,"Lambert & Sanamyan, 2001",Animalia,Chordata,Ascidiacea,Aplousobranchia,Holozoidae,Distaplia,biomass,Grams per 1000 square meter,4.909952573
SKQ202412S-DBO2.2,SKQ202412S-DBO2.2-Eualus gaimardii ,8/11/2024,9:24:00,64.680353,-169.110484,Benthos,"Plumb-staff beam trawl,  2.26m opening, 7-mm mesh net, 4-mm cod end liner",Eualus gaimardii ,Species,urn:lsid:marinespecies.org:taxname:107504,"H. Milne Edwards, 1837",Animalia,Arthropoda,Malacostraca,Decapoda,Thoridae,Eualus,biomass,Grams per 1000 square meter,223.4028421
SKQ202412S-DBO2.2,SKQ202412S-DBO2.2-Eualus macilentus,8/11/2024,9:24:00,64.680353,-169.110484,Benthos,"Plumb-staff beam trawl,  2.26m opening, 7-mm mesh net, 4-mm cod end liner",Eualus macilentus,Species,urn:lsid:marinespecies.org:taxname:158359,"Krøyer, 1841",Animalia,Arthropoda,Malacostraca,Decapoda,Thoridae,Eualus,biomass,Grams per 1000 square meter,7.364928859
SKQ202412S-DBO2.2,SKQ202412S-DBO2.2-Harmothoe imbricata,8/11/2024,9:24:00,64.680353,-169.110484,Benthos,"Plumb-staff beam trawl,  2.26m opening, 7-mm mesh net, 4-mm cod end liner",Harmothoe imbricata,Species,urn:lsid:marinespecies.org:taxname:130769,"Linnaeus, 1767",Animalia,Annelida,Polychaeta,Phyllodocida,Polynoidae,Harmothoe,biomass,Grams per 1000 square meter,4.909952573
SKQ202412S-DBO2.2,SKQ202412S-DBO2.2-Hyas coarctatus,8/11/2024,9:24:00,64.680353,-169.110484,Benthos,"Plumb-staff beam trawl,  2.26m opening, 7-mm mesh net, 4-mm cod end liner",Hyas coarctatus,Species,urn:lsid:marinespecies.org:taxname:107323,"Leach, 1815",Animalia,Arthropoda,Malacostraca,Decapoda,Oregoniidae,Hyas,biomass,Grams per 1000 square meter,233.2227472
SKQ202412S-DBO2.2,SKQ202412S-DBO2.2-Hydroidea,8/11/2024,9:24:00,64.680353,-169.110484,Benthos,"Plumb-staff beam trawl,  2.26m opening, 7-mm mesh net, 4-mm cod end liner",Hydrozoa,Class,urn:lsid:marinespecies.org:taxname:1337,"Owen, 1843",Animalia,Cnidaria,Hydrozoa,n/a,n/a,n/a,biomass,Grams per 1000 square meter,2.454976286
SKQ202412S-DBO2.2,SKQ202412S-DBO2.2-Lepidepecreum eoum,8/11/2024,9:24:00,64.680353,-169.110484,Benthos,"Plumb-staff beam trawl,  2.26m opening, 7-mm mesh net, 4-mm cod end liner",Lepidepecreum eoum,Species,urn:lsid:marinespecies.org:taxname:526370,"Gurjanova, 1938",Animalia,Arthropoda,Malacostraca,Amphipoda,Tryphosidae,Lepidepecreum,biomass,Grams per 1000 square meter,1.227488143
SKQ202412S-DBO2.2,SKQ202412S-DBO2.2-Leptasterias polaris,8/11/2024,9:24:00,64.680353,-169.110484,Benthos,"Plumb-staff beam trawl,  2.26m opening, 7-mm mesh net, 4-mm cod end liner",Leptasterias (Hexasterias) polaris,Species,urn:lsid:marinespecies.org:taxname:125154,"Müller & Troschel, 1842",Animalia,Echinodermata,Asteroidea,Forcipulatida,Asteriidae,Leptasterias (Hexasterias),biomass,Grams per 1000 square meter,3883.772485
SKQ202412S-DBO2.2,SKQ202412S-DBO2.2-Melaenia loveni,8/11/2024,9:24:00,64.680353,-169.110484,Benthos,"Plumb-staff beam trawl,  2.26m opening, 7-mm mesh net, 4-mm cod end liner",Melaenia loveni,Species,urn:lsid:marinespecies.org:taxname:130819,"Malmgren, 1865",Animalia,Annelida,Polychaeta  ,Phyllodocida,Polynoidae,Melaenis,biomass,Grams per 1000 square meter,2.454976286
SKQ202412S-DBO2.2,SKQ202412S-DBO2.2-Molgula griffthsii,8/11/2024,9:24:00,64.680353,-169.110484,Benthos,"Plumb-staff beam trawl,  2.26m opening, 7-mm mesh net, 4-mm cod end liner",Molgula griffthsii,Species,urn:lsid:marinespecies.org:taxname:250885,"MacLeay, 1825",Animalia,Chordata,Ascidiacea,Stolidobranchia,Molgulidae,Molgula,biomass,Grams per 1000 square meter,0.245497629
SKQ202412S-DBO2.2,SKQ202412S-DBO2.2-Neptunea,8/11/2024,9:24:00,64.680353,-169.110484,Benthos,"Plumb-staff beam trawl,  2.26m opening, 7-mm mesh net, 4-mm cod end liner",Neptunea,Genus,urn:lsid:marinespecies.org:taxname:137710,"Röding, 1798",Animalia,Mollusca,Gastropoda,Neogastropoda,Buccinidae,Neptunea,biomass,Grams per 1000 square meter,1.227488143
SKQ202412S-DBO2.2,SKQ202412S-DBO2.2-Pagurus capillatus,8/11/2024,9:24:00,64.680353,-169.110484,Benthos,"Plumb-staff beam trawl,  2.26m opening, 7-mm mesh net, 4-mm cod end liner",Pagurus capillatus,Species,urn:lsid:marinespecies.org:taxname:254489,"Benedict, 1892",Animalia,Arthropoda,Malacostraca,Decapoda,Paguridae,Pagurus,biomass,Grams per 1000 square meter,2.454976286
SKQ202412S-DBO2.2,SKQ202412S-DBO2.2-Pagurus trigonocheirus,8/11/2024,9:24:00,64.680353,-169.110484,Benthos,"Plumb-staff beam trawl,  2.26m opening, 7-mm mesh net, 4-mm cod end liner",Pagurus trigonocheirus,Species,urn:lsid:marinespecies.org:taxname:254490,"Stimpson, 1858",Animalia,Arthropoda,Malacostraca,Decapoda,Paguridae,Pagurus,biomass,Grams per 1000 square meter,233.2227472
SKQ202412S-DBO2.2,SKQ202412S-DBO2.2-Rhachotropis occulta,8/11/2024,9:24:00,64.680353,-169.110484,Benthos,"Plumb-staff beam trawl,  2.26m opening, 7-mm mesh net, 4-mm cod end liner",Rhachotropis occulta,Species,urn:lsid:marinespecies.org:taxname:102240,"Hansen, 1888",Animalia,Arthropoda,Malacostraca,Amphipoda,Eusiridae,Rhachotropis,biomass,Grams per 1000 square meter,0.245497629
SKQ202412S-DBO2.2,SKQ202412S-DBO2.2-Serripes groenlandica,8/11/2024,9:24:00,64.680353,-169.110484,Benthos,"Plumb-staff beam trawl,  2.26m opening, 7-mm mesh net, 4-mm cod end liner",Serripes groenlandica,Species,urn:lsid:marinespecies.org:taxname:582749,"Mohr, 1786",Animalia,Mollusca,Bivalvia,Cardiida,Cardiidae,Serripes,biomass,Grams per 1000 square meter,12.27488143
SKQ202412S-DBO2.2,SKQ202412S-DBO2.2-Spirontocaris,8/11/2024,9:24:00,64.680353,-169.110484,Benthos,"Plumb-staff beam trawl,  2.26m opening, 7-mm mesh net, 4-mm cod end liner",Spirontocaris,Genus,urn:lsid:marinespecies.org:taxname:106994,"Spence Bate, 1888",Animalia,Arthropoda,Malacostraca,Decapoda,Thoridae,Spirontocaris,biomass,Grams per 1000 square meter,2.454976286
SKQ202412S-DBO2.2,SKQ202412S-DBO2.2-Stegophiura nodosa,8/11/2024,9:24:00,64.680353,-169.110484,Benthos,"Plumb-staff beam trawl,  2.26m opening, 7-mm mesh net, 4-mm cod end liner",Stegophiura nodosa,Species,urn:lsid:marinespecies.org:taxname:124943,"Lütken, 1855",Animalia,Echinodermata,Ophiuroidea,Ophiurida,Ophiopyrgidae,Stegophiura,biomass,Grams per 1000 square meter,2.454976286
SKQ202412S-DBO2.2,SKQ202412S-DBO2.2-Stomphia,8/11/2024,9:24:00,64.680353,-169.110484,Benthos,"Plumb-staff beam trawl,  2.26m opening, 7-mm mesh net, 4-mm cod end liner",Stomphia,Genus,urn:lsid:marinespecies.org:taxname:100716,"Gosse, 1859",Animalia,Cnidaria,Hexacorallia,Actiniaria,Actinostolidae,Stomphia,biomass,Grams per 1000 square meter,937.8009414
SKQ202412S-DBO2.2,SKQ202412S-DBO2.2-Styela rustica,8/11/2024,9:24:00,64.680353,-169.110484,Benthos,"Plumb-staff beam trawl,  2.26m opening, 7-mm mesh net, 4-mm cod end liner",Styela rustica,Species,urn:lsid:marinespecies.org:taxname:103937,"Linnaeus, 1767",Animalia,Chordata,Ascidiacea,Stolidobranchia,Styelidae,Styela,biomass,Grams per 1000 square meter,586.7393324
SKQ202412S-DBO2.2,SKQ202412S-DBO2.2-Synidotea bicuspida,8/11/2024,9:24:00,64.680353,-169.110484,Benthos,"Plumb-staff beam trawl,  2.26m opening, 7-mm mesh net, 4-mm cod end liner",Synidotea bicuspida,Species,urn:lsid:marinespecies.org:taxname:156445,"Owen, 1839",Animalia,Arthropoda,Malacostraca,Isopoda,Idoteidae,Synidotea,biomass,Grams per 1000 square meter,2.454976286
SKQ202412S-DBO2.4,SKQ202412S-DBO2.4-Actiniaria,8/11/2024,22:21:27,64.957885,-169.890228,Benthos,"Plumb-staff beam trawl,  2.26m opening, 7-mm mesh net, 4-mm cod end liner",Actiniaria,Order,urn:lsid:marinespecies.org:taxname:1360,"Hertwig, 1882",Animalia,Cnidaria,Hexacorallia,Actiniaria,n/a,n/a,biomass,Grams per 1000 square meter,1.865217722
SKQ202412S-DBO2.4,SKQ202412S-DBO2.4-Arcteobia anticostiensis,8/11/2024,22:21:27,64.957885,-169.890228,Benthos,"Plumb-staff beam trawl,  2.26m opening, 7-mm mesh net, 4-mm cod end liner",Arcteobia anticostiensis,Species,urn:lsid:marinespecies.org:taxname:157214,"Mcintosh, 1874",Animalia,Annelida,Polychaeta,Phyllodocida,Polynoidae,Arcteobia,biomass,Grams per 1000 square meter,0.186521772
SKQ202412S-DBO2.4,SKQ202412S-DBO2.4-Arctonoe fragilis,8/11/2024,22:21:27,64.957885,-169.890228,Benthos,"Plumb-staff beam trawl,  2.26m opening, 7-mm mesh net, 4-mm cod end liner",Arctonoe fragilis,Species,urn:lsid:marinespecies.org:taxname:333029,"Baird, 1863",Animalia,Annelida,Polychaeta,Phyllodocida,Polynoidae,Arctonoe,biomass,Grams per 1000 square meter,1.865217722
SKQ202412S-DBO2.4,SKQ202412S-DBO2.4-Arctonoe vittata,8/11/2024,22:21:27,64.957885,-169.890228,Benthos,"Plumb-staff beam trawl,  2.26m opening, 7-mm mesh net, 4-mm cod end liner",Arctonoe vittata,Species,urn:lsid:marinespecies.org:taxname:254301,"Grube, 1855",Animalia,Annelida,Polychaeta,Phyllodocida,Polynoidae,Arctonoe,biomass,Grams per 1000 square meter,0.932608861
SKQ202412S-DBO2.4,SKQ202412S-DBO2.4-Argis,8/11/2024,22:21:27,64.957885,-169.890228,Benthos,"Plumb-staff beam trawl,  2.26m opening, 7-mm mesh net, 4-mm cod end liner",Argis,Genus,urn:lsid:marinespecies.org:taxname:107006,"Krøyer, 1843",Animalia,Arthropoda,Malacostraca,Decapoda,Crangonidae,Argis,biomass,Grams per 1000 square meter,106.3174102
SKQ202412S-DBO2.4,SKQ202412S-DBO2.4-Balanus crenatus,8/11/2024,22:21:27,64.957885,-169.890228,Benthos,"Plumb-staff beam trawl,  2.26m opening, 7-mm mesh net, 4-mm cod end liner",Balanus crenatus,Species,urn:lsid:marinespecies.org:taxname:106215,"Bruguière, 1789",Animalia,Arthropoda,Thecostraca,Balanomorpha,Balanidae,Balanus,biomass,Grams per 1000 square meter,149.2174178
SKQ202412S-DBO2.4,SKQ202412S-DBO2.4-Bryozoa soft lobed,8/11/2024,22:21:27,64.957885,-169.890228,Benthos,"Plumb-staff beam trawl,  2.26m opening, 7-mm mesh net, 4-mm cod end liner",Bryozoa soft lobed,Phylum,urn:lsid:marinespecies.org:taxname:146142,n/a,Animalia,Bryozoa,n/a,n/a,n/a,n/a,biomass,Grams per 1000 square meter,3.730435444
SKQ202412S-DBO2.4,SKQ202412S-DBO2.4-Buccinum plectrum,8/11/2024,22:21:27,64.957885,-169.890228,Benthos,"Plumb-staff beam trawl,  2.26m opening, 7-mm mesh net, 4-mm cod end liner",Buccinum plectrum,Species,urn:lsid:marinespecies.org:taxname:160127,"W. Stimpson, 1865",Animalia,Mollusca,Gastropoda,Neogastropoda,Buccinidae,Buccinum,biomass,Grams per 1000 square meter,9.32608861
SKQ202412S-DBO2.4,SKQ202412S-DBO2.4-Chionoecetes opilio,8/11/2024,22:21:27,64.957885,-169.890228,Benthos,"Plumb-staff beam trawl,  2.26m opening, 7-mm mesh net, 4-mm cod end liner",Chionoecetes opilio,Species,urn:lsid:marinespecies.org:taxname:107315,"Fabricius, 1788",Animalia,Arthropoda,Malacostraca,Decapoda,Oregoniidae,Chionoecetes,biomass,Grams per 1000 square meter,581.9479293
SKQ202412S-DBO2.4,SKQ202412S-DBO2.4-Crangon dalli,8/11/2024,22:21:27,64.957885,-169.890228,Benthos,"Plumb-staff beam trawl,  2.26m opening, 7-mm mesh net, 4-mm cod end liner",Crangon dalli,Species,urn:lsid:marinespecies.org:taxname:254486,"Rathbun, 1902",Animalia,Arthropoda,Malacostraca,Decapoda,Crangonidae,Crangon,biomass,Grams per 1000 square meter,3.730435444
SKQ202412S-DBO2.4,SKQ202412S-DBO2.4-Eualus gaimardii ,8/11/2024,22:21:27,64.957885,-169.890228,Benthos,"Plumb-staff beam trawl,  2.26m opening, 7-mm mesh net, 4-mm cod end liner",Eualus gaimardii ,Species,urn:lsid:marinespecies.org:taxname:107504,"H. Milne Edwards, 1837",Animalia,Arthropoda,Malacostraca,Decapoda,Thoridae,Eualus,biomass,Grams per 1000 square meter,11.19130633
SKQ202412S-DBO2.4,SKQ202412S-DBO2.4-Eualus macilentus,8/11/2024,22:21:27,64.957885,-169.890228,Benthos,"Plumb-staff beam trawl,  2.26m opening, 7-mm mesh net, 4-mm cod end liner",Eualus macilentus,Species,urn:lsid:marinespecies.org:taxname:158359,"Krøyer, 1841",Animalia,Arthropoda,Malacostraca,Decapoda,Thoridae,Eualus,biomass,Grams per 1000 square meter,27.97826583
SKQ202412S-DBO2.4,SKQ202412S-DBO2.4-Harmothoe imbricata,8/11/2024,22:21:27,64.957885,-169.890228,Benthos,"Plumb-staff beam trawl,  2.26m opening, 7-mm mesh net, 4-mm cod end liner",Harmothoe imbricata,Species,urn:lsid:marinespecies.org:taxname:130769,"Linnaeus, 1767",Animalia,Annelida,Polychaeta,Phyllodocida,Polynoidae,Harmothoe,biomass,Grams per 1000 square meter,1.865217722
SKQ202412S-DBO2.4,SKQ202412S-DBO2.4-Hyas coarctatus,8/11/2024,22:21:27,64.957885,-169.890228,Benthos,"Plumb-staff beam trawl,  2.26m opening, 7-mm mesh net, 4-mm cod end liner",Hyas coarctatus,Species,urn:lsid:marinespecies.org:taxname:107323,"Leach, 1815",Animalia,Arthropoda,Malacostraca,Decapoda,Oregoniidae,Hyas,biomass,Grams per 1000 square meter,320.8174482
SKQ202412S-DBO2.4,SKQ202412S-DBO2.4-Leptasterias arctica,8/11/2024,22:21:27,64.957885,-169.890228,Benthos,"Plumb-staff beam trawl,  2.26m opening, 7-mm mesh net, 4-mm cod end liner",Leptasterias arctica,Species,urn:lsid:marinespecies.org:taxname:369158,"Murdoch, 1885",Animalia,Echinodermata,Asteroidea,Forcipulatida,Asteriidae,Leptasterias,biomass,Grams per 1000 square meter,57.82174938
SKQ202412S-DBO2.4,SKQ202412S-DBO2.4-Leptasterias polaris,8/11/2024,22:21:27,64.957885,-169.890228,Benthos,"Plumb-staff beam trawl,  2.26m opening, 7-mm mesh net, 4-mm cod end liner",Leptasterias (Hexasterias) polaris,Species,urn:lsid:marinespecies.org:taxname:125154,"Müller & Troschel, 1842",Animalia,Echinodermata,Asteroidea,Forcipulatida,Asteriidae,Leptasterias (Hexasterias),biomass,Grams per 1000 square meter,964.3175623
SKQ202412S-DBO2.4,SKQ202412S-DBO2.4-Melita formosa,8/11/2024,22:21:27,64.957885,-169.890228,Benthos,"Plumb-staff beam trawl,  2.26m opening, 7-mm mesh net, 4-mm cod end liner",Quasimelita formosa,Species,urn:lsid:marinespecies.org:taxname:423709,"Murdoch, 1885",Animalia,Arthropoda,Malacostraca,Amphipoda,Melitidae,Quasimelita,biomass,Grams per 1000 square meter,1.865217722
SKQ202412S-DBO2.4,SKQ202412S-DBO2.4-Neptunea,8/11/2024,22:21:27,64.957885,-169.890228,Benthos,"Plumb-staff beam trawl,  2.26m opening, 7-mm mesh net, 4-mm cod end liner",Neptunea,Genus,urn:lsid:marinespecies.org:taxname:137710,"Röding, 1798",Animalia,Mollusca,Gastropoda,Neogastropoda,Buccinidae,Neptunea,biomass,Grams per 1000 square meter,456.9783419
SKQ202412S-DBO2.4,SKQ202412S-DBO2.4-Pagurus capillatus,8/11/2024,22:21:27,64.957885,-169.890228,Benthos,"Plumb-staff beam trawl,  2.26m opening, 7-mm mesh net, 4-mm cod end liner",Pagurus capillatus,Species,urn:lsid:marinespecies.org:taxname:254489,"Benedict, 1892",Animalia,Arthropoda,Malacostraca,Decapoda,Paguridae,Pagurus,biomass,Grams per 1000 square meter,13.05652405
SKQ202412S-DBO2.4,SKQ202412S-DBO2.4-Pagurus trigonocheirus,8/11/2024,22:21:27,64.957885,-169.890228,Benthos,"Plumb-staff beam trawl,  2.26m opening, 7-mm mesh net, 4-mm cod end liner",Pagurus trigonocheirus,Species,urn:lsid:marinespecies.org:taxname:254490,"Stimpson, 1858",Animalia,Arthropoda,Malacostraca,Decapoda,Paguridae,Pagurus,biomass,Grams per 1000 square meter,139.8913292
SKQ202412S-DBO2.4,SKQ202412S-DBO2.4-Pandalus borealis eous,8/11/2024,22:21:27,64.957885,-169.890228,Benthos,"Plumb-staff beam trawl,  2.26m opening, 7-mm mesh net, 4-mm cod end liner",Pandalus borealis eous,Species,urn:lsid:marinespecies.org:taxname:515463,"Makarov, 1935",Animalia,Arthropoda,Malacostraca,Decapoda,Pandalidae,Pandalus,biomass,Grams per 1000 square meter,9.32608861
SKQ202412S-DBO2.4,SKQ202412S-DBO2.4-Rhachotropis occulta,8/11/2024,22:21:27,64.957885,-169.890228,Benthos,"Plumb-staff beam trawl,  2.26m opening, 7-mm mesh net, 4-mm cod end liner",Rhachotropis occulta,Species,urn:lsid:marinespecies.org:taxname:102240,"Hansen, 1888",Animalia,Arthropoda,Malacostraca,Amphipoda,Eusiridae,Rhachotropis,biomass,Grams per 1000 square meter,0.186521772
SKQ202412S-DBO2.4,SKQ202412S-DBO2.4-Sabinea septemcarinata,8/11/2024,22:21:27,64.957885,-169.890228,Benthos,"Plumb-staff beam trawl,  2.26m opening, 7-mm mesh net, 4-mm cod end liner",Sabinea septemcarinata,Species,urn:lsid:marinespecies.org:taxname:107567,"Sabine, 1824",Animalia,Arthropoda,Malacostraca,Decapoda,Crangonidae,Sabinea,biomass,Grams per 1000 square meter,1.865217722
SKQ202412S-DBO2.4,SKQ202412S-DBO2.4-Spirontocaris,8/11/2024,22:21:27,64.957885,-169.890228,Benthos,"Plumb-staff beam trawl,  2.26m opening, 7-mm mesh net, 4-mm cod end liner",Spirontocaris,Genus,urn:lsid:marinespecies.org:taxname:106994,"Spence Bate, 1888",Animalia,Arthropoda,Malacostraca,Decapoda,Thoridae,Spirontocaris,biomass,Grams per 1000 square meter,7.460870888
SKQ202412S-DBO2.4,SKQ202412S-DBO2.4-Styela rustica,8/11/2024,22:21:27,64.957885,-169.890228,Benthos,"Plumb-staff beam trawl,  2.26m opening, 7-mm mesh net, 4-mm cod end liner",Styela rustica,Species,urn:lsid:marinespecies.org:taxname:103937,"Linnaeus, 1767",Animalia,Chordata,Ascidiacea,Stolidobranchia,Styelidae,Styela,biomass,Grams per 1000 square meter,1.865217722
SKQ202412S-DBO2.4,SKQ202412S-DBO2.4-Tubularia,8/11/2024,22:21:27,64.957885,-169.890228,Benthos,"Plumb-staff beam trawl,  2.26m opening, 7-mm mesh net, 4-mm cod end liner",Tubularia,Genus,urn:lsid:marinespecies.org:taxname:117258,"Linnaeus, 1758",Animalia,Cnidaria,Hydrozoa,Anthoathecata,Tubulariidae,Tubularia,biomass,Grams per 1000 square meter,18.65217722
SKQ202412S-DBO2.5,SKQ202412S-DBO2.5-Alcyonidium gelatinosum,8/12/2024,3:05:16,64.991885,-169.125173,Benthos,"Plumb-staff beam trawl,  2.26m opening, 7-mm mesh net, 4-mm cod end liner",Alcyonidium gelatinosum,Species,urn:lsid:marinespecies.org:taxname:111600,"Linnaeus, 1761",Animalia,Bryozoa,Gymnolaemata,Ctenostomatida,Alcyonidiidae,Alcyonidium,biomass,Grams per 1000 square meter,1365.415976
SKQ202412S-DBO2.5,SKQ202412S-DBO2.5-Actiniaria,8/12/2024,3:05:16,64.991885,-169.125173,Benthos,"Plumb-staff beam trawl,  2.26m opening, 7-mm mesh net, 4-mm cod end liner",Actiniaria,Order,urn:lsid:marinespecies.org:taxname:1360,"Hertwig, 1882",Animalia,Cnidaria,Hexacorallia,Actiniaria,n/a,n/a,biomass,Grams per 1000 square meter,1170.042951
SKQ202412S-DBO2.5,SKQ202412S-DBO2.5-Anomalisipho martensi,8/12/2024,3:05:16,64.991885,-169.125173,Benthos,"Plumb-staff beam trawl,  2.26m opening, 7-mm mesh net, 4-mm cod end liner",Anomalisipho martensi,Species,urn:lsid:marinespecies.org:taxname:821662,"A. Krause, 1885",Animalia,Mollusca,Gastropoda,Neogastropoda,Buccinidae,Anomalisipho,biomass,Grams per 1000 square meter,15.36641774
SKQ202412S-DBO2.5,SKQ202412S-DBO2.5-Arctolembos arcticus,8/12/2024,3:05:16,64.991885,-169.125173,Benthos,"Plumb-staff beam trawl,  2.26m opening, 7-mm mesh net, 4-mm cod end liner",Arctolembos arcticus,Species,urn:lsid:marinespecies.org:taxname:102014,"Hansen, 1888",Animalia,Arthropoda,Malacostraca,Amphipoda,Aoridae,Arctolembos,biomass,Grams per 1000 square meter,2.195202534
SKQ202412S-DBO2.5,SKQ202412S-DBO2.5-Argis,8/12/2024,3:05:16,64.991885,-169.125173,Benthos,"Plumb-staff beam trawl,  2.26m opening, 7-mm mesh net, 4-mm cod end liner",Argis,Genus,urn:lsid:marinespecies.org:taxname:107006,"Krøyer, 1843",Animalia,Arthropoda,Malacostraca,Decapoda,Crangonidae,Argis,biomass,Grams per 1000 square meter,171.2257977
SKQ202412S-DBO2.5,SKQ202412S-DBO2.5-Balanus crenatus,8/12/2024,3:05:16,64.991885,-169.125173,Benthos,"Plumb-staff beam trawl,  2.26m opening, 7-mm mesh net, 4-mm cod end liner",Balanus crenatus,Species,urn:lsid:marinespecies.org:taxname:106215,"Bruguière, 1789",Animalia,Arthropoda,Thecostraca,Balanomorpha,Balanidae,Balanus,biomass,Grams per 1000 square meter,21.95202534
SKQ202412S-DBO2.5,SKQ202412S-DBO2.5-Bryozoa,8/12/2024,3:05:16,64.991885,-169.125173,Benthos,"Plumb-staff beam trawl,  2.26m opening, 7-mm mesh net, 4-mm cod end liner",Bryozoa,Phylum,urn:lsid:marinespecies.org:taxname:146142,n/a,Animalia,Bryozoa,n/a,n/a,n/a,n/a,biomass,Grams per 1000 square meter,21.95202534
SKQ202412S-DBO2.5,SKQ202412S-DBO2.5-Buccinum angulosum,8/12/2024,3:05:16,64.991885,-169.125173,Benthos,"Plumb-staff beam trawl,  2.26m opening, 7-mm mesh net, 4-mm cod end liner",Buccinum angulosum,Species,urn:lsid:marinespecies.org:taxname:138858,"Gray, 1839",Animalia,Mollusca,Gastropoda,Neogastropoda,Buccinidae,Buccinum,biomass,Grams per 1000 square meter,32.92803801
SKQ202412S-DBO2.5,SKQ202412S-DBO2.5-Buccinum scalariforme,8/12/2024,3:05:16,64.991885,-169.125173,Benthos,"Plumb-staff beam trawl,  2.26m opening, 7-mm mesh net, 4-mm cod end liner",Buccinum scalariforme,Species,urn:lsid:marinespecies.org:taxname:138875,"Møller, 1842",Animalia,Mollusca,Gastropoda,Neogastropoda,Buccinidae,Buccinum,biomass,Grams per 1000 square meter,87.80810137
SKQ202412S-DBO2.5,SKQ202412S-DBO2.5-Buccinum solenum,8/12/2024,3:05:16,64.991885,-169.125173,Benthos,"Plumb-staff beam trawl,  2.26m opening, 7-mm mesh net, 4-mm cod end liner",Buccinum terraenovae,Species,urn:lsid:marinespecies.org:taxname:490864,"Mörch, 1869",Animalia,Mollusca,Gastropoda,Neogastropoda,Buccinidae,Buccinum,biomass,Grams per 1000 square meter,21.95202534
SKQ202412S-DBO2.5,SKQ202412S-DBO2.5-Chionoecetes opilio,8/12/2024,3:05:16,64.991885,-169.125173,Benthos,"Plumb-staff beam trawl,  2.26m opening, 7-mm mesh net, 4-mm cod end liner",Chionoecetes opilio,Species,urn:lsid:marinespecies.org:taxname:107315,"Fabricius, 1788",Animalia,Arthropoda,Malacostraca,Decapoda,Oregoniidae,Chionoecetes,biomass,Grams per 1000 square meter,1332.487938
SKQ202412S-DBO2.5,SKQ202412S-DBO2.5-Crangon dalli,8/12/2024,3:05:16,64.991885,-169.125173,Benthos,"Plumb-staff beam trawl,  2.26m opening, 7-mm mesh net, 4-mm cod end liner",Crangon dalli,Species,urn:lsid:marinespecies.org:taxname:254486,"Rathbun, 1902",Animalia,Arthropoda,Malacostraca,Decapoda,Crangonidae,Crangon,biomass,Grams per 1000 square meter,2.195202534
SKQ202412S-DBO2.5,SKQ202412S-DBO2.5-Erichthonius,8/12/2024,3:05:16,64.991885,-169.125173,Benthos,"Plumb-staff beam trawl,  2.26m opening, 7-mm mesh net, 4-mm cod end liner",Erichthonius,Species,urn:lsid:marinespecies.org:taxname:101567,"H. Milne Edwards, 1830",Animalia,Arthropoda,Malacostraca,Amphipoda,Ischyroceridae,Erichthonius,biomass,Grams per 1000 square meter,0.219520253
SKQ202412S-DBO2.5,SKQ202412S-DBO2.5-Eualus gaimardii ,8/12/2024,3:05:16,64.991885,-169.125173,Benthos,"Plumb-staff beam trawl,  2.26m opening, 7-mm mesh net, 4-mm cod end liner",Eualus gaimardii ,Species,urn:lsid:marinespecies.org:taxname:107504,"H. Milne Edwards, 1837",Animalia,Arthropoda,Malacostraca,Decapoda,Thoridae,Eualus,biomass,Grams per 1000 square meter,212.9346458
SKQ202412S-DBO2.5,SKQ202412S-DBO2.5-Eualus macilentus,8/12/2024,3:05:16,64.991885,-169.125173,Benthos,"Plumb-staff beam trawl,  2.26m opening, 7-mm mesh net, 4-mm cod end liner",Eualus macilentus,Species,urn:lsid:marinespecies.org:taxname:158359,"Krøyer, 1841",Animalia,Arthropoda,Malacostraca,Decapoda,Thoridae,Eualus,biomass,Grams per 1000 square meter,35.12324055
SKQ202412S-DBO2.5,SKQ202412S-DBO2.5-Harmothoe imbricata,8/12/2024,3:05:16,64.991885,-169.125173,Benthos,"Plumb-staff beam trawl,  2.26m opening, 7-mm mesh net, 4-mm cod end liner",Harmothoe imbricata,Species,urn:lsid:marinespecies.org:taxname:130769,"Linnaeus, 1767",Animalia,Annelida,Polychaeta,Phyllodocida,Polynoidae,Harmothoe,biomass,Grams per 1000 square meter,2.195202534
SKQ202412S-DBO2.5,SKQ202412S-DBO2.5-Hyas coarctatus,8/12/2024,3:05:16,64.991885,-169.125173,Benthos,"Plumb-staff beam trawl,  2.26m opening, 7-mm mesh net, 4-mm cod end liner",Hyas coarctatus,Species,urn:lsid:marinespecies.org:taxname:107323,"Leach, 1815",Animalia,Arthropoda,Malacostraca,Decapoda,Oregoniidae,Hyas,biomass,Grams per 1000 square meter,230.4962661
SKQ202412S-DBO2.5,SKQ202412S-DBO2.5-Hydroidea,8/12/2024,3:05:16,64.991885,-169.125173,Benthos,"Plumb-staff beam trawl,  2.26m opening, 7-mm mesh net, 4-mm cod end liner",Hydrozoa,Class,urn:lsid:marinespecies.org:taxname:1337,"Owen, 1843",Animalia,Cnidaria,Hydrozoa,n/a,n/a,n/a,biomass,Grams per 1000 square meter,19.75682281
SKQ202412S-DBO2.5,SKQ202412S-DBO2.5-Labidochirus splendescens,8/12/2024,3:05:16,64.991885,-169.125173,Benthos,"Plumb-staff beam trawl,  2.26m opening, 7-mm mesh net, 4-mm cod end liner",Labidochirus splendescens,Species,urn:lsid:marinespecies.org:taxname:248348,"Owen, 1839",Animalia,Arthropoda,Malacostraca,Decapoda,Paguridae,Labidochirus,biomass,Grams per 1000 square meter,17.56162027
SKQ202412S-DBO2.5,SKQ202412S-DBO2.5-Lepidepecreum eoum,8/12/2024,3:05:16,64.991885,-169.125173,Benthos,"Plumb-staff beam trawl,  2.26m opening, 7-mm mesh net, 4-mm cod end liner",Lepidepecreum eoum,Species,urn:lsid:marinespecies.org:taxname:526370,"Gurjanova, 1938",Animalia,Arthropoda,Malacostraca,Amphipoda,Tryphosidae,Lepidepecreum,biomass,Grams per 1000 square meter,0.219520253
SKQ202412S-DBO2.5,SKQ202412S-DBO2.5-Leptasterias polaris,8/12/2024,3:05:16,64.991885,-169.125173,Benthos,"Plumb-staff beam trawl,  2.26m opening, 7-mm mesh net, 4-mm cod end liner",Leptasterias (Hexasterias) polaris,Species,urn:lsid:marinespecies.org:taxname:125154,"Müller & Troschel, 1842",Animalia,Echinodermata,Asteroidea,Forcipulatida,Asteriidae,Leptasterias (Hexasterias),biomass,Grams per 1000 square meter,3136.944421
SKQ202412S-DBO2.5,SKQ202412S-DBO2.5-Maera,8/12/2024,3:05:16,64.991885,-169.125173,Benthos,"Plumb-staff beam trawl,  2.26m opening, 7-mm mesh net, 4-mm cod end liner",Maera,Genus,urn:lsid:marinespecies.org:taxname:101675,"Leach, 1814",Animalia,Arthropoda,Malacostraca,Amphipoda,Maeridae,Maera,biomass,Grams per 1000 square meter,2.195202534
SKQ202412S-DBO2.5,SKQ202412S-DBO2.5-Melita formosa,8/12/2024,3:05:16,64.991885,-169.125173,Benthos,"Plumb-staff beam trawl,  2.26m opening, 7-mm mesh net, 4-mm cod end liner",Quasimelita formosa,Species,urn:lsid:marinespecies.org:taxname:423709,"Murdoch, 1885",Animalia,Arthropoda,Malacostraca,Amphipoda,Melitidae,Quasimelita,biomass,Grams per 1000 square meter,1.097601267
SKQ202412S-DBO2.5,SKQ202412S-DBO2.5-Neptunea communis,8/12/2024,3:05:16,64.991885,-169.125173,Benthos,"Plumb-staff beam trawl,  2.26m opening, 7-mm mesh net, 4-mm cod end liner",Neptunea communis,Species,urn:lsid:marinespecies.org:taxname:254656,"Middendorff, 1849",Animalia,Mollusca,Gastropoda,Neogastropoda,Buccinidae,Neptunea,biomass,Grams per 1000 square meter,41.70884815
SKQ202412S-DBO2.5,SKQ202412S-DBO2.5-Neptunea heros,8/12/2024,3:05:16,64.991885,-169.125173,Benthos,"Plumb-staff beam trawl,  2.26m opening, 7-mm mesh net, 4-mm cod end liner",Neptunea heros,Species,urn:lsid:marinespecies.org:taxname:254479,"J. E. Gray, 1850",Animalia,Mollusca,Gastropoda,Neogastropoda,Buccinidae,Neptunea,biomass,Grams per 1000 square meter,83.4176963
SKQ202412S-DBO2.5,SKQ202412S-DBO2.5-Pagurus capillatus,8/12/2024,3:05:16,64.991885,-169.125173,Benthos,"Plumb-staff beam trawl,  2.26m opening, 7-mm mesh net, 4-mm cod end liner",Pagurus capillatus,Species,urn:lsid:marinespecies.org:taxname:254489,"Benedict, 1892",Animalia,Arthropoda,Malacostraca,Decapoda,Paguridae,Pagurus,biomass,Grams per 1000 square meter,1.097601267
SKQ202412S-DBO2.5,SKQ202412S-DBO2.5-Pagurus trigonocheirus,8/12/2024,3:05:16,64.991885,-169.125173,Benthos,"Plumb-staff beam trawl,  2.26m opening, 7-mm mesh net, 4-mm cod end liner",Pagurus trigonocheirus,Species,urn:lsid:marinespecies.org:taxname:254490,"Stimpson, 1858",Animalia,Arthropoda,Malacostraca,Decapoda,Paguridae,Pagurus,biomass,Grams per 1000 square meter,175.6162027
SKQ202412S-DBO2.5,SKQ202412S-DBO2.5-Pandalus goniurus,8/12/2024,3:05:16,64.991885,-169.125173,Benthos,"Plumb-staff beam trawl,  2.26m opening, 7-mm mesh net, 4-mm cod end liner",Pandalus goniurus,Species,urn:lsid:marinespecies.org:taxname:254483,"Stimpson, 1860",Animalia,Arthropoda,Malacostraca,Decapoda,Pandalidae,Pandalus,biomass,Grams per 1000 square meter,8.780810137
SKQ202412S-DBO2.5,SKQ202412S-DBO2.5-Ampharetidae,8/12/2024,3:05:16,64.991885,-169.125173,Benthos,"Plumb-staff beam trawl,  2.26m opening, 7-mm mesh net, 4-mm cod end liner",Ampharetidae,Family,urn:lsid:marinespecies.org:taxname:981,"Malmgren, 1866",Animalia,Annelida,Polychaeta,Terebellida,Ampharetidae,n/a,biomass,Grams per 1000 square meter,6.585607602
SKQ202412S-DBO2.5,SKQ202412S-DBO2.5-Serripes laperousii,8/12/2024,3:05:16,64.991885,-169.125173,Benthos,"Plumb-staff beam trawl,  2.26m opening, 7-mm mesh net, 4-mm cod end liner",Serripes laperousii,Species,urn:lsid:marinespecies.org:taxname:582750,"Deshayes, 1839",Animalia,Mollusca,Bivalvia,Cardiida,Cardiidae,Serripes,biomass,Grams per 1000 square meter,173.4210002
SKQ202412S-DBO2.5,SKQ202412S-DBO2.5-Sertularia robusta,8/12/2024,3:05:16,64.991885,-169.125173,Benthos,"Plumb-staff beam trawl,  2.26m opening, 7-mm mesh net, 4-mm cod end liner",Sertularia robusta,Species,urn:lsid:marinespecies.org:taxname:117923,"Clark, 1877",Animalia,Cnidaria,Hydrozoa,Leptothecata,Sertulariidae,Sertularia,biomass,Grams per 1000 square meter,6.585607602
SKQ202412S-DBO2.5,SKQ202412S-DBO2.5-Spirontocaris,8/12/2024,3:05:16,64.991885,-169.125173,Benthos,"Plumb-staff beam trawl,  2.26m opening, 7-mm mesh net, 4-mm cod end liner",Spirontocaris,Genus,urn:lsid:marinespecies.org:taxname:106994,"Spence Bate, 1888",Animalia,Arthropoda,Malacostraca,Decapoda,Thoridae,Spirontocaris,biomass,Grams per 1000 square meter,6.585607602
SKQ202412S-DBO2.5,SKQ202412S-DBO2.5-Stomphia,8/12/2024,3:05:16,64.991885,-169.125173,Benthos,"Plumb-staff beam trawl,  2.26m opening, 7-mm mesh net, 4-mm cod end liner",Stomphia,Genus,urn:lsid:marinespecies.org:taxname:100716,"Gosse, 1859",Animalia,Cnidaria,Hexacorallia,Actiniaria,Actinostolidae,Stomphia,biomass,Grams per 1000 square meter,3049.13632
SKQ202412S-DBO3.8,SKQ202412S-DBO3.8-Actiniaria,8/13/2024,8:33:42,67.67534,-168.944162,Benthos,"Plumb-staff beam trawl,  2.26m opening, 7-mm mesh net, 4-mm cod end liner",Actiniaria,Order,urn:lsid:marinespecies.org:taxname:1360,"Hertwig, 1882",Animalia,Cnidaria,Hexacorallia,Actiniaria,n/a,n/a,biomass,Grams per 1000 square meter,1024.774987
SKQ202412S-DBO3.8,SKQ202412S-DBO3.8-Anonyx,8/13/2024,8:33:42,67.67534,-168.944162,Benthos,"Plumb-staff beam trawl,  2.26m opening, 7-mm mesh net, 4-mm cod end liner",Anonyx,Genus,urn:lsid:marinespecies.org:taxname:101592,"Krøyer, 1838",Animalia,Arthropoda,Malacostraca,Amphipoda,Uristidae,Anonyx,biomass,Grams per 1000 square meter,15.76576904
SKQ202412S-DBO3.8,SKQ202412S-DBO3.8-Arctonoe fragilis,8/13/2024,8:33:42,67.67534,-168.944162,Benthos,"Plumb-staff beam trawl,  2.26m opening, 7-mm mesh net, 4-mm cod end liner",Arctonoe fragilis,Species,urn:lsid:marinespecies.org:taxname:333029,"Baird, 1863",Animalia,Annelida,Polychaeta,Phyllodocida,Polynoidae,Arctonoe,biomass,Grams per 1000 square meter,2.627628173
SKQ202412S-DBO3.8,SKQ202412S-DBO3.8-Argis,8/13/2024,8:33:42,67.67534,-168.944162,Benthos,"Plumb-staff beam trawl,  2.26m opening, 7-mm mesh net, 4-mm cod end liner",Argis,Genus,urn:lsid:marinespecies.org:taxname:107006,"Krøyer, 1843",Animalia,Arthropoda,Malacostraca,Decapoda,Crangonidae,Argis,biomass,Grams per 1000 square meter,18.39339721
SKQ202412S-DBO3.8,SKQ202412S-DBO3.8-Arrhys luthkei,8/13/2024,8:33:42,67.67534,-168.944162,Benthos,"Plumb-staff beam trawl,  2.26m opening, 7-mm mesh net, 4-mm cod end liner",Arrhys luthkei,Species,urn:lsid:marinespecies.org:taxname:423163,"Gurjanova, 1936",Animalia,Arthropoda,Malacostraca,Amphipoda,Oedicerotidae,Arrhis,biomass,Grams per 1000 square meter,21.02102538
SKQ202412S-DBO3.8,SKQ202412S-DBO3.8-Ascidiacea,8/13/2024,8:33:42,67.67534,-168.944162,Benthos,"Plumb-staff beam trawl,  2.26m opening, 7-mm mesh net, 4-mm cod end liner",Ascidiacea,Class,urn:lsid:marinespecies.org:taxname:1839,"Blainville, 1824",Animalia,Chordata,Ascidiacea,n/a,n/a,n/a,biomass,Grams per 1000 square meter,15.76576904
SKQ202412S-DBO3.8,SKQ202412S-DBO3.8-Brada villosa,8/13/2024,8:33:42,67.67534,-168.944162,Benthos,"Plumb-staff beam trawl,  2.26m opening, 7-mm mesh net, 4-mm cod end liner",Bradabyssa villosa,Species,urn:lsid:marinespecies.org:taxname:1355594,"Rathke, 1843",Animalia,Annelida,Polychaeta,Terebellida,Flabelligeridae,Bradabyssa,biomass,Grams per 1000 square meter,68.31833249
SKQ202412S-DBO3.8,SKQ202412S-DBO3.8-Buccinum polare,8/13/2024,8:33:42,67.67534,-168.944162,Benthos,"Plumb-staff beam trawl,  2.26m opening, 7-mm mesh net, 4-mm cod end liner",Buccinum polare,Species,urn:lsid:marinespecies.org:taxname:138873,"Gray, 1839",Animalia,Mollusca,Gastropoda,Neogastropoda,Buccinidae,Buccinum,biomass,Grams per 1000 square meter,210.2102538
SKQ202412S-DBO3.8,SKQ202412S-DBO3.8-Buccinum scalariforme,8/13/2024,8:33:42,67.67534,-168.944162,Benthos,"Plumb-staff beam trawl,  2.26m opening, 7-mm mesh net, 4-mm cod end liner",Buccinum scalariforme,Species,urn:lsid:marinespecies.org:taxname:138875,"Møller, 1842",Animalia,Mollusca,Gastropoda,Neogastropoda,Buccinidae,Buccinum,biomass,Grams per 1000 square meter,131.3814086
SKQ202412S-DBO3.8,SKQ202412S-DBO3.8-Chionoecetes opilio,8/13/2024,8:33:42,67.67534,-168.944162,Benthos,"Plumb-staff beam trawl,  2.26m opening, 7-mm mesh net, 4-mm cod end liner",Chionoecetes opilio,Species,urn:lsid:marinespecies.org:taxname:107315,"Fabricius, 1788",Animalia,Arthropoda,Malacostraca,Decapoda,Oregoniidae,Chionoecetes,biomass,Grams per 1000 square meter,898.6488351
SKQ202412S-DBO3.8,SKQ202412S-DBO3.8-Cistenides hyperborea,8/13/2024,8:33:42,67.67534,-168.944162,Benthos,"Plumb-staff beam trawl,  2.26m opening, 7-mm mesh net, 4-mm cod end liner",Cistenides hyperborea,Species,urn:lsid:marinespecies.org:taxname:157317,"Malmgren, 1866",Animalia,Annelida,Polychaeta,Terebellida,Pectinariidae,Cistenides,biomass,Grams per 1000 square meter,21.02102538
SKQ202412S-DBO3.8,SKQ202412S-DBO3.8-Crangon dalli,8/13/2024,8:33:42,67.67534,-168.944162,Benthos,"Plumb-staff beam trawl,  2.26m opening, 7-mm mesh net, 4-mm cod end liner",Crangon dalli,Species,urn:lsid:marinespecies.org:taxname:254486,"Rathbun, 1902",Animalia,Arthropoda,Malacostraca,Decapoda,Crangonidae,Crangon,biomass,Grams per 1000 square meter,2.627628173
SKQ202412S-DBO3.8,SKQ202412S-DBO3.8-Cryptonatica affinis,8/13/2024,8:33:42,67.67534,-168.944162,Benthos,"Plumb-staff beam trawl,  2.26m opening, 7-mm mesh net, 4-mm cod end liner",Cryptonatica affinis,Species,urn:lsid:marinespecies.org:taxname:140525,"Gmelin, 1791",Animalia,Mollusca,Gastropoda,Littorinimorpha,Naticidae,Cryptonatica,biomass,Grams per 1000 square meter,289.039099
SKQ202412S-DBO3.8,SKQ202412S-DBO3.8-Erichthonius,8/13/2024,8:33:42,67.67534,-168.944162,Benthos,"Plumb-staff beam trawl,  2.26m opening, 7-mm mesh net, 4-mm cod end liner",Erichthonius,Species,urn:lsid:marinespecies.org:taxname:101567,"H. Milne Edwards, 1830",Animalia,Arthropoda,Malacostraca,Amphipoda,Ischyroceridae,Erichthonius,biomass,Grams per 1000 square meter,0.525525635
SKQ202412S-DBO3.8,SKQ202412S-DBO3.8-Eualus gaimardii ,8/13/2024,8:33:42,67.67534,-168.944162,Benthos,"Plumb-staff beam trawl,  2.26m opening, 7-mm mesh net, 4-mm cod end liner",Eualus gaimardii ,Species,urn:lsid:marinespecies.org:taxname:107504,"H. Milne Edwards, 1837",Animalia,Arthropoda,Malacostraca,Decapoda,Thoridae,Eualus,biomass,Grams per 1000 square meter,10.51051269
SKQ202412S-DBO3.8,SKQ202412S-DBO3.8-Eualus macilentus,8/13/2024,8:33:42,67.67534,-168.944162,Benthos,"Plumb-staff beam trawl,  2.26m opening, 7-mm mesh net, 4-mm cod end liner",Eualus macilentus,Species,urn:lsid:marinespecies.org:taxname:158359,"Krøyer, 1841",Animalia,Arthropoda,Malacostraca,Decapoda,Thoridae,Eualus,biomass,Grams per 1000 square meter,15.76576904
SKQ202412S-DBO3.8,SKQ202412S-DBO3.8-Hyas coarctatus,8/13/2024,8:33:42,67.67534,-168.944162,Benthos,"Plumb-staff beam trawl,  2.26m opening, 7-mm mesh net, 4-mm cod end liner",Hyas coarctatus,Species,urn:lsid:marinespecies.org:taxname:107323,"Leach, 1815",Animalia,Arthropoda,Malacostraca,Decapoda,Oregoniidae,Hyas,biomass,Grams per 1000 square meter,5.255256346
SKQ202412S-DBO3.8,SKQ202412S-DBO3.8-Labidochirus splendescens,8/13/2024,8:33:42,67.67534,-168.944162,Benthos,"Plumb-staff beam trawl,  2.26m opening, 7-mm mesh net, 4-mm cod end liner",Labidochirus splendescens,Species,urn:lsid:marinespecies.org:taxname:248348,"Owen, 1839",Animalia,Arthropoda,Malacostraca,Decapoda,Paguridae,Labidochirus,biomass,Grams per 1000 square meter,42.04205077
SKQ202412S-DBO3.8,SKQ202412S-DBO3.8-Latisipho hypolispus,8/13/2024,8:33:42,67.67534,-168.944162,Benthos,"Plumb-staff beam trawl,  2.26m opening, 7-mm mesh net, 4-mm cod end liner",Latisipho hypolispus,Species,urn:lsid:marinespecies.org:taxname:491062,"Dall, 1891",Animalia,Mollusca,Gastropoda,Neogastropoda,Buccinidae,Latisipho,biomass,Grams per 1000 square meter,115.6156396
SKQ202412S-DBO3.8,SKQ202412S-DBO3.8-Leptasterias groenlandica,8/13/2024,8:33:42,67.67534,-168.944162,Benthos,"Plumb-staff beam trawl,  2.26m opening, 7-mm mesh net, 4-mm cod end liner",Leptasterias groenlandica,Species,urn:lsid:marinespecies.org:taxname:369176,"Steenstrup in Lutken, 1857",Animalia,Echinodermata,Asteroidea,Forcipulatida,Asteriidae,Leptasterias,biomass,Grams per 1000 square meter,381.0060851
SKQ202412S-DBO3.8,SKQ202412S-DBO3.8-Leptasterias polaris,8/13/2024,8:33:42,67.67534,-168.944162,Benthos,"Plumb-staff beam trawl,  2.26m opening, 7-mm mesh net, 4-mm cod end liner",Leptasterias (Hexasterias) polaris,Species,urn:lsid:marinespecies.org:taxname:125154,"Müller & Troschel, 1842",Animalia,Echinodermata,Asteroidea,Forcipulatida,Asteriidae,Leptasterias (Hexasterias),biomass,Grams per 1000 square meter,4687.68866
SKQ202412S-DBO3.8,SKQ202412S-DBO3.8-Melita formosa,8/13/2024,8:33:42,67.67534,-168.944162,Benthos,"Plumb-staff beam trawl,  2.26m opening, 7-mm mesh net, 4-mm cod end liner",Quasimelita formosa,Species,urn:lsid:marinespecies.org:taxname:423709,"Murdoch, 1885",Animalia,Arthropoda,Malacostraca,Amphipoda,Melitidae,Quasimelita,biomass,Grams per 1000 square meter,31.53153807
SKQ202412S-DBO3.8,SKQ202412S-DBO3.8-Myriotrochus rinkii,8/13/2024,8:33:42,67.67534,-168.944162,Benthos,"Plumb-staff beam trawl,  2.26m opening, 7-mm mesh net, 4-mm cod end liner",Myriotrochus rinkii,Species,urn:lsid:marinespecies.org:taxname:124446,"Steenstrup, 1851",Animalia,Echinodermata,Holothuroidea,Apodida,Myriotrochidae,Myriotrochus,biomass,Grams per 1000 square meter,1455.706008
SKQ202412S-DBO3.8,SKQ202412S-DBO3.8-Ophiura robusta,8/13/2024,8:33:42,67.67534,-168.944162,Benthos,"Plumb-staff beam trawl,  2.26m opening, 7-mm mesh net, 4-mm cod end liner",Ophiura robusta,Species,urn:lsid:marinespecies.org:taxname:124933,"Ayres, 1852",Animalia,Echinodermata,Ophiuroidea,Ophiurida,Ophiuridae,Ophiura,biomass,Grams per 1000 square meter,5.255256346
SKQ202412S-DBO3.8,SKQ202412S-DBO3.8-Pagurus capillatus,8/13/2024,8:33:42,67.67534,-168.944162,Benthos,"Plumb-staff beam trawl,  2.26m opening, 7-mm mesh net, 4-mm cod end liner",Pagurus capillatus,Species,urn:lsid:marinespecies.org:taxname:254489,"Benedict, 1892",Animalia,Arthropoda,Malacostraca,Decapoda,Paguridae,Pagurus,biomass,Grams per 1000 square meter,304.8048681
SKQ202412S-DBO3.8,SKQ202412S-DBO3.8-Phyllodoce groenlandica,8/13/2024,8:33:42,67.67534,-168.944162,Benthos,"Plumb-staff beam trawl,  2.26m opening, 7-mm mesh net, 4-mm cod end liner",Phyllodoce groenlandica,Species,urn:lsid:marinespecies.org:taxname:334506,"Örsted, 1842",Animalia,Annelida,Polychaeta,Phyllodocida,Phyllodocidae,Phyllodoce,biomass,Grams per 1000 square meter,5.255256346
SKQ202412S-DBO3.8,SKQ202412S-DBO3.8-Ampharetidae,8/13/2024,8:33:42,67.67534,-168.944162,Benthos,"Plumb-staff beam trawl,  2.26m opening, 7-mm mesh net, 4-mm cod end liner",Ampharetidae,Family,urn:lsid:marinespecies.org:taxname:981,"Malmgren, 1866",Animalia,Annelida,Polychaeta,Terebellida,Ampharetidae,n/a,biomass,Grams per 1000 square meter,36.78679442
SKQ202412S-DBO3.8,SKQ202412S-DBO3.8-Serripes groenlandica,8/13/2024,8:33:42,67.67534,-168.944162,Benthos,"Plumb-staff beam trawl,  2.26m opening, 7-mm mesh net, 4-mm cod end liner",Serripes groenlandica,Species,urn:lsid:marinespecies.org:taxname:582749,"Mohr, 1786",Animalia,Mollusca,Bivalvia,Cardiida,Cardiidae,Serripes,biomass,Grams per 1000 square meter,63.06307615
SKQ202412S-DBO3.8,SKQ202412S-DBO3.8-Stomphia,8/13/2024,8:33:42,67.67534,-168.944162,Benthos,"Plumb-staff beam trawl,  2.26m opening, 7-mm mesh net, 4-mm cod end liner",Stomphia,Genus,urn:lsid:marinespecies.org:taxname:100716,"Gosse, 1859",Animalia,Cnidaria,Hexacorallia,Actiniaria,Actinostolidae,Stomphia,biomass,Grams per 1000 square meter,641.1412742
SKQ202412S-DBO3.8,SKQ202412S-DBO3.8-Tachyrhynchus erosus,8/13/2024,8:33:42,67.67534,-168.944162,Benthos,"Plumb-staff beam trawl,  2.26m opening, 7-mm mesh net, 4-mm cod end liner",Tachyrhynchus erosus,Species,urn:lsid:marinespecies.org:taxname:196391,"Couthouy, 1838",Animalia,Mollusca,Gastropoda,Caenogastropoda incertae sedis,Turritellidae,Tachyrhynchus,biomass,Grams per 1000 square meter,15.76576904
SKQ202412S-DBO3.8,SKQ202412S-DBO3.8-Tritonia,8/13/2024,8:33:42,67.67534,-168.944162,Benthos,"Plumb-staff beam trawl,  2.26m opening, 7-mm mesh net, 4-mm cod end liner",Tritonia,Genus,urn:lsid:marinespecies.org:taxname:138580,"Cuvier, 1797",Animalia,Mollusca,Gastropoda,Nudibranchia,Tritoniidae,Tritonia,biomass,Grams per 1000 square meter,36.78679442
SKQ202412S-DBO3.6,SKQ202412S-DBO3.6-Actiniaria,8/13/2024,14:57:01,67.896156,-168.247056,Benthos,"Plumb-staff beam trawl,  2.26m opening, 7-mm mesh net, 4-mm cod end liner",Actiniaria,Order,urn:lsid:marinespecies.org:taxname:1360,"Hertwig, 1882",Animalia,Cnidaria,Hexacorallia,Actiniaria,n/a,n/a,biomass,Grams per 1000 square meter,1421.83441
SKQ202412S-DBO3.6,SKQ202412S-DBO3.6-Anonyx,8/13/2024,14:57:01,67.896156,-168.247056,Benthos,"Plumb-staff beam trawl,  2.26m opening, 7-mm mesh net, 4-mm cod end liner",Anonyx,Genus,urn:lsid:marinespecies.org:taxname:101592,"Krøyer, 1838",Animalia,Arthropoda,Malacostraca,Amphipoda,Uristidae,Anonyx,biomass,Grams per 1000 square meter,12.36377748
SKQ202412S-DBO3.6,SKQ202412S-DBO3.6-Argis,8/13/2024,14:57:01,67.896156,-168.247056,Benthos,"Plumb-staff beam trawl,  2.26m opening, 7-mm mesh net, 4-mm cod end liner",Argis,Genus,urn:lsid:marinespecies.org:taxname:107006,"Krøyer, 1843",Animalia,Arthropoda,Malacostraca,Decapoda,Crangonidae,Argis,biomass,Grams per 1000 square meter,34.00038807
SKQ202412S-DBO3.6,SKQ202412S-DBO3.6-Arrhys luthkei,8/13/2024,14:57:01,67.896156,-168.247056,Benthos,"Plumb-staff beam trawl,  2.26m opening, 7-mm mesh net, 4-mm cod end liner",Arrhys luthkei,Species,urn:lsid:marinespecies.org:taxname:423163,"Gurjanova, 1936",Animalia,Arthropoda,Malacostraca,Amphipoda,Oedicerotidae,Arrhis,biomass,Grams per 1000 square meter,1.236377748
SKQ202412S-DBO3.6,SKQ202412S-DBO3.6-Aulacofusus brevicauda,8/13/2024,14:57:01,67.896156,-168.247056,Benthos,"Plumb-staff beam trawl,  2.26m opening, 7-mm mesh net, 4-mm cod end liner",Aulacofusus brevicauda,Species,urn:lsid:marinespecies.org:taxname:490735,"Deshayes, 1832",Animalia,Mollusca,Gastropoda,Neogastropoda,Buccinidae,Aulacofusus,biomass,Grams per 1000 square meter,37.09133244
SKQ202412S-DBO3.6,SKQ202412S-DBO3.6-Brada villosa,8/13/2024,14:57:01,67.896156,-168.247056,Benthos,"Plumb-staff beam trawl,  2.26m opening, 7-mm mesh net, 4-mm cod end liner",Bradabyssa villosa,Species,urn:lsid:marinespecies.org:taxname:1355594,"Rathke, 1843",Animalia,Annelida,Polychaeta,Terebellida,Flabelligeridae,Bradabyssa,biomass,Grams per 1000 square meter,49.45510992
SKQ202412S-DBO3.6,SKQ202412S-DBO3.6-Buccinum polare,8/13/2024,14:57:01,67.896156,-168.247056,Benthos,"Plumb-staff beam trawl,  2.26m opening, 7-mm mesh net, 4-mm cod end liner",Buccinum polare,Species,urn:lsid:marinespecies.org:taxname:138873,"Gray, 1839",Animalia,Mollusca,Gastropoda,Neogastropoda,Buccinidae,Buccinum,biomass,Grams per 1000 square meter,568.7337641
SKQ202412S-DBO3.6,SKQ202412S-DBO3.6-Buccinum scalariforme,8/13/2024,14:57:01,67.896156,-168.247056,Benthos,"Plumb-staff beam trawl,  2.26m opening, 7-mm mesh net, 4-mm cod end liner",Buccinum scalariforme,Species,urn:lsid:marinespecies.org:taxname:138875,"Møller, 1842",Animalia,Mollusca,Gastropoda,Neogastropoda,Buccinidae,Buccinum,biomass,Grams per 1000 square meter,173.0928847
SKQ202412S-DBO3.6,SKQ202412S-DBO3.6-Buccinum solenum,8/13/2024,14:57:01,67.896156,-168.247056,Benthos,"Plumb-staff beam trawl,  2.26m opening, 7-mm mesh net, 4-mm cod end liner",Buccinum terraenovae,Species,urn:lsid:marinespecies.org:taxname:490864,"Mörch, 1869",Animalia,Mollusca,Gastropoda,Neogastropoda,Buccinidae,Buccinum,biomass,Grams per 1000 square meter,160.7291072
SKQ202412S-DBO3.6,SKQ202412S-DBO3.6-Chionoecetes opilio,8/13/2024,14:57:01,67.896156,-168.247056,Benthos,"Plumb-staff beam trawl,  2.26m opening, 7-mm mesh net, 4-mm cod end liner",Chionoecetes opilio,Species,urn:lsid:marinespecies.org:taxname:107315,"Fabricius, 1788",Animalia,Arthropoda,Malacostraca,Decapoda,Oregoniidae,Chionoecetes,biomass,Grams per 1000 square meter,1227.104915
SKQ202412S-DBO3.6,SKQ202412S-DBO3.6-Cistenides hyperborea,8/13/2024,14:57:01,67.896156,-168.247056,Benthos,"Plumb-staff beam trawl,  2.26m opening, 7-mm mesh net, 4-mm cod end liner",Cistenides hyperborea,Species,urn:lsid:marinespecies.org:taxname:157317,"Malmgren, 1866",Animalia,Annelida,Polychaeta,Terebellida,Pectinariidae,Cistenides,biomass,Grams per 1000 square meter,2225.479946
SKQ202412S-DBO3.6,SKQ202412S-DBO3.6-Cryptonatica affinis,8/13/2024,14:57:01,67.896156,-168.247056,Benthos,"Plumb-staff beam trawl,  2.26m opening, 7-mm mesh net, 4-mm cod end liner",Cryptonatica affinis,Species,urn:lsid:marinespecies.org:taxname:140525,"Gmelin, 1791",Animalia,Mollusca,Gastropoda,Littorinimorpha,Naticidae,Cryptonatica,biomass,Grams per 1000 square meter,136.0015523
SKQ202412S-DBO3.6,SKQ202412S-DBO3.6-Eualus gaimardii ,8/13/2024,14:57:01,67.896156,-168.247056,Benthos,"Plumb-staff beam trawl,  2.26m opening, 7-mm mesh net, 4-mm cod end liner",Eualus gaimardii ,Species,urn:lsid:marinespecies.org:taxname:107504,"H. Milne Edwards, 1837",Animalia,Arthropoda,Malacostraca,Decapoda,Thoridae,Eualus,biomass,Grams per 1000 square meter,95.81927547
SKQ202412S-DBO3.6,SKQ202412S-DBO3.6-Eualus macilentus,8/13/2024,14:57:01,67.896156,-168.247056,Benthos,"Plumb-staff beam trawl,  2.26m opening, 7-mm mesh net, 4-mm cod end liner",Eualus macilentus,Species,urn:lsid:marinespecies.org:taxname:158359,"Krøyer, 1841",Animalia,Arthropoda,Malacostraca,Decapoda,Thoridae,Eualus,biomass,Grams per 1000 square meter,49.45510992
SKQ202412S-DBO3.6,SKQ202412S-DBO3.6-Euspira pallida,8/13/2024,14:57:01,67.896156,-168.247056,Benthos,"Plumb-staff beam trawl,  2.26m opening, 7-mm mesh net, 4-mm cod end liner",Euspira pallida,Species,urn:lsid:marinespecies.org:taxname:140536,"Broderip & G. B. Sowerby I, 1829",Animalia,Mollusca,Gastropoda,Littorinimorpha,Naticidae,Euspira,biomass,Grams per 1000 square meter,123.6377748
SKQ202412S-DBO3.6,SKQ202412S-DBO3.6-Latisipho hypolispus,8/13/2024,14:57:01,67.896156,-168.247056,Benthos,"Plumb-staff beam trawl,  2.26m opening, 7-mm mesh net, 4-mm cod end liner",Latisipho hypolispus,Species,urn:lsid:marinespecies.org:taxname:491062,"Dall, 1891",Animalia,Mollusca,Gastropoda,Neogastropoda,Buccinidae,Latisipho,biomass,Grams per 1000 square meter,123.6377748
SKQ202412S-DBO3.6,SKQ202412S-DBO3.6-Leptasterias groenlandica,8/13/2024,14:57:01,67.896156,-168.247056,Benthos,"Plumb-staff beam trawl,  2.26m opening, 7-mm mesh net, 4-mm cod end liner",Leptasterias groenlandica,Species,urn:lsid:marinespecies.org:taxname:369176,"Steenstrup in Lutken, 1857",Animalia,Echinodermata,Asteroidea,Forcipulatida,Asteriidae,Leptasterias,biomass,Grams per 1000 square meter,1026.193531
SKQ202412S-DBO3.6,SKQ202412S-DBO3.6-Leptasterias polaris,8/13/2024,14:57:01,67.896156,-168.247056,Benthos,"Plumb-staff beam trawl,  2.26m opening, 7-mm mesh net, 4-mm cod end liner",Leptasterias (Hexasterias) polaris,Species,urn:lsid:marinespecies.org:taxname:125154,"Müller & Troschel, 1842",Animalia,Echinodermata,Asteroidea,Forcipulatida,Asteriidae,Leptasterias (Hexasterias),biomass,Grams per 1000 square meter,1038.557308
SKQ202412S-DBO3.6,SKQ202412S-DBO3.6-Melita formosa,8/13/2024,14:57:01,67.896156,-168.247056,Benthos,"Plumb-staff beam trawl,  2.26m opening, 7-mm mesh net, 4-mm cod end liner",Quasimelita formosa,Species,urn:lsid:marinespecies.org:taxname:423709,"Murdoch, 1885",Animalia,Arthropoda,Malacostraca,Amphipoda,Melitidae,Quasimelita,biomass,Grams per 1000 square meter,12.36377748
SKQ202412S-DBO3.6,SKQ202412S-DBO3.6-Neptunea heros,8/13/2024,14:57:01,67.896156,-168.247056,Benthos,"Plumb-staff beam trawl,  2.26m opening, 7-mm mesh net, 4-mm cod end liner",Neptunea heros,Species,urn:lsid:marinespecies.org:taxname:254479,"J. E. Gray, 1850",Animalia,Mollusca,Gastropoda,Neogastropoda,Buccinidae,Neptunea,biomass,Grams per 1000 square meter,618.188874
SKQ202412S-DBO3.6,SKQ202412S-DBO3.6-Ophiura sarsiii,8/13/2024,14:57:01,67.896156,-168.247056,Benthos,"Plumb-staff beam trawl,  2.26m opening, 7-mm mesh net, 4-mm cod end liner",Ophiura sarsiii,Species,urn:lsid:marinespecies.org:taxname:124934,"Lütken, 1855",Animalia,Echinodermata,Ophiuroidea,Ophiurida,Ophiuridae,Ophiura,biomass,Grams per 1000 square meter,2664.394047
SKQ202412S-DBO3.6,SKQ202412S-DBO3.6-Pagurus trigonocheirus,8/13/2024,14:57:01,67.896156,-168.247056,Benthos,"Plumb-staff beam trawl,  2.26m opening, 7-mm mesh net, 4-mm cod end liner",Pagurus trigonocheirus,Species,urn:lsid:marinespecies.org:taxname:254490,"Stimpson, 1858",Animalia,Arthropoda,Malacostraca,Decapoda,Paguridae,Pagurus,biomass,Grams per 1000 square meter,148.3653298
SKQ202412S-DBO3.6,SKQ202412S-DBO3.6-Phyllodoce groenlandica,8/13/2024,14:57:01,67.896156,-168.247056,Benthos,"Plumb-staff beam trawl,  2.26m opening, 7-mm mesh net, 4-mm cod end liner",Phyllodoce groenlandica,Species,urn:lsid:marinespecies.org:taxname:334506,"Örsted, 1842",Animalia,Annelida,Polychaeta,Phyllodocida,Phyllodocidae,Phyllodoce,biomass,Grams per 1000 square meter,12.36377748
SKQ202412S-DBO3.6,SKQ202412S-DBO3.6-Ampharetidae,8/13/2024,14:57:01,67.896156,-168.247056,Benthos,"Plumb-staff beam trawl,  2.26m opening, 7-mm mesh net, 4-mm cod end liner",Ampharetidae,Family,urn:lsid:marinespecies.org:taxname:981,"Malmgren, 1866",Animalia,Annelida,Polychaeta,Terebellida,Ampharetidae,n/a,biomass,Grams per 1000 square meter,296.7306595
SKQ202412S-DBO3.6,SKQ202412S-DBO3.6-Stegocephalidae,8/13/2024,14:57:01,67.896156,-168.247056,Benthos,"Plumb-staff beam trawl,  2.26m opening, 7-mm mesh net, 4-mm cod end liner",Stegocephalidae,Family,urn:lsid:marinespecies.org:taxname:101408,"Dana, 1852",Animalia,Arthropoda,Malacostraca,Amphipoda,Stegocephalidae,n/a,biomass,Grams per 1000 square meter,160.7291072
SKQ202412S-DBO3.6,SKQ202412S-DBO3.6-Stomphia,8/13/2024,14:57:01,67.896156,-168.247056,Benthos,"Plumb-staff beam trawl,  2.26m opening, 7-mm mesh net, 4-mm cod end liner",Stomphia,Genus,urn:lsid:marinespecies.org:taxname:100716,"Gosse, 1859",Animalia,Cnidaria,Hexacorallia,Actiniaria,Actinostolidae,Stomphia,biomass,Grams per 1000 square meter,2732.394823
SKQ202412S-DBO3.4,SKQ202412S-DBO3.4-Amicula vestita,8/14/2024,3:13:36,68.127488,-167.488458,Benthos,"Plumb-staff beam trawl,  2.26m opening, 7-mm mesh net, 4-mm cod end liner",Amicula amiculata,Species,urn:lsid:marinespecies.org:taxname:386339,"Pallas, 1788",Animalia,Mollusca,Polyplacophora,Chitonida,Mopaliidae,Amicula,biomass,Grams per 1000 square meter,2.347213599
SKQ202412S-DBO3.4,SKQ202412S-DBO3.4-Amphiura sundevalli,8/14/2024,3:13:36,68.127488,-167.488458,Benthos,"Plumb-staff beam trawl,  2.26m opening, 7-mm mesh net, 4-mm cod end liner",Amphiura sundevalli,Species,urn:lsid:marinespecies.org:taxname:125100,"Müller & Troschel, 1842",Animalia,Echinodermata,Ophiuroidea,Amphilepidida,Amphiuridae,Amphiura,biomass,Grams per 1000 square meter,2.347213599
SKQ202412S-DBO3.4,SKQ202412S-DBO3.4-Actiniaria,8/14/2024,3:13:36,68.127488,-167.488458,Benthos,"Plumb-staff beam trawl,  2.26m opening, 7-mm mesh net, 4-mm cod end liner",Actiniaria,Order,urn:lsid:marinespecies.org:taxname:1360,"Hertwig, 1882",Animalia,Cnidaria,Hexacorallia,Actiniaria,n/a,n/a,biomass,Grams per 1000 square meter,16.43049519
SKQ202412S-DBO3.4,SKQ202412S-DBO3.4-Argis,8/14/2024,3:13:36,68.127488,-167.488458,Benthos,"Plumb-staff beam trawl,  2.26m opening, 7-mm mesh net, 4-mm cod end liner",Argis,Genus,urn:lsid:marinespecies.org:taxname:107006,"Krøyer, 1843",Animalia,Arthropoda,Malacostraca,Decapoda,Crangonidae,Argis,biomass,Grams per 1000 square meter,248.8046415
SKQ202412S-DBO3.4,SKQ202412S-DBO3.4-Balanus nubilis,8/14/2024,3:13:36,68.127488,-167.488458,Benthos,"Plumb-staff beam trawl,  2.26m opening, 7-mm mesh net, 4-mm cod end liner",Balanus nubilus,Species,urn:lsid:marinespecies.org:taxname:594745,"Darwin, 1854",Animalia,Arthropoda,Thecostraca,Balanomorpha,Balanidae,Balanus,biomass,Grams per 1000 square meter,58.68033998
SKQ202412S-DBO3.4,SKQ202412S-DBO3.4-Beringius behringi,8/14/2024,3:13:36,68.127488,-167.488458,Benthos,"Plumb-staff beam trawl,  2.26m opening, 7-mm mesh net, 4-mm cod end liner",Beringius behringi,Species,urn:lsid:marinespecies.org:taxname:160112,"Middendorff, 1848",Animalia,Mollusca,Gastropoda,Neogastropoda,Buccinidae,Beringius,biomass,Grams per 1000 square meter,173.6938063
SKQ202412S-DBO3.4,SKQ202412S-DBO3.4-Boltenia echinata,8/14/2024,3:13:36,68.127488,-167.488458,Benthos,"Plumb-staff beam trawl,  2.26m opening, 7-mm mesh net, 4-mm cod end liner",Boltenia echinata,Species,urn:lsid:marinespecies.org:taxname:103814,"Linnaeus, 1767",Animalia,Chordata,Ascidiacea,Stolidobranchia,Pyuridae,Boltenia,biomass,Grams per 1000 square meter,138.4856023
SKQ202412S-DBO3.4,SKQ202412S-DBO3.4-Brachiopoda,8/14/2024,3:13:36,68.127488,-167.488458,Benthos,"Plumb-staff beam trawl,  2.26m opening, 7-mm mesh net, 4-mm cod end liner",Brachiopoda,Phylum,urn:lsid:marinespecies.org:taxname:1803,"Duméril, 1805",Animalia,Brachiopoda,n/a,n/a,n/a,n/a,biomass,Grams per 1000 square meter,7.041640797
SKQ202412S-DBO3.4,SKQ202412S-DBO3.4-Bryozoa soft lobed,8/14/2024,3:13:36,68.127488,-167.488458,Benthos,"Plumb-staff beam trawl,  2.26m opening, 7-mm mesh net, 4-mm cod end liner",Bryozoa soft lobed,Phylum,urn:lsid:marinespecies.org:taxname:146142,n/a,Animalia,Bryozoa,n/a,n/a,n/a,n/a,biomass,Grams per 1000 square meter,9.388854396
SKQ202412S-DBO3.4,SKQ202412S-DBO3.4-Chionoecetes opilio,8/14/2024,3:13:36,68.127488,-167.488458,Benthos,"Plumb-staff beam trawl,  2.26m opening, 7-mm mesh net, 4-mm cod end liner",Chionoecetes opilio,Species,urn:lsid:marinespecies.org:taxname:107315,"Fabricius, 1788",Animalia,Arthropoda,Malacostraca,Decapoda,Oregoniidae,Chionoecetes,biomass,Grams per 1000 square meter,2234.547346
SKQ202412S-DBO3.4,SKQ202412S-DBO3.4-Chlamys behringiana,8/14/2024,3:13:36,68.127488,-167.488458,Benthos,"Plumb-staff beam trawl,  2.26m opening, 7-mm mesh net, 4-mm cod end liner",Chlamys behringiana,Species,urn:lsid:marinespecies.org:taxname:391825,"Middendorff, 1849",Animalia,Mollusca,Bivalvia,Pectinida,Pectinidae,Chlamys,biomass,Grams per 1000 square meter,1255.759276
SKQ202412S-DBO3.4,SKQ202412S-DBO3.4-Cistenides hyperborea,8/14/2024,3:13:36,68.127488,-167.488458,Benthos,"Plumb-staff beam trawl,  2.26m opening, 7-mm mesh net, 4-mm cod end liner",Cistenides hyperborea,Species,urn:lsid:marinespecies.org:taxname:157317,"Malmgren, 1866",Animalia,Annelida,Polychaeta,Terebellida,Pectinariidae,Cistenides,biomass,Grams per 1000 square meter,4.694427198
SKQ202412S-DBO3.4,SKQ202412S-DBO3.4-Dendrodoa lineata,8/14/2024,3:13:36,68.127488,-167.488458,Benthos,"Plumb-staff beam trawl,  2.26m opening, 7-mm mesh net, 4-mm cod end liner",Dendrodoa lineata,Species,urn:lsid:marinespecies.org:taxname:103883,"Traustedt, 1880",Animalia,Chordata,Ascidiacea,Stolidobranchia,Styelidae,Dendrodoa,biomass,Grams per 1000 square meter,2.347213599
SKQ202412S-DBO3.4,SKQ202412S-DBO3.4-Diastylis alaskensis,8/14/2024,3:13:36,68.127488,-167.488458,Benthos,"Plumb-staff beam trawl,  2.26m opening, 7-mm mesh net, 4-mm cod end liner",Diastylis alaskensis,Species,urn:lsid:marinespecies.org:taxname:181923,"Calman, 1912",Animalia,Arthropoda,Malacostraca,Cumacea,Diastylidae,Diastylis,biomass,Grams per 1000 square meter,2.347213599
SKQ202412S-DBO3.4,SKQ202412S-DBO3.4-Eualus gaimardii ,8/14/2024,3:13:36,68.127488,-167.488458,Benthos,"Plumb-staff beam trawl,  2.26m opening, 7-mm mesh net, 4-mm cod end liner",Eualus gaimardii ,Species,urn:lsid:marinespecies.org:taxname:107504,"H. Milne Edwards, 1837",Animalia,Arthropoda,Malacostraca,Decapoda,Thoridae,Eualus,biomass,Grams per 1000 square meter,21.12492239
SKQ202412S-DBO3.4,SKQ202412S-DBO3.4-Eucratea loricata,8/14/2024,3:13:36,68.127488,-167.488458,Benthos,"Plumb-staff beam trawl,  2.26m opening, 7-mm mesh net, 4-mm cod end liner",Eucratea loricata,Species,urn:lsid:marinespecies.org:taxname:111361,"Linnaeus, 1758",Animalia,Bryozoa,Gymnolaemata,Cheilostomatida,Eucrateidae,Eucratea,biomass,Grams per 1000 square meter,4.694427198
SKQ202412S-DBO3.4,SKQ202412S-DBO3.4-Gersemia rubiformis,8/14/2024,3:13:36,68.127488,-167.488458,Benthos,"Plumb-staff beam trawl,  2.26m opening, 7-mm mesh net, 4-mm cod end liner",Gersemia rubiformis,Species,urn:lsid:marinespecies.org:taxname:156103,"Ehrenberg, 1834",Animalia,Cnidaria,Octocorallia,Malacalcyonacea,Alcyoniidae,Gersemia,biomass,Grams per 1000 square meter,7.041640797
SKQ202412S-DBO3.4,SKQ202412S-DBO3.4-Golfingia margaritacea,8/14/2024,3:13:36,68.127488,-167.488458,Benthos,"Plumb-staff beam trawl,  2.26m opening, 7-mm mesh net, 4-mm cod end liner",Golfingia margaritacea,Species,urn:lsid:marinespecies.org:taxname:175027,"Sars, 1851",Animalia,Annelida,n/a,Sipuncula,Golfingiidae,Golfingia,biomass,Grams per 1000 square meter,7.041640797
SKQ202412S-DBO3.4,SKQ202412S-DBO3.4-Gorgonocephalus eucnemis,8/14/2024,3:13:36,68.127488,-167.488458,Benthos,"Plumb-staff beam trawl,  2.26m opening, 7-mm mesh net, 4-mm cod end liner",Gorgonocephalus eucnemis,Species,urn:lsid:marinespecies.org:taxname:124969,"Müller & Troschel, 1842",Animalia,Echinodermata,Ophiuroidea,Euryalida,Gorgonocephalidae,Gorgonocephalus,biomass,Grams per 1000 square meter,445.9705838
SKQ202412S-DBO3.4,SKQ202412S-DBO3.4-Halichondria panicea,8/14/2024,3:13:36,68.127488,-167.488458,Benthos,"Plumb-staff beam trawl,  2.26m opening, 7-mm mesh net, 4-mm cod end liner",Halichondria panicea,Species,urn:lsid:marinespecies.org:taxname:165853,"Pallas, 1766",Animalia,Porifera,Demospongiae,Suberitida,Halichondriidae,Halichondria,biomass,Grams per 1000 square meter,16.43049519
SKQ202412S-DBO3.4,SKQ202412S-DBO3.4-Halocynthia aurantium,8/14/2024,3:13:36,68.127488,-167.488458,Benthos,"Plumb-staff beam trawl,  2.26m opening, 7-mm mesh net, 4-mm cod end liner",Halocynthia aurantium,Species,urn:lsid:marinespecies.org:taxname:250674,"Pallas, 1787",Animalia,Chordata,Ascidiacea,Stolidobranchia,Pyuridae,Halocynthia,biomass,Grams per 1000 square meter,6187.255047
SKQ202412S-DBO3.4,SKQ202412S-DBO3.4-Heteropora,8/14/2024,3:13:36,68.127488,-167.488458,Benthos,"Plumb-staff beam trawl,  2.26m opening, 7-mm mesh net, 4-mm cod end liner",Heteropora,Genus,urn:lsid:marinespecies.org:taxname:248342,"de Blainville, 1830",Animalia,Bryozoa,Stenolaemata,Cyclostomatida,Heteroporidae,Heteropora,biomass,Grams per 1000 square meter,1.1736068
SKQ202412S-DBO3.4,SKQ202412S-DBO3.4-Hiatella arctica,8/14/2024,3:13:36,68.127488,-167.488458,Benthos,"Plumb-staff beam trawl,  2.26m opening, 7-mm mesh net, 4-mm cod end liner",Hiatella arctica,Species,urn:lsid:marinespecies.org:taxname:140103,"Linnaeus, 1767",Animalia,Mollusca,Bivalvia,Adapedonta,Hiatellidae,Hiatella,biomass,Grams per 1000 square meter,7.041640797
SKQ202412S-DBO3.4,SKQ202412S-DBO3.4-Hyas coarctatus,8/14/2024,3:13:36,68.127488,-167.488458,Benthos,"Plumb-staff beam trawl,  2.26m opening, 7-mm mesh net, 4-mm cod end liner",Hyas coarctatus,Species,urn:lsid:marinespecies.org:taxname:107323,"Leach, 1815",Animalia,Arthropoda,Malacostraca,Decapoda,Oregoniidae,Hyas,biomass,Grams per 1000 square meter,457.7066518
SKQ202412S-DBO3.4,SKQ202412S-DBO3.4-Hydroidea,8/14/2024,3:13:36,68.127488,-167.488458,Benthos,"Plumb-staff beam trawl,  2.26m opening, 7-mm mesh net, 4-mm cod end liner",Hydrozoa,Class,urn:lsid:marinespecies.org:taxname:1337,"Owen, 1843",Animalia,Cnidaria,Hydrozoa,n/a,n/a,n/a,biomass,Grams per 1000 square meter,14.08328159
SKQ202412S-DBO3.4,SKQ202412S-DBO3.4-Maera prionochira,8/14/2024,3:13:36,68.127488,-167.488458,Benthos,"Plumb-staff beam trawl,  2.26m opening, 7-mm mesh net, 4-mm cod end liner",Maera danae,Species,urn:lsid:marinespecies.org:taxname:158037,"Stimpson, 1853",Animalia,Arthropoda,Malacostraca,Amphipoda,Maeridae,Maera,biomass,Grams per 1000 square meter,1.1736068
SKQ202412S-DBO3.4,SKQ202412S-DBO3.4-Maldanidae,8/14/2024,3:13:36,68.127488,-167.488458,Benthos,"Plumb-staff beam trawl,  2.26m opening, 7-mm mesh net, 4-mm cod end liner",Maldanidae,Family,urn:lsid:marinespecies.org:taxname:923,"Malmgren, 1867",Animalia,Annelida,Polychaeta,n/a,Maldanidae,n/a,biomass,Grams per 1000 square meter,1.1736068
SKQ202412S-DBO3.4,SKQ202412S-DBO3.4-Margarites costalis,8/14/2024,3:13:36,68.127488,-167.488458,Benthos,"Plumb-staff beam trawl,  2.26m opening, 7-mm mesh net, 4-mm cod end liner",Margarites costalis,Species,urn:lsid:marinespecies.org:taxname:141819,"A. Gould, 1841",Animalia,Mollusca,Gastropoda,Trochida,Margaritidae,Margarites,biomass,Grams per 1000 square meter,14.08328159
SKQ202412S-DBO3.4,SKQ202412S-DBO3.4-Melita dentata,8/14/2024,3:13:36,68.127488,-167.488458,Benthos,"Plumb-staff beam trawl,  2.26m opening, 7-mm mesh net, 4-mm cod end liner",Megamoera dentata,Species,urn:lsid:marinespecies.org:taxname:423508,"Krøyer, 1842",Animalia,Arthropoda,Malacostraca,Amphipoda,Melitidae,Megamoera,biomass,Grams per 1000 square meter,2.347213599
SKQ202412S-DBO3.4,SKQ202412S-DBO3.4-Nereis pelagica,8/14/2024,3:13:36,68.127488,-167.488458,Benthos,"Plumb-staff beam trawl,  2.26m opening, 7-mm mesh net, 4-mm cod end liner",Nereis pelagica,Species,urn:lsid:marinespecies.org:taxname:130404,"Linnaeus, 1758",Animalia,Annelida,Polychaeta,Phyllodocida,Nereididae,Nereis,biomass,Grams per 1000 square meter,0.23472136
SKQ202412S-DBO3.4,SKQ202412S-DBO3.4-Ophiopholis aculeata,8/14/2024,3:13:36,68.127488,-167.488458,Benthos,"Plumb-staff beam trawl,  2.26m opening, 7-mm mesh net, 4-mm cod end liner",Ophiopholis aculeata,Species,urn:lsid:marinespecies.org:taxname:125125,"Linnaeus, 1767",Animalia,Echinodermata,Ophiuroidea,Amphilepidida,Ophiopholidae,Ophiopholis,biomass,Grams per 1000 square meter,7.041640797
SKQ202412S-DBO3.4,SKQ202412S-DBO3.4-Ophiura robusta,8/14/2024,3:13:36,68.127488,-167.488458,Benthos,"Plumb-staff beam trawl,  2.26m opening, 7-mm mesh net, 4-mm cod end liner",Ophiura robusta,Species,urn:lsid:marinespecies.org:taxname:124933,"Ayres, 1852",Animalia,Echinodermata,Ophiuroidea,Ophiurida,Ophiuridae,Ophiura,biomass,Grams per 1000 square meter,1.1736068
SKQ202412S-DBO3.4,SKQ202412S-DBO3.4-Pandalus borealis eous,8/14/2024,3:13:36,68.127488,-167.488458,Benthos,"Plumb-staff beam trawl,  2.26m opening, 7-mm mesh net, 4-mm cod end liner",Pandalus borealis eous,Species,urn:lsid:marinespecies.org:taxname:515463,"Makarov, 1935",Animalia,Arthropoda,Malacostraca,Decapoda,Pandalidae,Pandalus,biomass,Grams per 1000 square meter,227.6797191
SKQ202412S-DBO3.4,SKQ202412S-DBO3.4-Polynoidae,8/14/2024,3:13:36,68.127488,-167.488458,Benthos,"Plumb-staff beam trawl,  2.26m opening, 7-mm mesh net, 4-mm cod end liner",Polynoidae,Family,urn:lsid:marinespecies.org:taxname:939,"Kinberg, 1856",Animalia,Annelida,Polychaeta,Phyllodocida,Polynoidae,n/a,biomass,Grams per 1000 square meter,4.694427198
SKQ202412S-DBO3.4,SKQ202412S-DBO3.4-Pteraster obscurus,8/14/2024,3:13:36,68.127488,-167.488458,Benthos,"Plumb-staff beam trawl,  2.26m opening, 7-mm mesh net, 4-mm cod end liner",Pteraster obscurus,Species,urn:lsid:marinespecies.org:taxname:124149,"Perrier, 1891",Animalia,Echinodermata,Asteroidea,Velatida,Pterasteridae,Pteraster,biomass,Grams per 1000 square meter,124.4023208
SKQ202412S-DBO3.4,SKQ202412S-DBO3.4-Sclerocrangon boreas,8/14/2024,3:13:36,68.127488,-167.488458,Benthos,"Plumb-staff beam trawl,  2.26m opening, 7-mm mesh net, 4-mm cod end liner",Sclerocrangon boreas,Species,urn:lsid:marinespecies.org:taxname:107568,"Phipps, 1774",Animalia,Arthropoda,Malacostraca,Decapoda,Crangonidae,Sclerocrangon,biomass,Grams per 1000 square meter,53.98591278
SKQ202412S-DBO3.4,SKQ202412S-DBO3.4-Sertularia robusta,8/14/2024,3:13:36,68.127488,-167.488458,Benthos,"Plumb-staff beam trawl,  2.26m opening, 7-mm mesh net, 4-mm cod end liner",Sertularia robusta,Species,urn:lsid:marinespecies.org:taxname:117923,"Clark, 1877",Animalia,Cnidaria,Hydrozoa,Leptothecata,Sertulariidae,Sertularia,biomass,Grams per 1000 square meter,23.47213599
SKQ202412S-DBO3.4,SKQ202412S-DBO3.4-Spirontocaris,8/14/2024,3:13:36,68.127488,-167.488458,Benthos,"Plumb-staff beam trawl,  2.26m opening, 7-mm mesh net, 4-mm cod end liner",Spirontocaris,Genus,urn:lsid:marinespecies.org:taxname:106994,"Spence Bate, 1888",Animalia,Arthropoda,Malacostraca,Decapoda,Thoridae,Spirontocaris,biomass,Grams per 1000 square meter,16.43049519
SKQ202412S-DBO3.4,SKQ202412S-DBO3.4-Stenosemus albus,8/14/2024,3:13:36,68.127488,-167.488458,Benthos,"Plumb-staff beam trawl,  2.26m opening, 7-mm mesh net, 4-mm cod end liner",Stenosemus albus,Species,urn:lsid:marinespecies.org:taxname:247773,"Linnaeus, 1767",Animalia,Mollusca,Polyplacophora,Chitonida,Ischnochitonidae,Stenosemus,biomass,Grams per 1000 square meter,0.23472136
SKQ202412S-DBO3.4,SKQ202412S-DBO3.4-Stomphia,8/14/2024,3:13:36,68.127488,-167.488458,Benthos,"Plumb-staff beam trawl,  2.26m opening, 7-mm mesh net, 4-mm cod end liner",Stomphia,Genus,urn:lsid:marinespecies.org:taxname:100716,"Gosse, 1859",Animalia,Cnidaria,Hexacorallia,Actiniaria,Actinostolidae,Stomphia,biomass,Grams per 1000 square meter,98.58297116
SKQ202412S-DBO3.4,SKQ202412S-DBO3.4-Strongylocentrotus pallidus,8/14/2024,3:13:36,68.127488,-167.488458,Benthos,"Plumb-staff beam trawl,  2.26m opening, 7-mm mesh net, 4-mm cod end liner",Strongylocentrotus pallidus,Species,urn:lsid:marinespecies.org:taxname:124324,"Sars G.O., 1872",Animalia,Echinodermata,Echinoidea,Camarodonta,Strongylocentrotidae,Strongylocentrotus,biomass,Grams per 1000 square meter,11585.84633
SKQ202412S-DBO3.4,SKQ202412S-DBO3.4-Styela rustica,8/14/2024,3:13:36,68.127488,-167.488458,Benthos,"Plumb-staff beam trawl,  2.26m opening, 7-mm mesh net, 4-mm cod end liner",Styela rustica,Species,urn:lsid:marinespecies.org:taxname:103937,"Linnaeus, 1767",Animalia,Chordata,Ascidiacea,Stolidobranchia,Styelidae,Styela,biomass,Grams per 1000 square meter,89.19411677
SKQ202412S-DBO3.2,SKQ202412S-DBO3.2-Abietinaria,8/14/2024,8:17:18,68.242117,-167.117382,Benthos,"Plumb-staff beam trawl,  2.26m opening, 7-mm mesh net, 4-mm cod end liner",Abietinaria,Genus,urn:lsid:marinespecies.org:taxname:117225,"Kirchenpauer, 1884",Animalia,Cnidaria,Hydrozoa,Leptothecata,Sertulariidae,Abietinaria,biomass,Grams per 1000 square meter,9.786628616
SKQ202412S-DBO3.2,SKQ202412S-DBO3.2-Arctolembos arcticus,8/14/2024,8:17:18,68.242117,-167.117382,Benthos,"Plumb-staff beam trawl,  2.26m opening, 7-mm mesh net, 4-mm cod end liner",Arctolembos arcticus,Species,urn:lsid:marinespecies.org:taxname:102014,"Hansen, 1888",Animalia,Arthropoda,Malacostraca,Amphipoda,Aoridae,Arctolembos,biomass,Grams per 1000 square meter,2.446657154
SKQ202412S-DBO3.2,SKQ202412S-DBO3.2-Argis,8/14/2024,8:17:18,68.242117,-167.117382,Benthos,"Plumb-staff beam trawl,  2.26m opening, 7-mm mesh net, 4-mm cod end liner",Argis,Genus,urn:lsid:marinespecies.org:taxname:107006,"Krøyer, 1843",Animalia,Arthropoda,Malacostraca,Decapoda,Crangonidae,Argis,biomass,Grams per 1000 square meter,107.6529148
SKQ202412S-DBO3.2,SKQ202412S-DBO3.2-Ariadnaria borealis,8/14/2024,8:17:18,68.242117,-167.117382,Benthos,"Plumb-staff beam trawl,  2.26m opening, 7-mm mesh net, 4-mm cod end liner",Ariadnaria borealis,Species,urn:lsid:marinespecies.org:taxname:714762,"Broderip & G. B. Sowerby I, 1829",Animalia,Mollusca,Gastropoda,Littorinimorpha,Capulidae,Ariadnaria,biomass,Grams per 1000 square meter,19.57325723
SKQ202412S-DBO3.2,SKQ202412S-DBO3.2-Asterias amurensis,8/14/2024,8:17:18,68.242117,-167.117382,Benthos,"Plumb-staff beam trawl,  2.26m opening, 7-mm mesh net, 4-mm cod end liner",Asterias amurensis,Species,urn:lsid:marinespecies.org:taxname:254497,"Lutken, 1871",Animalia,Echinodermata,Asteroidea,Forcipulatida,Asteriidae,Asterias,biomass,Grams per 1000 square meter,3302.987158
SKQ202412S-DBO3.2,SKQ202412S-DBO3.2-Chelyosoma maclaeyanum,8/14/2024,8:17:18,68.242117,-167.117382,Benthos,"Plumb-staff beam trawl,  2.26m opening, 7-mm mesh net, 4-mm cod end liner",Chelyosoma maclaeyanum,Species,urn:lsid:marinespecies.org:taxname:103740,"Broderip & Sowerby, 1830",Animalia,Chordata,Ascidiacea,Phlebobranchia,Corellidae,Chelyosoma,biomass,Grams per 1000 square meter,648.3641458
SKQ202412S-DBO3.2,SKQ202412S-DBO3.2-Chionoecetes opilio,8/14/2024,8:17:18,68.242117,-167.117382,Benthos,"Plumb-staff beam trawl,  2.26m opening, 7-mm mesh net, 4-mm cod end liner",Chionoecetes opilio,Species,urn:lsid:marinespecies.org:taxname:107315,"Fabricius, 1788",Animalia,Arthropoda,Malacostraca,Decapoda,Oregoniidae,Chionoecetes,biomass,Grams per 1000 square meter,489.3314308
SKQ202412S-DBO3.2,SKQ202412S-DBO3.2-Crossaster papposus,8/14/2024,8:17:18,68.242117,-167.117382,Benthos,"Plumb-staff beam trawl,  2.26m opening, 7-mm mesh net, 4-mm cod end liner",Crossaster papposus,Species,urn:lsid:marinespecies.org:taxname:124154,"Linnaeus, 1767",Animalia,Echinodermata,Asteroidea,Valvatida,Solasteridae,Crossaster,biomass,Grams per 1000 square meter,26.91322869
SKQ202412S-DBO3.2,SKQ202412S-DBO3.2-Dendrobaenia,8/14/2024,8:17:18,68.242117,-167.117382,Benthos,"Plumb-staff beam trawl,  2.26m opening, 7-mm mesh net, 4-mm cod end liner",Dendrobaenia,Genus,urn:lsid:marinespecies.org:taxname:1040049,"Eisen, 1874",Animalia,Annelida,Clitellata,Crassiclitellata,Lumbricidae,Dendrobaena,biomass,Grams per 1000 square meter,14.67994292
SKQ202412S-DBO3.2,SKQ202412S-DBO3.2-Diastylis alaskensis,8/14/2024,8:17:18,68.242117,-167.117382,Benthos,"Plumb-staff beam trawl,  2.26m opening, 7-mm mesh net, 4-mm cod end liner",Diastylis alaskensis,Species,urn:lsid:marinespecies.org:taxname:181923,"Calman, 1912",Animalia,Arthropoda,Malacostraca,Cumacea,Diastylidae,Diastylis,biomass,Grams per 1000 square meter,1.223328577
SKQ202412S-DBO3.2,SKQ202412S-DBO3.2-Diplosoma listerianum,8/14/2024,8:17:18,68.242117,-167.117382,Benthos,"Plumb-staff beam trawl,  2.26m opening, 7-mm mesh net, 4-mm cod end liner",Diplosoma listerianum,Species,urn:lsid:marinespecies.org:taxname:103579,"Milne Edwards, 1841",Animalia,Chordata,Ascidiacea,Aplousobranchia,Didemnidae,Diplosoma,biomass,Grams per 1000 square meter,17.12660008
SKQ202412S-DBO3.2,SKQ202412S-DBO3.2-Eunoe depressa,8/14/2024,8:17:18,68.242117,-167.117382,Benthos,"Plumb-staff beam trawl,  2.26m opening, 7-mm mesh net, 4-mm cod end liner",Eunoe depressa,Species,urn:lsid:marinespecies.org:taxname:254455,"Moore, 1905",Animalia,Annelida,Polychaeta,Phyllodocida,Polynoidae,Eunoe,biomass,Grams per 1000 square meter,2.446657154
SKQ202412S-DBO3.2,SKQ202412S-DBO3.2-Gersemia rubiformis,8/14/2024,8:17:18,68.242117,-167.117382,Benthos,"Plumb-staff beam trawl,  2.26m opening, 7-mm mesh net, 4-mm cod end liner",Gersemia rubiformis,Species,urn:lsid:marinespecies.org:taxname:156103,"Ehrenberg, 1834",Animalia,Cnidaria,Octocorallia,Malacalcyonacea,Alcyoniidae,Gersemia,biomass,Grams per 1000 square meter,129.6728292
SKQ202412S-DBO3.2,SKQ202412S-DBO3.2-Gorgonocephalus eucnemis,8/14/2024,8:17:18,68.242117,-167.117382,Benthos,"Plumb-staff beam trawl,  2.26m opening, 7-mm mesh net, 4-mm cod end liner",Gorgonocephalus eucnemis,Species,urn:lsid:marinespecies.org:taxname:124969,"Müller & Troschel, 1842",Animalia,Echinodermata,Ophiuroidea,Euryalida,Gorgonocephalidae,Gorgonocephalus,biomass,Grams per 1000 square meter,3400.853444
SKQ202412S-DBO3.2,SKQ202412S-DBO3.2-Halocynthia aurantium,8/14/2024,8:17:18,68.242117,-167.117382,Benthos,"Plumb-staff beam trawl,  2.26m opening, 7-mm mesh net, 4-mm cod end liner",Halocynthia aurantium,Species,urn:lsid:marinespecies.org:taxname:250674,"Pallas, 1787",Animalia,Chordata,Ascidiacea,Stolidobranchia,Pyuridae,Halocynthia,biomass,Grams per 1000 square meter,305.8321442
SKQ202412S-DBO3.2,SKQ202412S-DBO3.2-Harmothoe imbricata,8/14/2024,8:17:18,68.242117,-167.117382,Benthos,"Plumb-staff beam trawl,  2.26m opening, 7-mm mesh net, 4-mm cod end liner",Harmothoe imbricata,Species,urn:lsid:marinespecies.org:taxname:130769,"Linnaeus, 1767",Animalia,Annelida,Polychaeta,Phyllodocida,Polynoidae,Harmothoe,biomass,Grams per 1000 square meter,1.223328577
SKQ202412S-DBO3.2,SKQ202412S-DBO3.2-Henricia tumida,8/14/2024,8:17:18,68.242117,-167.117382,Benthos,"Plumb-staff beam trawl,  2.26m opening, 7-mm mesh net, 4-mm cod end liner",Henricia tumida,Species,urn:lsid:marinespecies.org:taxname:369147,"Verrill, 1909",Animalia,Echinodermata,Asteroidea,Spinulosida,Echinasteridae,Henricia,biomass,Grams per 1000 square meter,1.223328577
SKQ202412S-DBO3.2,SKQ202412S-DBO3.2-Hyas coarctatus,8/14/2024,8:17:18,68.242117,-167.117382,Benthos,"Plumb-staff beam trawl,  2.26m opening, 7-mm mesh net, 4-mm cod end liner",Hyas coarctatus,Species,urn:lsid:marinespecies.org:taxname:107323,"Leach, 1815",Animalia,Arthropoda,Malacostraca,Decapoda,Oregoniidae,Hyas,biomass,Grams per 1000 square meter,633.6842029
SKQ202412S-DBO3.2,SKQ202412S-DBO3.2-Labidochirus splendescens,8/14/2024,8:17:18,68.242117,-167.117382,Benthos,"Plumb-staff beam trawl,  2.26m opening, 7-mm mesh net, 4-mm cod end liner",Labidochirus splendescens,Species,urn:lsid:marinespecies.org:taxname:248348,"Owen, 1839",Animalia,Arthropoda,Malacostraca,Decapoda,Paguridae,Labidochirus,biomass,Grams per 1000 square meter,73.39971462
SKQ202412S-DBO3.2,SKQ202412S-DBO3.2-Leptasterias arctica,8/14/2024,8:17:18,68.242117,-167.117382,Benthos,"Plumb-staff beam trawl,  2.26m opening, 7-mm mesh net, 4-mm cod end liner",Leptasterias arctica,Species,urn:lsid:marinespecies.org:taxname:369158,"Murdoch, 1885",Animalia,Echinodermata,Asteroidea,Forcipulatida,Asteriidae,Leptasterias,biomass,Grams per 1000 square meter,528.4779452
SKQ202412S-DBO3.2,SKQ202412S-DBO3.2-Lethasterias nanimensis,8/14/2024,8:17:18,68.242117,-167.117382,Benthos,"Plumb-staff beam trawl,  2.26m opening, 7-mm mesh net, 4-mm cod end liner",Lethasterias nanimensis,Species,urn:lsid:marinespecies.org:taxname:254499,"Verrill, 1914",Animalia,Echinodermata,Asteroidea,Forcipulatida,Asteriidae,Lethasterias,biomass,Grams per 1000 square meter,242.2190582
SKQ202412S-DBO3.2,SKQ202412S-DBO3.2-Maera prionochira,8/14/2024,8:17:18,68.242117,-167.117382,Benthos,"Plumb-staff beam trawl,  2.26m opening, 7-mm mesh net, 4-mm cod end liner",Maera danae,Species,urn:lsid:marinespecies.org:taxname:158037,"Stimpson, 1853",Animalia,Arthropoda,Malacostraca,Amphipoda,Maeridae,Maera,biomass,Grams per 1000 square meter,0.244665715
SKQ202412S-DBO3.2,SKQ202412S-DBO3.2-Pandalus borealis eous,8/14/2024,8:17:18,68.242117,-167.117382,Benthos,"Plumb-staff beam trawl,  2.26m opening, 7-mm mesh net, 4-mm cod end liner",Pandalus borealis eous,Species,urn:lsid:marinespecies.org:taxname:515463,"Makarov, 1935",Animalia,Arthropoda,Malacostraca,Decapoda,Pandalidae,Pandalus,biomass,Grams per 1000 square meter,63.613086
SKQ202412S-DBO3.2,SKQ202412S-DBO3.2-Paramphithoe polyacantha,8/14/2024,8:17:18,68.242117,-167.117382,Benthos,"Plumb-staff beam trawl,  2.26m opening, 7-mm mesh net, 4-mm cod end liner",Paramphithoe polyacantha,Species,urn:lsid:marinespecies.org:taxname:102154,"Murdoch, 1885",Animalia,Arthropoda,Malacostraca,Amphipoda,Paramphithoidae,Paramphithoe,biomass,Grams per 1000 square meter,2.446657154
SKQ202412S-DBO3.2,SKQ202412S-DBO3.2-Pododesmus macrochisma,8/14/2024,8:17:18,68.242117,-167.117382,Benthos,"Plumb-staff beam trawl,  2.26m opening, 7-mm mesh net, 4-mm cod end liner",Pododesmus macrochisma,Species,urn:lsid:marinespecies.org:taxname:758426,"Deshayes, 1839",Animalia,Mollusca,Bivalvia,Pectinida,Anomiidae,Pododesmus,biomass,Grams per 1000 square meter,127.226172
SKQ202412S-DBO3.2,SKQ202412S-DBO3.2-Porifera,8/14/2024,8:17:18,68.242117,-167.117382,Benthos,"Plumb-staff beam trawl,  2.26m opening, 7-mm mesh net, 4-mm cod end liner",Porifera,Phylum,urn:lsid:marinespecies.org:taxname:558,"Grant, 1836",Animalia,Porifera,n/a,n/a,n/a,n/a,biomass,Grams per 1000 square meter,239.7724011
SKQ202412S-DBO3.2,SKQ202412S-DBO3.2-Sclerocrangon boreas,8/14/2024,8:17:18,68.242117,-167.117382,Benthos,"Plumb-staff beam trawl,  2.26m opening, 7-mm mesh net, 4-mm cod end liner",Sclerocrangon boreas,Species,urn:lsid:marinespecies.org:taxname:107568,"Phipps, 1774",Animalia,Arthropoda,Malacostraca,Decapoda,Crangonidae,Sclerocrangon,biomass,Grams per 1000 square meter,325.4054015
SKQ202412S-DBO3.2,SKQ202412S-DBO3.2-Solariella obscura,8/14/2024,8:17:18,68.242117,-167.117382,Benthos,"Plumb-staff beam trawl,  2.26m opening, 7-mm mesh net, 4-mm cod end liner",Solariella obscura,Species,urn:lsid:marinespecies.org:taxname:141840,"Couthouy, 1838",Animalia,Mollusca,Gastropoda,Trochida,Solariellidae,Solariella,biomass,Grams per 1000 square meter,4.893314308
SKQ202412S-DBO3.2,SKQ202412S-DBO3.2-Strongylocentrotus pallidus,8/14/2024,8:17:18,68.242117,-167.117382,Benthos,"Plumb-staff beam trawl,  2.26m opening, 7-mm mesh net, 4-mm cod end liner",Strongylocentrotus pallidus,Species,urn:lsid:marinespecies.org:taxname:124324,"Sars G.O., 1872",Animalia,Echinodermata,Echinoidea,Camarodonta,Strongylocentrotidae,Strongylocentrotus,biomass,Grams per 1000 square meter,6513.001344
SKQ202412S-DBO3.2,SKQ202412S-DBO3.2-Styela rustica,8/14/2024,8:17:18,68.242117,-167.117382,Benthos,"Plumb-staff beam trawl,  2.26m opening, 7-mm mesh net, 4-mm cod end liner",Styela rustica,Species,urn:lsid:marinespecies.org:taxname:103937,"Linnaeus, 1767",Animalia,Chordata,Ascidiacea,Stolidobranchia,Styelidae,Styela,biomass,Grams per 1000 square meter,2.446657154
SKQ202412S-DBO3.2,SKQ202412S-DBO3.2-Telmessus cheiragonus,8/14/2024,8:17:18,68.242117,-167.117382,Benthos,"Plumb-staff beam trawl,  2.26m opening, 7-mm mesh net, 4-mm cod end liner",Telmessus cheiragonus,Species,urn:lsid:marinespecies.org:taxname:254360,"Tilesius, 1815",Animalia,Arthropoda,Malacostraca,Decapoda,Cheiragonidae,Telmessus,biomass,Grams per 1000 square meter,408.5917447
SKQ202412S-IC11,SKQ202412S-IC11-Alcyonidium disciforme,8/15/2024,7:40:15,70.575143,-162.505659,Benthos,"Plumb-staff beam trawl,  2.26m opening, 7-mm mesh net, 4-mm cod end liner",Alcyonidium disciforme,Species,urn:lsid:marinespecies.org:taxname:111598,"Smitt, 1872",Animalia,Bryozoa,Gymnolaemata,Ctenostomatida,Alcyonidiidae,Alcyonidium,biomass,Grams per 1000 square meter,163.349192
SKQ202412S-IC11,SKQ202412S-IC11-Alcyonidium gelatinosum,8/15/2024,7:40:15,70.575143,-162.505659,Benthos,"Plumb-staff beam trawl,  2.26m opening, 7-mm mesh net, 4-mm cod end liner",Alcyonidium gelatinosum,Species,urn:lsid:marinespecies.org:taxname:111600,"Linnaeus, 1761",Animalia,Bryozoa,Gymnolaemata,Ctenostomatida,Alcyonidiidae,Alcyonidium,biomass,Grams per 1000 square meter,1605.328266
SKQ202412S-IC11,SKQ202412S-IC11-Anonyx,8/15/2024,7:40:15,70.575143,-162.505659,Benthos,"Plumb-staff beam trawl,  2.26m opening, 7-mm mesh net, 4-mm cod end liner",Anonyx,Genus,urn:lsid:marinespecies.org:taxname:101592,"Krøyer, 1838",Animalia,Arthropoda,Malacostraca,Amphipoda,Uristidae,Anonyx,biomass,Grams per 1000 square meter,14.08182689
SKQ202412S-IC11,SKQ202412S-IC11-Argis,8/15/2024,7:40:15,70.575143,-162.505659,Benthos,"Plumb-staff beam trawl,  2.26m opening, 7-mm mesh net, 4-mm cod end liner",Argis,Genus,urn:lsid:marinespecies.org:taxname:107006,"Krøyer, 1843",Animalia,Arthropoda,Malacostraca,Decapoda,Crangonidae,Argis,biomass,Grams per 1000 square meter,76.04186522
SKQ202412S-IC11,SKQ202412S-IC11-Balanus crenatus,8/15/2024,7:40:15,70.575143,-162.505659,Benthos,"Plumb-staff beam trawl,  2.26m opening, 7-mm mesh net, 4-mm cod end liner",Balanus crenatus,Species,urn:lsid:marinespecies.org:taxname:106215,"Bruguière, 1789",Animalia,Arthropoda,Thecostraca,Balanomorpha,Balanidae,Balanus,biomass,Grams per 1000 square meter,5.632730757
SKQ202412S-IC11,SKQ202412S-IC11-Boltenia ovifera,8/15/2024,7:40:15,70.575143,-162.505659,Benthos,"Plumb-staff beam trawl,  2.26m opening, 7-mm mesh net, 4-mm cod end liner",Boltenia ovifera,Species,urn:lsid:marinespecies.org:taxname:103815,"Linnaeus, 1767",Animalia,Chordata,Ascidiacea,Stolidobranchia,Pyuridae,Boltenia,biomass,Grams per 1000 square meter,2.816365379
SKQ202412S-IC11,SKQ202412S-IC11-Bryozoa soft lobed,8/15/2024,7:40:15,70.575143,-162.505659,Benthos,"Plumb-staff beam trawl,  2.26m opening, 7-mm mesh net, 4-mm cod end liner",Bryozoa soft lobed,Phylum,urn:lsid:marinespecies.org:taxname:146142,n/a,Animalia,Bryozoa,n/a,n/a,n/a,n/a,biomass,Grams per 1000 square meter,28.16365379
SKQ202412S-IC11,SKQ202412S-IC11-Chionoecetes opilio,8/15/2024,7:40:15,70.575143,-162.505659,Benthos,"Plumb-staff beam trawl,  2.26m opening, 7-mm mesh net, 4-mm cod end liner",Chionoecetes opilio,Species,urn:lsid:marinespecies.org:taxname:107315,"Fabricius, 1788",Animalia,Arthropoda,Malacostraca,Decapoda,Oregoniidae,Chionoecetes,biomass,Grams per 1000 square meter,123.9200767
SKQ202412S-IC11,SKQ202412S-IC11-Crangon dalli,8/15/2024,7:40:15,70.575143,-162.505659,Benthos,"Plumb-staff beam trawl,  2.26m opening, 7-mm mesh net, 4-mm cod end liner",Crangon dalli,Species,urn:lsid:marinespecies.org:taxname:254486,"Rathbun, 1902",Animalia,Arthropoda,Malacostraca,Decapoda,Crangonidae,Crangon,biomass,Grams per 1000 square meter,16.89819227
SKQ202412S-IC11,SKQ202412S-IC11-Dendrobaenia,8/15/2024,7:40:15,70.575143,-162.505659,Benthos,"Plumb-staff beam trawl,  2.26m opening, 7-mm mesh net, 4-mm cod end liner",Dendrobaenia,Genus,urn:lsid:marinespecies.org:taxname:1040049,"Eisen, 1874",Animalia,Annelida,Clitellata,Crassiclitellata,Lumbricidae,Dendrobaena,biomass,Grams per 1000 square meter,2.816365379
SKQ202412S-IC11,SKQ202412S-IC11-Echinarachnius parma,8/15/2024,7:40:15,70.575143,-162.505659,Benthos,"Plumb-staff beam trawl,  2.26m opening, 7-mm mesh net, 4-mm cod end liner",Echinarachnius parma,Species,urn:lsid:marinespecies.org:taxname:158062,"Lamarck, 1816",Animalia,Echinodermata,Echinoidea,Echinolampadacea,Echinarachniidae,Echinarachnius,biomass,Grams per 1000 square meter,6624.09137
SKQ202412S-IC11,SKQ202412S-IC11-Epheria crassior,8/15/2024,7:40:15,70.575143,-162.505659,Benthos,"Plumb-staff beam trawl,  2.26m opening, 7-mm mesh net, 4-mm cod end liner",Lacuna crassior,Species,urn:lsid:marinespecies.org:taxname:140167,"Montagu, 1803",Animalia,Mollusca,Gastropoda,Littorinimorpha,Littorinidae,Lacuna,biomass,Grams per 1000 square meter,2.816365379
SKQ202412S-IC11,SKQ202412S-IC11-Eualus gaimardii ,8/15/2024,7:40:15,70.575143,-162.505659,Benthos,"Plumb-staff beam trawl,  2.26m opening, 7-mm mesh net, 4-mm cod end liner",Eualus gaimardii ,Species,urn:lsid:marinespecies.org:taxname:107504,"H. Milne Edwards, 1837",Animalia,Arthropoda,Malacostraca,Decapoda,Thoridae,Eualus,biomass,Grams per 1000 square meter,5.632730757
SKQ202412S-IC11,SKQ202412S-IC11-Eucratea loricata,8/15/2024,7:40:15,70.575143,-162.505659,Benthos,"Plumb-staff beam trawl,  2.26m opening, 7-mm mesh net, 4-mm cod end liner",Eucratea loricata,Species,urn:lsid:marinespecies.org:taxname:111361,"Linnaeus, 1758",Animalia,Bryozoa,Gymnolaemata,Cheilostomatida,Eucrateidae,Eucratea,biomass,Grams per 1000 square meter,180.2473842
SKQ202412S-IC11,SKQ202412S-IC11-Gorgonocephalus eucnemis,8/15/2024,7:40:15,70.575143,-162.505659,Benthos,"Plumb-staff beam trawl,  2.26m opening, 7-mm mesh net, 4-mm cod end liner",Gorgonocephalus eucnemis,Species,urn:lsid:marinespecies.org:taxname:124969,"Müller & Troschel, 1842",Animalia,Echinodermata,Ophiuroidea,Euryalida,Gorgonocephalidae,Gorgonocephalus,biomass,Grams per 1000 square meter,332.3311147
SKQ202412S-IC11,SKQ202412S-IC11-Hyas coarctatus,8/15/2024,7:40:15,70.575143,-162.505659,Benthos,"Plumb-staff beam trawl,  2.26m opening, 7-mm mesh net, 4-mm cod end liner",Hyas coarctatus,Species,urn:lsid:marinespecies.org:taxname:107323,"Leach, 1815",Animalia,Arthropoda,Malacostraca,Decapoda,Oregoniidae,Hyas,biomass,Grams per 1000 square meter,554.8239796
SKQ202412S-IC11,SKQ202412S-IC11-Hydroidea,8/15/2024,7:40:15,70.575143,-162.505659,Benthos,"Plumb-staff beam trawl,  2.26m opening, 7-mm mesh net, 4-mm cod end liner",Hydrozoa,Class,urn:lsid:marinespecies.org:taxname:1337,"Owen, 1843",Animalia,Cnidaria,Hydrozoa,n/a,n/a,n/a,biomass,Grams per 1000 square meter,78.8582306
SKQ202412S-IC11,SKQ202412S-IC11-Labidochirus splendescens,8/15/2024,7:40:15,70.575143,-162.505659,Benthos,"Plumb-staff beam trawl,  2.26m opening, 7-mm mesh net, 4-mm cod end liner",Labidochirus splendescens,Species,urn:lsid:marinespecies.org:taxname:248348,"Owen, 1839",Animalia,Arthropoda,Malacostraca,Decapoda,Paguridae,Labidochirus,biomass,Grams per 1000 square meter,14.08182689
SKQ202412S-IC11,SKQ202412S-IC11-Lafoeina maxima,8/15/2024,7:40:15,70.575143,-162.505659,Benthos,"Plumb-staff beam trawl,  2.26m opening, 7-mm mesh net, 4-mm cod end liner",Lafoeina maxima,Species,urn:lsid:marinespecies.org:taxname:117411,"Levinsen, 1893",Animalia,Cnidaria,Hydrozoa,Leptothecata,Campanulinidae,Lafoeina,biomass,Grams per 1000 square meter,53.51094219
SKQ202412S-IC11,SKQ202412S-IC11-Lepidepecreum eoum,8/15/2024,7:40:15,70.575143,-162.505659,Benthos,"Plumb-staff beam trawl,  2.26m opening, 7-mm mesh net, 4-mm cod end liner",Lepidepecreum eoum,Species,urn:lsid:marinespecies.org:taxname:526370,"Gurjanova, 1938",Animalia,Arthropoda,Malacostraca,Amphipoda,Tryphosidae,Lepidepecreum,biomass,Grams per 1000 square meter,0.281636538
SKQ202412S-IC11,SKQ202412S-IC11-Leptasterias arctica,8/15/2024,7:40:15,70.575143,-162.505659,Benthos,"Plumb-staff beam trawl,  2.26m opening, 7-mm mesh net, 4-mm cod end liner",Leptasterias arctica,Species,urn:lsid:marinespecies.org:taxname:369158,"Murdoch, 1885",Animalia,Echinodermata,Asteroidea,Forcipulatida,Asteriidae,Leptasterias,biomass,Grams per 1000 square meter,70.40913446
SKQ202412S-IC11,SKQ202412S-IC11-Sclerocrangon boreas,8/15/2024,7:40:15,70.575143,-162.505659,Benthos,"Plumb-staff beam trawl,  2.26m opening, 7-mm mesh net, 4-mm cod end liner",Sclerocrangon boreas,Species,urn:lsid:marinespecies.org:taxname:107568,"Phipps, 1774",Animalia,Arthropoda,Malacostraca,Decapoda,Crangonidae,Sclerocrangon,biomass,Grams per 1000 square meter,8.449096136
SKQ202412S-IC11,SKQ202412S-IC11-Sertularia robusta,8/15/2024,7:40:15,70.575143,-162.505659,Benthos,"Plumb-staff beam trawl,  2.26m opening, 7-mm mesh net, 4-mm cod end liner",Sertularia robusta,Species,urn:lsid:marinespecies.org:taxname:117923,"Clark, 1877",Animalia,Cnidaria,Hydrozoa,Leptothecata,Sertulariidae,Sertularia,biomass,Grams per 1000 square meter,0.281636538
SKQ202412S-IC11,SKQ202412S-IC11-Styela rustica,8/15/2024,7:40:15,70.575143,-162.505659,Benthos,"Plumb-staff beam trawl,  2.26m opening, 7-mm mesh net, 4-mm cod end liner",Styela rustica,Species,urn:lsid:marinespecies.org:taxname:103937,"Linnaeus, 1767",Animalia,Chordata,Ascidiacea,Stolidobranchia,Styelidae,Styela,biomass,Grams per 1000 square meter,8.449096136
SKQ202412S-IC11,SKQ202412S-IC11-Synoicum pulmonaria,8/15/2024,7:40:15,70.575143,-162.505659,Benthos,"Plumb-staff beam trawl,  2.26m opening, 7-mm mesh net, 4-mm cod end liner",Synoicum pulmonaria,Species,urn:lsid:marinespecies.org:taxname:103692,"Ellis & Solander, 1786",Animalia,Chordata,Ascidiacea,Aplousobranchia,Polyclinidae,Synoicum,biomass,Grams per 1000 square meter,53.51094219
SKQ202412S-IC09,SKQ202412S-IC09-Admete solida,8/15/2024,19:38:30,70.847303,-163.201897,Benthos,"Plumb-staff beam trawl,  2.26m opening, 7-mm mesh net, 4-mm cod end liner",Admete solida,Species,urn:lsid:marinespecies.org:taxname:576338,"Aurivillius, 1885",Animalia,Mollusca,Gastropoda,Neogastropoda,Cancellariidae,Admete,biomass,Grams per 1000 square meter,9.460114522
SKQ202412S-IC09,SKQ202412S-IC09-Alcyonidium gelatinosum,8/15/2024,19:38:30,70.847303,-163.201897,Benthos,"Plumb-staff beam trawl,  2.26m opening, 7-mm mesh net, 4-mm cod end liner",Alcyonidium gelatinosum,Species,urn:lsid:marinespecies.org:taxname:111600,"Linnaeus, 1761",Animalia,Bryozoa,Gymnolaemata,Ctenostomatida,Alcyonidiidae,Alcyonidium,biomass,Grams per 1000 square meter,18.92022904
SKQ202412S-IC09,SKQ202412S-IC09-Anonyx,8/15/2024,19:38:30,70.847303,-163.201897,Benthos,"Plumb-staff beam trawl,  2.26m opening, 7-mm mesh net, 4-mm cod end liner",Anonyx,Genus,urn:lsid:marinespecies.org:taxname:101592,"Krøyer, 1838",Animalia,Arthropoda,Malacostraca,Amphipoda,Uristidae,Anonyx,biomass,Grams per 1000 square meter,9.460114522
SKQ202412S-IC09,SKQ202412S-IC09-Argis,8/15/2024,19:38:30,70.847303,-163.201897,Benthos,"Plumb-staff beam trawl,  2.26m opening, 7-mm mesh net, 4-mm cod end liner",Argis,Genus,urn:lsid:marinespecies.org:taxname:107006,"Krøyer, 1843",Animalia,Arthropoda,Malacostraca,Decapoda,Crangonidae,Argis,biomass,Grams per 1000 square meter,141.9017178
SKQ202412S-IC09,SKQ202412S-IC09-Ascidiacea,8/15/2024,19:38:30,70.847303,-163.201897,Benthos,"Plumb-staff beam trawl,  2.26m opening, 7-mm mesh net, 4-mm cod end liner",Ascidiacea,Class,urn:lsid:marinespecies.org:taxname:1839,"Blainville, 1824",Animalia,Chordata,Ascidiacea,n/a,n/a,n/a,biomass,Grams per 1000 square meter,94.60114522
SKQ202412S-IC09,SKQ202412S-IC09-Bathypolypus arcticus,8/15/2024,19:38:30,70.847303,-163.201897,Benthos,"Plumb-staff beam trawl,  2.26m opening, 7-mm mesh net, 4-mm cod end liner",Bathypolypus arcticus,Species,urn:lsid:marinespecies.org:taxname:140596,"Prosch, 1849",Animalia,Mollusca,Cephalopoda,Octopoda,Bathypolypodidae,Bathypolypus,biomass,Grams per 1000 square meter,7.095085892
SKQ202412S-IC09,SKQ202412S-IC09-Boreotrophon clathratus,8/15/2024,19:38:30,70.847303,-163.201897,Benthos,"Plumb-staff beam trawl,  2.26m opening, 7-mm mesh net, 4-mm cod end liner",Boreotrophon clathratus,Species,urn:lsid:marinespecies.org:taxname:146732,"Linnaeus, 1767",Animalia,Mollusca,Gastropoda,Neogastropoda,Muricidae,Boreotrophon,biomass,Grams per 1000 square meter,75.68091618
SKQ202412S-IC09,SKQ202412S-IC09-Bryozoa soft lobed,8/15/2024,19:38:30,70.847303,-163.201897,Benthos,"Plumb-staff beam trawl,  2.26m opening, 7-mm mesh net, 4-mm cod end liner",Bryozoa soft lobed,Phylum,urn:lsid:marinespecies.org:taxname:146142,n/a,Animalia,Bryozoa,n/a,n/a,n/a,n/a,biomass,Grams per 1000 square meter,28.38034357
SKQ202412S-IC09,SKQ202412S-IC09-Bryozoa,8/15/2024,19:38:30,70.847303,-163.201897,Benthos,"Plumb-staff beam trawl,  2.26m opening, 7-mm mesh net, 4-mm cod end liner",Bryozoa,Phylum,urn:lsid:marinespecies.org:taxname:146142,n/a,Animalia,Bryozoa,n/a,n/a,n/a,n/a,biomass,Grams per 1000 square meter,47.30057261
SKQ202412S-IC09,SKQ202412S-IC09-Buccinum angulosum,8/15/2024,19:38:30,70.847303,-163.201897,Benthos,"Plumb-staff beam trawl,  2.26m opening, 7-mm mesh net, 4-mm cod end liner",Buccinum angulosum,Species,urn:lsid:marinespecies.org:taxname:138858,"Gray, 1839",Animalia,Mollusca,Gastropoda,Neogastropoda,Buccinidae,Buccinum,biomass,Grams per 1000 square meter,104.0612597
SKQ202412S-IC09,SKQ202412S-IC09-Buccinum polare,8/15/2024,19:38:30,70.847303,-163.201897,Benthos,"Plumb-staff beam trawl,  2.26m opening, 7-mm mesh net, 4-mm cod end liner",Buccinum polare,Species,urn:lsid:marinespecies.org:taxname:138873,"Gray, 1839",Animalia,Mollusca,Gastropoda,Neogastropoda,Buccinidae,Buccinum,biomass,Grams per 1000 square meter,217.582634
SKQ202412S-IC09,SKQ202412S-IC09-Buccinum scalariforme,8/15/2024,19:38:30,70.847303,-163.201897,Benthos,"Plumb-staff beam trawl,  2.26m opening, 7-mm mesh net, 4-mm cod end liner",Buccinum scalariforme,Species,urn:lsid:marinespecies.org:taxname:138875,"Møller, 1842",Animalia,Mollusca,Gastropoda,Neogastropoda,Buccinidae,Buccinum,biomass,Grams per 1000 square meter,66.22080166
SKQ202412S-IC09,SKQ202412S-IC09-Chionoecetes opilio,8/15/2024,19:38:30,70.847303,-163.201897,Benthos,"Plumb-staff beam trawl,  2.26m opening, 7-mm mesh net, 4-mm cod end liner",Chionoecetes opilio,Species,urn:lsid:marinespecies.org:taxname:107315,"Fabricius, 1788",Animalia,Arthropoda,Malacostraca,Decapoda,Oregoniidae,Chionoecetes,biomass,Grams per 1000 square meter,260.1531494
SKQ202412S-IC09,SKQ202412S-IC09-Colus jeffreysianus,8/15/2024,19:38:30,70.847303,-163.201897,Benthos,"Plumb-staff beam trawl,  2.26m opening, 7-mm mesh net, 4-mm cod end liner",Colus jeffreysianus,Species,urn:lsid:marinespecies.org:taxname:138903,"P. Fischer, 1868",Animalia,Mollusca,Gastropoda,Neogastropoda,Colidae,Colus,biomass,Grams per 1000 square meter,4.730057261
SKQ202412S-IC09,SKQ202412S-IC09-Crangon communis,8/15/2024,19:38:30,70.847303,-163.201897,Benthos,"Plumb-staff beam trawl,  2.26m opening, 7-mm mesh net, 4-mm cod end liner",Neocrangon communis,Species,urn:lsid:marinespecies.org:taxname:423552,"Rathbun, 1899",Animalia,Arthropoda,Malacostraca,Decapoda,Crangonidae,Neocrangon,biomass,Grams per 1000 square meter,11.82514315
SKQ202412S-IC09,SKQ202412S-IC09-Crangon dalli,8/15/2024,19:38:30,70.847303,-163.201897,Benthos,"Plumb-staff beam trawl,  2.26m opening, 7-mm mesh net, 4-mm cod end liner",Crangon dalli,Species,urn:lsid:marinespecies.org:taxname:254486,"Rathbun, 1902",Animalia,Arthropoda,Malacostraca,Decapoda,Crangonidae,Crangon,biomass,Grams per 1000 square meter,18.92022904
SKQ202412S-IC09,SKQ202412S-IC09-Cryptonatica affinis,8/15/2024,19:38:30,70.847303,-163.201897,Benthos,"Plumb-staff beam trawl,  2.26m opening, 7-mm mesh net, 4-mm cod end liner",Cryptonatica affinis,Species,urn:lsid:marinespecies.org:taxname:140525,"Gmelin, 1791",Animalia,Mollusca,Gastropoda,Littorinimorpha,Naticidae,Cryptonatica,biomass,Grams per 1000 square meter,28.38034357
SKQ202412S-IC09,SKQ202412S-IC09-Eualus gaimardii ,8/15/2024,19:38:30,70.847303,-163.201897,Benthos,"Plumb-staff beam trawl,  2.26m opening, 7-mm mesh net, 4-mm cod end liner",Eualus gaimardii ,Species,urn:lsid:marinespecies.org:taxname:107504,"H. Milne Edwards, 1837",Animalia,Arthropoda,Malacostraca,Decapoda,Thoridae,Eualus,biomass,Grams per 1000 square meter,118.2514315
SKQ202412S-IC09,SKQ202412S-IC09-Eualus macilentus,8/15/2024,19:38:30,70.847303,-163.201897,Benthos,"Plumb-staff beam trawl,  2.26m opening, 7-mm mesh net, 4-mm cod end liner",Eualus macilentus,Species,urn:lsid:marinespecies.org:taxname:158359,"Krøyer, 1841",Animalia,Arthropoda,Malacostraca,Decapoda,Thoridae,Eualus,biomass,Grams per 1000 square meter,21.28525767
SKQ202412S-IC09,SKQ202412S-IC09-Eualus,8/15/2024,19:38:30,70.847303,-163.201897,Benthos,"Plumb-staff beam trawl,  2.26m opening, 7-mm mesh net, 4-mm cod end liner",Eualus,Genus,urn:lsid:marinespecies.org:taxname:106986,"Thallwitz, 1891",Animalia,Arthropoda,Malacostraca,Decapoda,Thoridae,Eualus,biomass,Grams per 1000 square meter,2.365028631
SKQ202412S-IC09,SKQ202412S-IC09-Eucratea loricata,8/15/2024,19:38:30,70.847303,-163.201897,Benthos,"Plumb-staff beam trawl,  2.26m opening, 7-mm mesh net, 4-mm cod end liner",Eucratea loricata,Species,urn:lsid:marinespecies.org:taxname:111361,"Linnaeus, 1758",Animalia,Bryozoa,Gymnolaemata,Cheilostomatida,Eucrateidae,Eucratea,biomass,Grams per 1000 square meter,9.460114522
SKQ202412S-IC09,SKQ202412S-IC09-Euspira pallida,8/15/2024,19:38:30,70.847303,-163.201897,Benthos,"Plumb-staff beam trawl,  2.26m opening, 7-mm mesh net, 4-mm cod end liner",Euspira pallida,Species,urn:lsid:marinespecies.org:taxname:140536,"Broderip & G. B. Sowerby I, 1829",Animalia,Mollusca,Gastropoda,Littorinimorpha,Naticidae,Euspira,biomass,Grams per 1000 square meter,66.22080166
SKQ202412S-IC09,SKQ202412S-IC09-Gattyana ciliata,8/15/2024,19:38:30,70.847303,-163.201897,Benthos,"Plumb-staff beam trawl,  2.26m opening, 7-mm mesh net, 4-mm cod end liner",Gattyana ciliata,Species,urn:lsid:marinespecies.org:taxname:254456,"Moore, 1902",Animalia,Annelida,Polychaeta,Phyllodocida,Polynoidae,Gattyana,biomass,Grams per 1000 square meter,56.76068713
SKQ202412S-IC09,SKQ202412S-IC09-Gorgonocephalus eucnemis,8/15/2024,19:38:30,70.847303,-163.201897,Benthos,"Plumb-staff beam trawl,  2.26m opening, 7-mm mesh net, 4-mm cod end liner",Gorgonocephalus eucnemis,Species,urn:lsid:marinespecies.org:taxname:124969,"Müller & Troschel, 1842",Animalia,Echinodermata,Ophiuroidea,Euryalida,Gorgonocephalidae,Gorgonocephalus,biomass,Grams per 1000 square meter,4304.352108
SKQ202412S-IC09,SKQ202412S-IC09-Granotoma albrechti,8/15/2024,19:38:30,70.847303,-163.201897,Benthos,"Plumb-staff beam trawl,  2.26m opening, 7-mm mesh net, 4-mm cod end liner",Granotoma albrechti,Species,urn:lsid:marinespecies.org:taxname:433920,"A. Krause, 1885",Animalia,Mollusca,Gastropoda,Neogastropoda,Mangeliidae,Granotoma,biomass,Grams per 1000 square meter,9.460114522
SKQ202412S-IC09,SKQ202412S-IC09-Hyas coarctatus,8/15/2024,19:38:30,70.847303,-163.201897,Benthos,"Plumb-staff beam trawl,  2.26m opening, 7-mm mesh net, 4-mm cod end liner",Hyas coarctatus,Species,urn:lsid:marinespecies.org:taxname:107323,"Leach, 1815",Animalia,Arthropoda,Malacostraca,Decapoda,Oregoniidae,Hyas,biomass,Grams per 1000 square meter,47.30057261
SKQ202412S-IC09,SKQ202412S-IC09-Hydroidea,8/15/2024,19:38:30,70.847303,-163.201897,Benthos,"Plumb-staff beam trawl,  2.26m opening, 7-mm mesh net, 4-mm cod end liner",Hydrozoa,Class,urn:lsid:marinespecies.org:taxname:1337,"Owen, 1843",Animalia,Cnidaria,Hydrozoa,n/a,n/a,n/a,biomass,Grams per 1000 square meter,9.460114522
SKQ202412S-IC09,SKQ202412S-IC09-Labidochirus splendescens,8/15/2024,19:38:30,70.847303,-163.201897,Benthos,"Plumb-staff beam trawl,  2.26m opening, 7-mm mesh net, 4-mm cod end liner",Labidochirus splendescens,Species,urn:lsid:marinespecies.org:taxname:248348,"Owen, 1839",Animalia,Arthropoda,Malacostraca,Decapoda,Paguridae,Labidochirus,biomass,Grams per 1000 square meter,85.1410307
SKQ202412S-IC09,SKQ202412S-IC09-Lafoeina maxima,8/15/2024,19:38:30,70.847303,-163.201897,Benthos,"Plumb-staff beam trawl,  2.26m opening, 7-mm mesh net, 4-mm cod end liner",Lafoeina maxima,Species,urn:lsid:marinespecies.org:taxname:117411,"Levinsen, 1893",Animalia,Cnidaria,Hydrozoa,Leptothecata,Campanulinidae,Lafoeina,biomass,Grams per 1000 square meter,9.460114522
SKQ202412S-IC09,SKQ202412S-IC09-Latisipho hypolispus,8/15/2024,19:38:30,70.847303,-163.201897,Benthos,"Plumb-staff beam trawl,  2.26m opening, 7-mm mesh net, 4-mm cod end liner",Latisipho hypolispus,Species,urn:lsid:marinespecies.org:taxname:491062,"Dall, 1891",Animalia,Mollusca,Gastropoda,Neogastropoda,Buccinidae,Latisipho,biomass,Grams per 1000 square meter,104.0612597
SKQ202412S-IC09,SKQ202412S-IC09-Leptasterias groenlandica,8/15/2024,19:38:30,70.847303,-163.201897,Benthos,"Plumb-staff beam trawl,  2.26m opening, 7-mm mesh net, 4-mm cod end liner",Leptasterias groenlandica,Species,urn:lsid:marinespecies.org:taxname:369176,"Steenstrup in Lutken, 1857",Animalia,Echinodermata,Asteroidea,Forcipulatida,Asteriidae,Leptasterias,biomass,Grams per 1000 square meter,9.460114522
SKQ202412S-IC09,SKQ202412S-IC09-Margarites,8/15/2024,19:38:30,70.847303,-163.201897,Benthos,"Plumb-staff beam trawl,  2.26m opening, 7-mm mesh net, 4-mm cod end liner",Margarites,Genus,urn:lsid:marinespecies.org:taxname:138592,"Leach, 1847",Animalia,Mollusca,Gastropoda,Trochida,Margaritidae,Margarites,biomass,Grams per 1000 square meter,643.2877875
SKQ202412S-IC09,SKQ202412S-IC09-Myriotrochus rinkii,8/15/2024,19:38:30,70.847303,-163.201897,Benthos,"Plumb-staff beam trawl,  2.26m opening, 7-mm mesh net, 4-mm cod end liner",Myriotrochus rinkii,Species,urn:lsid:marinespecies.org:taxname:124446,"Steenstrup, 1851",Animalia,Echinodermata,Holothuroidea,Apodida,Myriotrochidae,Myriotrochus,biomass,Grams per 1000 square meter,104.0612597
SKQ202412S-IC09,SKQ202412S-IC09-Nemertea,8/15/2024,19:38:30,70.847303,-163.201897,Benthos,"Plumb-staff beam trawl,  2.26m opening, 7-mm mesh net, 4-mm cod end liner",Nemertea,Phylum,urn:lsid:marinespecies.org:taxname:152391,n/a,Animalia,Nemertea,n/a,n/a,n/a,n/a,biomass,Grams per 1000 square meter,94.60114522
SKQ202412S-IC09,SKQ202412S-IC09-Neptunea heros,8/15/2024,19:38:30,70.847303,-163.201897,Benthos,"Plumb-staff beam trawl,  2.26m opening, 7-mm mesh net, 4-mm cod end liner",Neptunea heros,Species,urn:lsid:marinespecies.org:taxname:254479,"J. E. Gray, 1850",Animalia,Mollusca,Gastropoda,Neogastropoda,Buccinidae,Neptunea,biomass,Grams per 1000 square meter,274.3433211
SKQ202412S-IC09,SKQ202412S-IC09-Nodulotrophon coronatus,8/15/2024,19:38:30,70.847303,-163.201897,Benthos,"Plumb-staff beam trawl,  2.26m opening, 7-mm mesh net, 4-mm cod end liner",Nodulotrophon coronatus,Species,urn:lsid:marinespecies.org:taxname:399228,"H. Adams & A. Adams, 1864",Animalia,Mollusca,Gastropoda,Neogastropoda,Muricidae,Nodulotrophon,biomass,Grams per 1000 square meter,28.38034357
SKQ202412S-IC09,SKQ202412S-IC09-Nymphon,8/15/2024,19:38:30,70.847303,-163.201897,Benthos,"Plumb-staff beam trawl,  2.26m opening, 7-mm mesh net, 4-mm cod end liner",Nymphon,Genus,urn:lsid:marinespecies.org:taxname:134591,"Fabricius, 1794",Animalia,Arthropoda,Pycnogonida,Pantopoda,Nymphonidae,Nymphon,biomass,Grams per 1000 square meter,9.460114522
SKQ202412S-IC09,SKQ202412S-IC09-Ophiura sarsiii,8/15/2024,19:38:30,70.847303,-163.201897,Benthos,"Plumb-staff beam trawl,  2.26m opening, 7-mm mesh net, 4-mm cod end liner",Ophiura sarsiii,Species,urn:lsid:marinespecies.org:taxname:124934,"Lütken, 1855",Animalia,Echinodermata,Ophiuroidea,Ophiurida,Ophiuridae,Ophiura,biomass,Grams per 1000 square meter,12563.03209
SKQ202412S-IC09,SKQ202412S-IC09-Pagurus capillatus,8/15/2024,19:38:30,70.847303,-163.201897,Benthos,"Plumb-staff beam trawl,  2.26m opening, 7-mm mesh net, 4-mm cod end liner",Pagurus capillatus,Species,urn:lsid:marinespecies.org:taxname:254489,"Benedict, 1892",Animalia,Arthropoda,Malacostraca,Decapoda,Paguridae,Pagurus,biomass,Grams per 1000 square meter,18.92022904
SKQ202412S-IC09,SKQ202412S-IC09-Pagurus trigonocheirus,8/15/2024,19:38:30,70.847303,-163.201897,Benthos,"Plumb-staff beam trawl,  2.26m opening, 7-mm mesh net, 4-mm cod end liner",Pagurus trigonocheirus,Species,urn:lsid:marinespecies.org:taxname:254490,"Stimpson, 1858",Animalia,Arthropoda,Malacostraca,Decapoda,Paguridae,Pagurus,biomass,Grams per 1000 square meter,9.460114522
SKQ202412S-IC09,SKQ202412S-IC09-Phyllodoce groenlandica,8/15/2024,19:38:30,70.847303,-163.201897,Benthos,"Plumb-staff beam trawl,  2.26m opening, 7-mm mesh net, 4-mm cod end liner",Phyllodoce groenlandica,Species,urn:lsid:marinespecies.org:taxname:334506,"Örsted, 1842",Animalia,Annelida,Polychaeta,Phyllodocida,Phyllodocidae,Phyllodoce,biomass,Grams per 1000 square meter,9.460114522
SKQ202412S-IC09,SKQ202412S-IC09-Plicifusus kroeyeri,8/15/2024,19:38:30,70.847303,-163.201897,Benthos,"Plumb-staff beam trawl,  2.26m opening, 7-mm mesh net, 4-mm cod end liner",Plicifusus kroeyeri,Species,urn:lsid:marinespecies.org:taxname:491269,"Møller, 1842",Animalia,Mollusca,Gastropoda,Neogastropoda,Buccinidae,Plicifusus,biomass,Grams per 1000 square meter,47.30057261
SKQ202412S-IC09,SKQ202412S-IC09-Psolus peronii,8/15/2024,19:38:30,70.847303,-163.201897,Benthos,"Plumb-staff beam trawl,  2.26m opening, 7-mm mesh net, 4-mm cod end liner",Psolus peronii,Species,urn:lsid:marinespecies.org:taxname:529651,"Bell, 1883",Animalia,Echinodermata,Holothuroidea,Dendrochirotida,Psolidae,Psolus,biomass,Grams per 1000 square meter,1532.538553
SKQ202412S-IC09,SKQ202412S-IC09-Pteraster obscurus,8/15/2024,19:38:30,70.847303,-163.201897,Benthos,"Plumb-staff beam trawl,  2.26m opening, 7-mm mesh net, 4-mm cod end liner",Pteraster obscurus,Species,urn:lsid:marinespecies.org:taxname:124149,"Perrier, 1891",Animalia,Echinodermata,Asteroidea,Velatida,Pterasteridae,Pteraster,biomass,Grams per 1000 square meter,198.662405
SKQ202412S-IC09,SKQ202412S-IC09-Pyrulofusus,8/15/2024,19:38:30,70.847303,-163.201897,Benthos,"Plumb-staff beam trawl,  2.26m opening, 7-mm mesh net, 4-mm cod end liner",Pyrulofusus,Genus,urn:lsid:marinespecies.org:taxname:254377,"Mörch, 1869",Animalia,Mollusca,Gastropoda,Neogastropoda,Buccinidae,Pyrulofusus,biomass,Grams per 1000 square meter,0.946011452
SKQ202412S-IC09,SKQ202412S-IC09-Sertularia robusta,8/15/2024,19:38:30,70.847303,-163.201897,Benthos,"Plumb-staff beam trawl,  2.26m opening, 7-mm mesh net, 4-mm cod end liner",Sertularia robusta,Species,urn:lsid:marinespecies.org:taxname:117923,"Clark, 1877",Animalia,Cnidaria,Hydrozoa,Leptothecata,Sertulariidae,Sertularia,biomass,Grams per 1000 square meter,9.460114522
SKQ202412S-IC09,SKQ202412S-IC09-Solariella obscura,8/15/2024,19:38:30,70.847303,-163.201897,Benthos,"Plumb-staff beam trawl,  2.26m opening, 7-mm mesh net, 4-mm cod end liner",Solariella obscura,Species,urn:lsid:marinespecies.org:taxname:141840,"Couthouy, 1838",Animalia,Mollusca,Gastropoda,Trochida,Solariellidae,Solariella,biomass,Grams per 1000 square meter,28.38034357
SKQ202412S-IC09,SKQ202412S-IC09-Stomphia,8/15/2024,19:38:30,70.847303,-163.201897,Benthos,"Plumb-staff beam trawl,  2.26m opening, 7-mm mesh net, 4-mm cod end liner",Stomphia,Genus,urn:lsid:marinespecies.org:taxname:100716,"Gosse, 1859",Animalia,Cnidaria,Hexacorallia,Actiniaria,Actinostolidae,Stomphia,biomass,Grams per 1000 square meter,47.30057261
SKQ202412S-IC09,SKQ202412S-IC09-Styela rustica,8/15/2024,19:38:30,70.847303,-163.201897,Benthos,"Plumb-staff beam trawl,  2.26m opening, 7-mm mesh net, 4-mm cod end liner",Styela rustica,Species,urn:lsid:marinespecies.org:taxname:103937,"Linnaeus, 1767",Animalia,Chordata,Ascidiacea,Stolidobranchia,Styelidae,Styela,biomass,Grams per 1000 square meter,9.460114522
SKQ202412S-IC09,SKQ202412S-IC09-Synidotea,8/15/2024,19:38:30,70.847303,-163.201897,Benthos,"Plumb-staff beam trawl,  2.26m opening, 7-mm mesh net, 4-mm cod end liner",Synidotea,Genus,urn:lsid:marinespecies.org:taxname:118456,"Harger, 1878",Animalia,Arthropoda,Malacostraca,Isopoda,Idoteidae,Synidotea,biomass,Grams per 1000 square meter,9.460114522
SKQ202412S-IC09,SKQ202412S-IC09-Tachyrhynchus erosus,8/15/2024,19:38:30,70.847303,-163.201897,Benthos,"Plumb-staff beam trawl,  2.26m opening, 7-mm mesh net, 4-mm cod end liner",Tachyrhynchus erosus,Species,urn:lsid:marinespecies.org:taxname:196391,"Couthouy, 1838",Animalia,Mollusca,Gastropoda,Caenogastropoda incertae sedis,Turritellidae,Tachyrhynchus,biomass,Grams per 1000 square meter,4.730057261
SKQ202412S-IC09,SKQ202412S-IC09-Trichotropis bicarinata,8/15/2024,19:38:30,70.847303,-163.201897,Benthos,"Plumb-staff beam trawl,  2.26m opening, 7-mm mesh net, 4-mm cod end liner",Trichotropis bicarinata,Species,urn:lsid:marinespecies.org:taxname:160421,"G. B. Sowerby I, 1825",Animalia,Mollusca,Gastropoda,Littorinimorpha,Capulidae,Trichotropis,biomass,Grams per 1000 square meter,0.946011452
SKQ202412S-IC09,SKQ202412S-IC09-Tubularia,8/15/2024,19:38:30,70.847303,-163.201897,Benthos,"Plumb-staff beam trawl,  2.26m opening, 7-mm mesh net, 4-mm cod end liner",Tubularia,Genus,urn:lsid:marinespecies.org:taxname:117258,"Linnaeus, 1758",Animalia,Cnidaria,Hydrozoa,Anthoathecata,Tubulariidae,Tubularia,biomass,Grams per 1000 square meter,9.460114522
SKQ202412S-IC07,SKQ202412S-IC07-Actiniaria,8/16/2024,11:08:04,71.082087,-163.81623,Benthos,"Plumb-staff beam trawl,  2.26m opening, 7-mm mesh net, 4-mm cod end liner",Actiniaria,Order,urn:lsid:marinespecies.org:taxname:1360,"Hertwig, 1882",Animalia,Cnidaria,Hexacorallia,Actiniaria,n/a,n/a,biomass,Grams per 1000 square meter,57.04306719
SKQ202412S-IC07,SKQ202412S-IC07-Anonyx,8/16/2024,11:08:04,71.082087,-163.81623,Benthos,"Plumb-staff beam trawl,  2.26m opening, 7-mm mesh net, 4-mm cod end liner",Anonyx,Genus,urn:lsid:marinespecies.org:taxname:101592,"Krøyer, 1838",Animalia,Arthropoda,Malacostraca,Amphipoda,Uristidae,Anonyx,biomass,Grams per 1000 square meter,2.592866691
SKQ202412S-IC07,SKQ202412S-IC07-Argis,8/16/2024,11:08:04,71.082087,-163.81623,Benthos,"Plumb-staff beam trawl,  2.26m opening, 7-mm mesh net, 4-mm cod end liner",Argis,Genus,urn:lsid:marinespecies.org:taxname:107006,"Krøyer, 1843",Animalia,Arthropoda,Malacostraca,Decapoda,Crangonidae,Argis,biomass,Grams per 1000 square meter,23.33580021
SKQ202412S-IC07,SKQ202412S-IC07-Aulacofusus brevicauda,8/16/2024,11:08:04,71.082087,-163.81623,Benthos,"Plumb-staff beam trawl,  2.26m opening, 7-mm mesh net, 4-mm cod end liner",Aulacofusus brevicauda,Species,urn:lsid:marinespecies.org:taxname:490735,"Deshayes, 1832",Animalia,Mollusca,Gastropoda,Neogastropoda,Buccinidae,Aulacofusus,biomass,Grams per 1000 square meter,10.37146676
SKQ202412S-IC07,SKQ202412S-IC07-Bathypolypus arcticus,8/16/2024,11:08:04,71.082087,-163.81623,Benthos,"Plumb-staff beam trawl,  2.26m opening, 7-mm mesh net, 4-mm cod end liner",Bathypolypus arcticus,Species,urn:lsid:marinespecies.org:taxname:140596,"Prosch, 1849",Animalia,Mollusca,Cephalopoda,Octopoda,Bathypolypodidae,Bathypolypus,biomass,Grams per 1000 square meter,46.67160043
SKQ202412S-IC07,SKQ202412S-IC07-Boreotrophon truncatus,8/16/2024,11:08:04,71.082087,-163.81623,Benthos,"Plumb-staff beam trawl,  2.26m opening, 7-mm mesh net, 4-mm cod end liner",Boreotrophon truncatus,Species,urn:lsid:marinespecies.org:taxname:146733,"Strøm, 1768",Animalia,Mollusca,Gastropoda,Neogastropoda,Muricidae,Boreotrophon,biomass,Grams per 1000 square meter,2.592866691
SKQ202412S-IC07,SKQ202412S-IC07-Brada villosa,8/16/2024,11:08:04,71.082087,-163.81623,Benthos,"Plumb-staff beam trawl,  2.26m opening, 7-mm mesh net, 4-mm cod end liner",Bradabyssa villosa,Species,urn:lsid:marinespecies.org:taxname:1355594,"Rathke, 1843",Animalia,Annelida,Polychaeta,Terebellida,Flabelligeridae,Bradabyssa,biomass,Grams per 1000 square meter,10.37146676
SKQ202412S-IC07,SKQ202412S-IC07-Bryozoa soft lobed,8/16/2024,11:08:04,71.082087,-163.81623,Benthos,"Plumb-staff beam trawl,  2.26m opening, 7-mm mesh net, 4-mm cod end liner",Bryozoa soft lobed,Phylum,urn:lsid:marinespecies.org:taxname:146142,n/a,Animalia,Bryozoa,n/a,n/a,n/a,n/a,biomass,Grams per 1000 square meter,12.96433345
SKQ202412S-IC07,SKQ202412S-IC07-Buccinum polare,8/16/2024,11:08:04,71.082087,-163.81623,Benthos,"Plumb-staff beam trawl,  2.26m opening, 7-mm mesh net, 4-mm cod end liner",Buccinum polare,Species,urn:lsid:marinespecies.org:taxname:138873,"Gray, 1839",Animalia,Mollusca,Gastropoda,Neogastropoda,Buccinidae,Buccinum,biomass,Grams per 1000 square meter,41.48586705
SKQ202412S-IC07,SKQ202412S-IC07-Buccinum scalariforme,8/16/2024,11:08:04,71.082087,-163.81623,Benthos,"Plumb-staff beam trawl,  2.26m opening, 7-mm mesh net, 4-mm cod end liner",Buccinum scalariforme,Species,urn:lsid:marinespecies.org:taxname:138875,"Møller, 1842",Animalia,Mollusca,Gastropoda,Neogastropoda,Buccinidae,Buccinum,biomass,Grams per 1000 square meter,41.48586705
SKQ202412S-IC07,SKQ202412S-IC07-Calycidoris geuntheri,8/16/2024,11:08:04,71.082087,-163.81623,Benthos,"Plumb-staff beam trawl,  2.26m opening, 7-mm mesh net, 4-mm cod end liner",Calycidoris geuntheri,Species,urn:lsid:marinespecies.org:taxname:146756,"Abraham, 1876",Animalia,Mollusca,Gastropoda,Nudibranchia,Calycidorididae,Calycidoris,biomass,Grams per 1000 square meter,2.592866691
SKQ202412S-IC07,SKQ202412S-IC07-Chionoecetes opilio,8/16/2024,11:08:04,71.082087,-163.81623,Benthos,"Plumb-staff beam trawl,  2.26m opening, 7-mm mesh net, 4-mm cod end liner",Chionoecetes opilio,Species,urn:lsid:marinespecies.org:taxname:107315,"Fabricius, 1788",Animalia,Arthropoda,Malacostraca,Decapoda,Oregoniidae,Chionoecetes,biomass,Grams per 1000 square meter,305.9582695
SKQ202412S-IC07,SKQ202412S-IC07-Colus pubescens,8/16/2024,11:08:04,71.082087,-163.81623,Benthos,"Plumb-staff beam trawl,  2.26m opening, 7-mm mesh net, 4-mm cod end liner",Colus pubescens,Species,urn:lsid:marinespecies.org:taxname:160212,"A. E. Verrill, 1882",Animalia,Mollusca,Gastropoda,Neogastropoda,Colidae,Colus,biomass,Grams per 1000 square meter,2.592866691
SKQ202412S-IC07,SKQ202412S-IC07-Crangon dalli,8/16/2024,11:08:04,71.082087,-163.81623,Benthos,"Plumb-staff beam trawl,  2.26m opening, 7-mm mesh net, 4-mm cod end liner",Crangon dalli,Species,urn:lsid:marinespecies.org:taxname:254486,"Rathbun, 1902",Animalia,Arthropoda,Malacostraca,Decapoda,Crangonidae,Crangon,biomass,Grams per 1000 square meter,64.82166726
SKQ202412S-IC07,SKQ202412S-IC07-Cryptonatica affinis,8/16/2024,11:08:04,71.082087,-163.81623,Benthos,"Plumb-staff beam trawl,  2.26m opening, 7-mm mesh net, 4-mm cod end liner",Cryptonatica affinis,Species,urn:lsid:marinespecies.org:taxname:140525,"Gmelin, 1791",Animalia,Mollusca,Gastropoda,Littorinimorpha,Naticidae,Cryptonatica,biomass,Grams per 1000 square meter,64.82166726
SKQ202412S-IC07,SKQ202412S-IC07-Eualus gaimardii ,8/16/2024,11:08:04,71.082087,-163.81623,Benthos,"Plumb-staff beam trawl,  2.26m opening, 7-mm mesh net, 4-mm cod end liner",Eualus gaimardii ,Species,urn:lsid:marinespecies.org:taxname:107504,"H. Milne Edwards, 1837",Animalia,Arthropoda,Malacostraca,Decapoda,Thoridae,Eualus,biomass,Grams per 1000 square meter,64.82166726
SKQ202412S-IC07,SKQ202412S-IC07-Eualus macilentus,8/16/2024,11:08:04,71.082087,-163.81623,Benthos,"Plumb-staff beam trawl,  2.26m opening, 7-mm mesh net, 4-mm cod end liner",Eualus macilentus,Species,urn:lsid:marinespecies.org:taxname:158359,"Krøyer, 1841",Animalia,Arthropoda,Malacostraca,Decapoda,Thoridae,Eualus,biomass,Grams per 1000 square meter,57.04306719
SKQ202412S-IC07,SKQ202412S-IC07-Eualus,8/16/2024,11:08:04,71.082087,-163.81623,Benthos,"Plumb-staff beam trawl,  2.26m opening, 7-mm mesh net, 4-mm cod end liner",Eualus,Genus,urn:lsid:marinespecies.org:taxname:106986,"Thallwitz, 1891",Animalia,Arthropoda,Malacostraca,Decapoda,Thoridae,Eualus,biomass,Grams per 1000 square meter,10.37146676
SKQ202412S-IC07,SKQ202412S-IC07-Euspira pallida,8/16/2024,11:08:04,71.082087,-163.81623,Benthos,"Plumb-staff beam trawl,  2.26m opening, 7-mm mesh net, 4-mm cod end liner",Euspira pallida,Species,urn:lsid:marinespecies.org:taxname:140536,"Broderip & G. B. Sowerby I, 1829",Animalia,Mollusca,Gastropoda,Littorinimorpha,Naticidae,Euspira,biomass,Grams per 1000 square meter,15.55720014
SKQ202412S-IC07,SKQ202412S-IC07-Gattyana amondensi,8/16/2024,11:08:04,71.082087,-163.81623,Benthos,"Plumb-staff beam trawl,  2.26m opening, 7-mm mesh net, 4-mm cod end liner",Gattyana amondensi,Species,urn:lsid:marinespecies.org:taxname:130748,"Malmgren, 1867",Animalia,Annelida,Polychaeta,Phyllodocida,Polynoidae,Gattyana,biomass,Grams per 1000 square meter,36.30013367
SKQ202412S-IC07,SKQ202412S-IC07-Gattyana cirrhosa,8/16/2024,11:08:04,71.082087,-163.81623,Benthos,"Plumb-staff beam trawl,  2.26m opening, 7-mm mesh net, 4-mm cod end liner",Gattyana cirrhosa,Species,urn:lsid:marinespecies.org:taxname:130749,"Pallas, 1766",Animalia,Annelida,Polychaeta,Phyllodocida,Polynoidae,Gattyana,biomass,Grams per 1000 square meter,10.37146676
SKQ202412S-IC07,SKQ202412S-IC07-Gattyana ciliata,8/16/2024,11:08:04,71.082087,-163.81623,Benthos,"Plumb-staff beam trawl,  2.26m opening, 7-mm mesh net, 4-mm cod end liner",Gattyana ciliata,Species,urn:lsid:marinespecies.org:taxname:254456,"Moore, 1902",Animalia,Annelida,Polychaeta,Phyllodocida,Polynoidae,Gattyana,biomass,Grams per 1000 square meter,36.30013367
SKQ202412S-IC07,SKQ202412S-IC07-Gersemia rubiformis,8/16/2024,11:08:04,71.082087,-163.81623,Benthos,"Plumb-staff beam trawl,  2.26m opening, 7-mm mesh net, 4-mm cod end liner",Gersemia rubiformis,Species,urn:lsid:marinespecies.org:taxname:156103,"Ehrenberg, 1834",Animalia,Cnidaria,Octocorallia,Malacalcyonacea,Alcyoniidae,Gersemia,biomass,Grams per 1000 square meter,101.1218009
SKQ202412S-IC07,SKQ202412S-IC07-Hyas coarctatus,8/16/2024,11:08:04,71.082087,-163.81623,Benthos,"Plumb-staff beam trawl,  2.26m opening, 7-mm mesh net, 4-mm cod end liner",Hyas coarctatus,Species,urn:lsid:marinespecies.org:taxname:107323,"Leach, 1815",Animalia,Arthropoda,Malacostraca,Decapoda,Oregoniidae,Hyas,biomass,Grams per 1000 square meter,25.92866691
SKQ202412S-IC07,SKQ202412S-IC07-Labidochirus splendescens,8/16/2024,11:08:04,71.082087,-163.81623,Benthos,"Plumb-staff beam trawl,  2.26m opening, 7-mm mesh net, 4-mm cod end liner",Labidochirus splendescens,Species,urn:lsid:marinespecies.org:taxname:248348,"Owen, 1839",Animalia,Arthropoda,Malacostraca,Decapoda,Paguridae,Labidochirus,biomass,Grams per 1000 square meter,5.185733381
SKQ202412S-IC07,SKQ202412S-IC07-Leptasterias groenlandica,8/16/2024,11:08:04,71.082087,-163.81623,Benthos,"Plumb-staff beam trawl,  2.26m opening, 7-mm mesh net, 4-mm cod end liner",Leptasterias groenlandica,Species,urn:lsid:marinespecies.org:taxname:369176,"Steenstrup in Lutken, 1857",Animalia,Echinodermata,Asteroidea,Forcipulatida,Asteriidae,Leptasterias,biomass,Grams per 1000 square meter,38.89300036
SKQ202412S-IC07,SKQ202412S-IC07-Lepeta,8/16/2024,11:08:04,71.082087,-163.81623,Benthos,"Plumb-staff beam trawl,  2.26m opening, 7-mm mesh net, 4-mm cod end liner",Lepeta,Genus,urn:lsid:marinespecies.org:taxname:138111,"J. E. Gray, 1842",Animalia,Mollusca,Gastropoda,n/a,Lepetidae,Lepeta,biomass,Grams per 1000 square meter,2.592866691
SKQ202412S-IC07,SKQ202412S-IC07-Margarites costalis,8/16/2024,11:08:04,71.082087,-163.81623,Benthos,"Plumb-staff beam trawl,  2.26m opening, 7-mm mesh net, 4-mm cod end liner",Margarites costalis,Species,urn:lsid:marinespecies.org:taxname:141819,"A. Gould, 1841",Animalia,Mollusca,Gastropoda,Trochida,Margaritidae,Margarites,biomass,Grams per 1000 square meter,5.185733381
SKQ202412S-IC07,SKQ202412S-IC07-Margarites helicinus,8/16/2024,11:08:04,71.082087,-163.81623,Benthos,"Plumb-staff beam trawl,  2.26m opening, 7-mm mesh net, 4-mm cod end liner",Margarites helicinus,Species,urn:lsid:marinespecies.org:taxname:141821,"Phipps, 1774",Animalia,Mollusca,Gastropoda,Trochida,Margaritidae,Margarites,biomass,Grams per 1000 square meter,0.259286669
SKQ202412S-IC07,SKQ202412S-IC07-Myriotrochus rinkii,8/16/2024,11:08:04,71.082087,-163.81623,Benthos,"Plumb-staff beam trawl,  2.26m opening, 7-mm mesh net, 4-mm cod end liner",Myriotrochus rinkii,Species,urn:lsid:marinespecies.org:taxname:124446,"Steenstrup, 1851",Animalia,Echinodermata,Holothuroidea,Apodida,Myriotrochidae,Myriotrochus,biomass,Grams per 1000 square meter,173.7220683
SKQ202412S-IC07,SKQ202412S-IC07-Nemertea,8/16/2024,11:08:04,71.082087,-163.81623,Benthos,"Plumb-staff beam trawl,  2.26m opening, 7-mm mesh net, 4-mm cod end liner",Nemertea,Phylum,urn:lsid:marinespecies.org:taxname:152391,n/a,Animalia,Nemertea,n/a,n/a,n/a,n/a,biomass,Grams per 1000 square meter,7.778600072
SKQ202412S-IC07,SKQ202412S-IC07-Neptunea heros,8/16/2024,11:08:04,71.082087,-163.81623,Benthos,"Plumb-staff beam trawl,  2.26m opening, 7-mm mesh net, 4-mm cod end liner",Neptunea heros,Species,urn:lsid:marinespecies.org:taxname:254479,"J. E. Gray, 1850",Animalia,Mollusca,Gastropoda,Neogastropoda,Buccinidae,Neptunea,biomass,Grams per 1000 square meter,254.1009357
SKQ202412S-IC07,SKQ202412S-IC07-Obesotoma,8/16/2024,11:08:04,71.082087,-163.81623,Benthos,"Plumb-staff beam trawl,  2.26m opening, 7-mm mesh net, 4-mm cod end liner",Obesotoma,Genus,urn:lsid:marinespecies.org:taxname:137825,"Bartsch, 1941",Animalia,Mollusca,Gastropoda,Neogastropoda,Mangeliidae,Obesotoma,biomass,Grams per 1000 square meter,2.592866691
SKQ202412S-IC07,SKQ202412S-IC07-Onchidiopsis,8/16/2024,11:08:04,71.082087,-163.81623,Benthos,"Plumb-staff beam trawl,  2.26m opening, 7-mm mesh net, 4-mm cod end liner",Onchidiopsis,Genus,urn:lsid:marinespecies.org:taxname:138628,"Bergh, 1853",Animalia,Mollusca,Gastropoda,Littorinimorpha,Velutinidae,Onchidiopsis,biomass,Grams per 1000 square meter,0.259286669
SKQ202412S-IC07,SKQ202412S-IC07-Ophiura robusta,8/16/2024,11:08:04,71.082087,-163.81623,Benthos,"Plumb-staff beam trawl,  2.26m opening, 7-mm mesh net, 4-mm cod end liner",Ophiura robusta,Species,urn:lsid:marinespecies.org:taxname:124933,"Ayres, 1852",Animalia,Echinodermata,Ophiuroidea,Ophiurida,Ophiuridae,Ophiura,biomass,Grams per 1000 square meter,1.296433345
SKQ202412S-IC07,SKQ202412S-IC07-Ophiura sarsiii,8/16/2024,11:08:04,71.082087,-163.81623,Benthos,"Plumb-staff beam trawl,  2.26m opening, 7-mm mesh net, 4-mm cod end liner",Ophiura sarsiii,Species,urn:lsid:marinespecies.org:taxname:124934,"Lütken, 1855",Animalia,Echinodermata,Ophiuroidea,Ophiurida,Ophiuridae,Ophiura,biomass,Grams per 1000 square meter,4381.944707
SKQ202412S-IC07,SKQ202412S-IC07-Pagurus capillatus,8/16/2024,11:08:04,71.082087,-163.81623,Benthos,"Plumb-staff beam trawl,  2.26m opening, 7-mm mesh net, 4-mm cod end liner",Pagurus capillatus,Species,urn:lsid:marinespecies.org:taxname:254489,"Benedict, 1892",Animalia,Arthropoda,Malacostraca,Decapoda,Paguridae,Pagurus,biomass,Grams per 1000 square meter,2.592866691
SKQ202412S-IC07,SKQ202412S-IC07-Propebela nobilis,8/16/2024,11:08:04,71.082087,-163.81623,Benthos,"Plumb-staff beam trawl,  2.26m opening, 7-mm mesh net, 4-mm cod end liner",Propebela nobilis,Species,urn:lsid:marinespecies.org:taxname:160450,"Møller, 1842",Animalia,Mollusca,Gastropoda,Neogastropoda,Mangeliidae,Propebela,biomass,Grams per 1000 square meter,1.296433345
SKQ202412S-IC07,SKQ202412S-IC07-Solariella obscura,8/16/2024,11:08:04,71.082087,-163.81623,Benthos,"Plumb-staff beam trawl,  2.26m opening, 7-mm mesh net, 4-mm cod end liner",Solariella obscura,Species,urn:lsid:marinespecies.org:taxname:141840,"Couthouy, 1838",Animalia,Mollusca,Gastropoda,Trochida,Solariellidae,Solariella,biomass,Grams per 1000 square meter,7.778600072
SKQ202412S-IC07,SKQ202412S-IC07-Stomphia,8/16/2024,11:08:04,71.082087,-163.81623,Benthos,"Plumb-staff beam trawl,  2.26m opening, 7-mm mesh net, 4-mm cod end liner",Stomphia,Genus,urn:lsid:marinespecies.org:taxname:100716,"Gosse, 1859",Animalia,Cnidaria,Hexacorallia,Actiniaria,Actinostolidae,Stomphia,biomass,Grams per 1000 square meter,10.37146676
SKQ202412S-IC07,SKQ202412S-IC07-Synidotea bicuspida,8/16/2024,11:08:04,71.082087,-163.81623,Benthos,"Plumb-staff beam trawl,  2.26m opening, 7-mm mesh net, 4-mm cod end liner",Synidotea bicuspida,Species,urn:lsid:marinespecies.org:taxname:156445,"Owen, 1839",Animalia,Arthropoda,Malacostraca,Isopoda,Idoteidae,Synidotea,biomass,Grams per 1000 square meter,2.592866691
SKQ202412S-IC07,SKQ202412S-IC07-Trichotropis bicarinata,8/16/2024,11:08:04,71.082087,-163.81623,Benthos,"Plumb-staff beam trawl,  2.26m opening, 7-mm mesh net, 4-mm cod end liner",Trichotropis bicarinata,Species,urn:lsid:marinespecies.org:taxname:160421,"G. B. Sowerby I, 1825",Animalia,Mollusca,Gastropoda,Littorinimorpha,Capulidae,Trichotropis,biomass,Grams per 1000 square meter,0.259286669
SKQ202412S-IC05,SKQ202412S-IC05-Admete solida,8/16/2024,16:48:42,71.33833,-164.622988,Benthos,"Plumb-staff beam trawl,  2.26m opening, 7-mm mesh net, 4-mm cod end liner",Admete solida,Species,urn:lsid:marinespecies.org:taxname:576338,"Aurivillius, 1885",Animalia,Mollusca,Gastropoda,Neogastropoda,Cancellariidae,Admete,biomass,Grams per 1000 square meter,0.258006228
SKQ202412S-IC05,SKQ202412S-IC05-Alcyonidium gelatinosum,8/16/2024,16:48:42,71.33833,-164.622988,Benthos,"Plumb-staff beam trawl,  2.26m opening, 7-mm mesh net, 4-mm cod end liner",Alcyonidium gelatinosum,Species,urn:lsid:marinespecies.org:taxname:111600,"Linnaeus, 1761",Animalia,Bryozoa,Gymnolaemata,Ctenostomatida,Alcyonidiidae,Alcyonidium,biomass,Grams per 1000 square meter,5.160124568
SKQ202412S-IC05,SKQ202412S-IC05-Anonyx,8/16/2024,16:48:42,71.33833,-164.622988,Benthos,"Plumb-staff beam trawl,  2.26m opening, 7-mm mesh net, 4-mm cod end liner",Anonyx,Genus,urn:lsid:marinespecies.org:taxname:101592,"Krøyer, 1838",Animalia,Arthropoda,Malacostraca,Amphipoda,Uristidae,Anonyx,biomass,Grams per 1000 square meter,2.580062284
SKQ202412S-IC05,SKQ202412S-IC05-Argis,8/16/2024,16:48:42,71.33833,-164.622988,Benthos,"Plumb-staff beam trawl,  2.26m opening, 7-mm mesh net, 4-mm cod end liner",Argis,Genus,urn:lsid:marinespecies.org:taxname:107006,"Krøyer, 1843",Animalia,Arthropoda,Malacostraca,Decapoda,Crangonidae,Argis,biomass,Grams per 1000 square meter,56.76137025
SKQ202412S-IC05,SKQ202412S-IC05-Boreotrophon truncatus,8/16/2024,16:48:42,71.33833,-164.622988,Benthos,"Plumb-staff beam trawl,  2.26m opening, 7-mm mesh net, 4-mm cod end liner",Boreotrophon truncatus,Species,urn:lsid:marinespecies.org:taxname:146733,"Strøm, 1768",Animalia,Mollusca,Gastropoda,Neogastropoda,Muricidae,Boreotrophon,biomass,Grams per 1000 square meter,0.258006228
SKQ202412S-IC05,SKQ202412S-IC05-Brada villosa,8/16/2024,16:48:42,71.33833,-164.622988,Benthos,"Plumb-staff beam trawl,  2.26m opening, 7-mm mesh net, 4-mm cod end liner",Bradabyssa villosa,Species,urn:lsid:marinespecies.org:taxname:1355594,"Rathke, 1843",Animalia,Annelida,Polychaeta,Terebellida,Flabelligeridae,Bradabyssa,biomass,Grams per 1000 square meter,0.258006228
SKQ202412S-IC05,SKQ202412S-IC05-Buccinum polare,8/16/2024,16:48:42,71.33833,-164.622988,Benthos,"Plumb-staff beam trawl,  2.26m opening, 7-mm mesh net, 4-mm cod end liner",Buccinum polare,Species,urn:lsid:marinespecies.org:taxname:138873,"Gray, 1839",Animalia,Mollusca,Gastropoda,Neogastropoda,Buccinidae,Buccinum,biomass,Grams per 1000 square meter,25.80062284
SKQ202412S-IC05,SKQ202412S-IC05-Buccinum scalariforme,8/16/2024,16:48:42,71.33833,-164.622988,Benthos,"Plumb-staff beam trawl,  2.26m opening, 7-mm mesh net, 4-mm cod end liner",Buccinum scalariforme,Species,urn:lsid:marinespecies.org:taxname:138875,"Møller, 1842",Animalia,Mollusca,Gastropoda,Neogastropoda,Buccinidae,Buccinum,biomass,Grams per 1000 square meter,5.160124568
SKQ202412S-IC05,SKQ202412S-IC05-Buccinum solenum,8/16/2024,16:48:42,71.33833,-164.622988,Benthos,"Plumb-staff beam trawl,  2.26m opening, 7-mm mesh net, 4-mm cod end liner",Buccinum terraenovae,Species,urn:lsid:marinespecies.org:taxname:490864,"Mörch, 1869",Animalia,Mollusca,Gastropoda,Neogastropoda,Buccinidae,Buccinum,biomass,Grams per 1000 square meter,7.740186852
SKQ202412S-IC05,SKQ202412S-IC05-Chionoecetes opilio,8/16/2024,16:48:42,71.33833,-164.622988,Benthos,"Plumb-staff beam trawl,  2.26m opening, 7-mm mesh net, 4-mm cod end liner",Chionoecetes opilio,Species,urn:lsid:marinespecies.org:taxname:107315,"Fabricius, 1788",Animalia,Arthropoda,Malacostraca,Decapoda,Oregoniidae,Chionoecetes,biomass,Grams per 1000 square meter,20.64049827
SKQ202412S-IC05,SKQ202412S-IC05-Crangon dalli,8/16/2024,16:48:42,71.33833,-164.622988,Benthos,"Plumb-staff beam trawl,  2.26m opening, 7-mm mesh net, 4-mm cod end liner",Crangon dalli,Species,urn:lsid:marinespecies.org:taxname:254486,"Rathbun, 1902",Animalia,Arthropoda,Malacostraca,Decapoda,Crangonidae,Crangon,biomass,Grams per 1000 square meter,20.64049827
SKQ202412S-IC05,SKQ202412S-IC05-Cryptonatica affinis,8/16/2024,16:48:42,71.33833,-164.622988,Benthos,"Plumb-staff beam trawl,  2.26m opening, 7-mm mesh net, 4-mm cod end liner",Cryptonatica affinis,Species,urn:lsid:marinespecies.org:taxname:140525,"Gmelin, 1791",Animalia,Mollusca,Gastropoda,Littorinimorpha,Naticidae,Cryptonatica,biomass,Grams per 1000 square meter,1.290031142
SKQ202412S-IC05,SKQ202412S-IC05-Cylichnoides occultus,8/16/2024,16:48:42,71.33833,-164.622988,Benthos,"Plumb-staff beam trawl,  2.26m opening, 7-mm mesh net, 4-mm cod end liner",Cylichnoides occultus,Species,urn:lsid:marinespecies.org:taxname:884604,"Mighels & C. B. Adams, 1842",Animalia,Mollusca,Gastropoda,Cephalaspidea,Eoscaphandridae,Cylichnoides,biomass,Grams per 1000 square meter,0.258006228
SKQ202412S-IC05,SKQ202412S-IC05-Eualus gaimardii ,8/16/2024,16:48:42,71.33833,-164.622988,Benthos,"Plumb-staff beam trawl,  2.26m opening, 7-mm mesh net, 4-mm cod end liner",Eualus gaimardii ,Species,urn:lsid:marinespecies.org:taxname:107504,"H. Milne Edwards, 1837",Animalia,Arthropoda,Malacostraca,Decapoda,Thoridae,Eualus,biomass,Grams per 1000 square meter,167.7040485
SKQ202412S-IC05,SKQ202412S-IC05-Eualus macilentus,8/16/2024,16:48:42,71.33833,-164.622988,Benthos,"Plumb-staff beam trawl,  2.26m opening, 7-mm mesh net, 4-mm cod end liner",Eualus macilentus,Species,urn:lsid:marinespecies.org:taxname:158359,"Krøyer, 1841",Animalia,Arthropoda,Malacostraca,Decapoda,Thoridae,Eualus,biomass,Grams per 1000 square meter,61.92149482
SKQ202412S-IC05,SKQ202412S-IC05-Euspira pallida,8/16/2024,16:48:42,71.33833,-164.622988,Benthos,"Plumb-staff beam trawl,  2.26m opening, 7-mm mesh net, 4-mm cod end liner",Euspira pallida,Species,urn:lsid:marinespecies.org:taxname:140536,"Broderip & G. B. Sowerby I, 1829",Animalia,Mollusca,Gastropoda,Littorinimorpha,Naticidae,Euspira,biomass,Grams per 1000 square meter,25.80062284
SKQ202412S-IC05,SKQ202412S-IC05-Gattyana cirrhosa,8/16/2024,16:48:42,71.33833,-164.622988,Benthos,"Plumb-staff beam trawl,  2.26m opening, 7-mm mesh net, 4-mm cod end liner",Gattyana cirrhosa,Species,urn:lsid:marinespecies.org:taxname:130749,"Pallas, 1766",Animalia,Annelida,Polychaeta,Phyllodocida,Polynoidae,Gattyana,biomass,Grams per 1000 square meter,0.258006228
SKQ202412S-IC05,SKQ202412S-IC05-Gattyana ciliata,8/16/2024,16:48:42,71.33833,-164.622988,Benthos,"Plumb-staff beam trawl,  2.26m opening, 7-mm mesh net, 4-mm cod end liner",Gattyana ciliata,Species,urn:lsid:marinespecies.org:taxname:254456,"Moore, 1902",Animalia,Annelida,Polychaeta,Phyllodocida,Polynoidae,Gattyana,biomass,Grams per 1000 square meter,105.7825536
SKQ202412S-IC05,SKQ202412S-IC05-Gersemia rubiformis,8/16/2024,16:48:42,71.33833,-164.622988,Benthos,"Plumb-staff beam trawl,  2.26m opening, 7-mm mesh net, 4-mm cod end liner",Gersemia rubiformis,Species,urn:lsid:marinespecies.org:taxname:156103,"Ehrenberg, 1834",Animalia,Cnidaria,Octocorallia,Malacalcyonacea,Alcyoniidae,Gersemia,biomass,Grams per 1000 square meter,25.80062284
SKQ202412S-IC05,SKQ202412S-IC05-Labidochirus splendescens,8/16/2024,16:48:42,71.33833,-164.622988,Benthos,"Plumb-staff beam trawl,  2.26m opening, 7-mm mesh net, 4-mm cod end liner",Labidochirus splendescens,Species,urn:lsid:marinespecies.org:taxname:248348,"Owen, 1839",Animalia,Arthropoda,Malacostraca,Decapoda,Paguridae,Labidochirus,biomass,Grams per 1000 square meter,5.160124568
SKQ202412S-IC05,SKQ202412S-IC05-Leptasterias groenlandica,8/16/2024,16:48:42,71.33833,-164.622988,Benthos,"Plumb-staff beam trawl,  2.26m opening, 7-mm mesh net, 4-mm cod end liner",Leptasterias groenlandica,Species,urn:lsid:marinespecies.org:taxname:369176,"Steenstrup in Lutken, 1857",Animalia,Echinodermata,Asteroidea,Forcipulatida,Asteriidae,Leptasterias,biomass,Grams per 1000 square meter,7.740186852
SKQ202412S-IC05,SKQ202412S-IC05-Margarites helicinus,8/16/2024,16:48:42,71.33833,-164.622988,Benthos,"Plumb-staff beam trawl,  2.26m opening, 7-mm mesh net, 4-mm cod end liner",Margarites helicinus,Species,urn:lsid:marinespecies.org:taxname:141821,"Phipps, 1774",Animalia,Mollusca,Gastropoda,Trochida,Margaritidae,Margarites,biomass,Grams per 1000 square meter,0.258006228
SKQ202412S-IC05,SKQ202412S-IC05-Myriotrochus rinkii,8/16/2024,16:48:42,71.33833,-164.622988,Benthos,"Plumb-staff beam trawl,  2.26m opening, 7-mm mesh net, 4-mm cod end liner",Myriotrochus rinkii,Species,urn:lsid:marinespecies.org:taxname:124446,"Steenstrup, 1851",Animalia,Echinodermata,Holothuroidea,Apodida,Myriotrochidae,Myriotrochus,biomass,Grams per 1000 square meter,294.1271004
SKQ202412S-IC05,SKQ202412S-IC05-Nemertea,8/16/2024,16:48:42,71.33833,-164.622988,Benthos,"Plumb-staff beam trawl,  2.26m opening, 7-mm mesh net, 4-mm cod end liner",Nemertea,Phylum,urn:lsid:marinespecies.org:taxname:152391,n/a,Animalia,Nemertea,n/a,n/a,n/a,n/a,biomass,Grams per 1000 square meter,18.06043599
SKQ202412S-IC05,SKQ202412S-IC05-Nymphon,8/16/2024,16:48:42,71.33833,-164.622988,Benthos,"Plumb-staff beam trawl,  2.26m opening, 7-mm mesh net, 4-mm cod end liner",Nymphon,Genus,urn:lsid:marinespecies.org:taxname:134591,"Fabricius, 1794",Animalia,Arthropoda,Pycnogonida,Pantopoda,Nymphonidae,Nymphon,biomass,Grams per 1000 square meter,0.258006228
SKQ202412S-IC05,SKQ202412S-IC05-Obesotoma,8/16/2024,16:48:42,71.33833,-164.622988,Benthos,"Plumb-staff beam trawl,  2.26m opening, 7-mm mesh net, 4-mm cod end liner",Obesotoma,Genus,urn:lsid:marinespecies.org:taxname:137825,"Bartsch, 1941",Animalia,Mollusca,Gastropoda,Neogastropoda,Mangeliidae,Obesotoma,biomass,Grams per 1000 square meter,1.290031142
SKQ202412S-IC05,SKQ202412S-IC05-Obseotoma tenuilirata,8/16/2024,16:48:42,71.33833,-164.622988,Benthos,"Plumb-staff beam trawl,  2.26m opening, 7-mm mesh net, 4-mm cod end liner",Obesotoma tenuilirata ,Species,urn:lsid:marinespecies.org:taxname:423564  ,"Dall, 1871",Animalia,Mollusca,Gastropoda,Neogastropoda,Mangeliidae,Obesotoma,biomass,Grams per 1000 square meter,0.258006228
SKQ202412S-IC05,SKQ202412S-IC05-Ocnus glacialis,8/16/2024,16:48:42,71.33833,-164.622988,Benthos,"Plumb-staff beam trawl,  2.26m opening, 7-mm mesh net, 4-mm cod end liner",Ocnus glacialis,Species,urn:lsid:marinespecies.org:taxname:124641,"Ljungman, 1879",Animalia,Echinodermata,Holothuroidea,Dendrochirotida,Cucumariidae,Ocnus,biomass,Grams per 1000 square meter,0.258006228
SKQ202412S-IC05,SKQ202412S-IC05-Ophiura robusta,8/16/2024,16:48:42,71.33833,-164.622988,Benthos,"Plumb-staff beam trawl,  2.26m opening, 7-mm mesh net, 4-mm cod end liner",Ophiura robusta,Species,urn:lsid:marinespecies.org:taxname:124933,"Ayres, 1852",Animalia,Echinodermata,Ophiuroidea,Ophiurida,Ophiuridae,Ophiura,biomass,Grams per 1000 square meter,7.740186852
SKQ202412S-IC05,SKQ202412S-IC05-Ophiura sarsiii,8/16/2024,16:48:42,71.33833,-164.622988,Benthos,"Plumb-staff beam trawl,  2.26m opening, 7-mm mesh net, 4-mm cod end liner",Ophiura sarsiii,Species,urn:lsid:marinespecies.org:taxname:124934,"Lütken, 1855",Animalia,Echinodermata,Ophiuroidea,Ophiurida,Ophiuridae,Ophiura,biomass,Grams per 1000 square meter,4257.102769
SKQ202412S-IC05,SKQ202412S-IC05-Pagurus capillatus,8/16/2024,16:48:42,71.33833,-164.622988,Benthos,"Plumb-staff beam trawl,  2.26m opening, 7-mm mesh net, 4-mm cod end liner",Pagurus capillatus,Species,urn:lsid:marinespecies.org:taxname:254489,"Benedict, 1892",Animalia,Arthropoda,Malacostraca,Decapoda,Paguridae,Pagurus,biomass,Grams per 1000 square meter,0.258006228
SKQ202412S-IC05,SKQ202412S-IC05-Pandalus borealis eous,8/16/2024,16:48:42,71.33833,-164.622988,Benthos,"Plumb-staff beam trawl,  2.26m opening, 7-mm mesh net, 4-mm cod end liner",Pandalus borealis eous,Species,urn:lsid:marinespecies.org:taxname:515463,"Makarov, 1935",Animalia,Arthropoda,Malacostraca,Decapoda,Pandalidae,Pandalus,biomass,Grams per 1000 square meter,10.32024914
SKQ202412S-IC05,SKQ202412S-IC05-Paramphithoe polyacantha,8/16/2024,16:48:42,71.33833,-164.622988,Benthos,"Plumb-staff beam trawl,  2.26m opening, 7-mm mesh net, 4-mm cod end liner",Paramphithoe polyacantha,Species,urn:lsid:marinespecies.org:taxname:102154,"Murdoch, 1885",Animalia,Arthropoda,Malacostraca,Amphipoda,Paramphithoidae,Paramphithoe,biomass,Grams per 1000 square meter,1.290031142
SKQ202412S-IC05,SKQ202412S-IC05-Phyllodoce groenlandica,8/16/2024,16:48:42,71.33833,-164.622988,Benthos,"Plumb-staff beam trawl,  2.26m opening, 7-mm mesh net, 4-mm cod end liner",Phyllodoce groenlandica,Species,urn:lsid:marinespecies.org:taxname:334506,"Örsted, 1842",Animalia,Annelida,Polychaeta,Phyllodocida,Phyllodocidae,Phyllodoce,biomass,Grams per 1000 square meter,5.160124568
SKQ202412S-IC05,SKQ202412S-IC05-Psolus peronii,8/16/2024,16:48:42,71.33833,-164.622988,Benthos,"Plumb-staff beam trawl,  2.26m opening, 7-mm mesh net, 4-mm cod end liner",Psolus peronii,Species,urn:lsid:marinespecies.org:taxname:529651,"Bell, 1883",Animalia,Echinodermata,Holothuroidea,Dendrochirotida,Psolidae,Psolus,biomass,Grams per 1000 square meter,1230.689709
SKQ202412S-IC05,SKQ202412S-IC05-Serripes groenlandica,8/16/2024,16:48:42,71.33833,-164.622988,Benthos,"Plumb-staff beam trawl,  2.26m opening, 7-mm mesh net, 4-mm cod end liner",Serripes groenlandica,Species,urn:lsid:marinespecies.org:taxname:582749,"Mohr, 1786",Animalia,Mollusca,Bivalvia,Cardiida,Cardiidae,Serripes,biomass,Grams per 1000 square meter,1.290031142
SKQ202412S-IC05,SKQ202412S-IC05-Solariella obscura,8/16/2024,16:48:42,71.33833,-164.622988,Benthos,"Plumb-staff beam trawl,  2.26m opening, 7-mm mesh net, 4-mm cod end liner",Solariella obscura,Species,urn:lsid:marinespecies.org:taxname:141840,"Couthouy, 1838",Animalia,Mollusca,Gastropoda,Trochida,Solariellidae,Solariella,biomass,Grams per 1000 square meter,2.580062284
SKQ202412S-IC05,SKQ202412S-IC05-Spiochaetopterus,8/16/2024,16:48:42,71.33833,-164.622988,Benthos,"Plumb-staff beam trawl,  2.26m opening, 7-mm mesh net, 4-mm cod end liner",Spiochaetopterus,Genus,urn:lsid:marinespecies.org:taxname:129233,"M Sars, 1856",Animalia,Annelida,Polychaeta,n/a,Chaetopteridae,Spiochaetopterus,biomass,Grams per 1000 square meter,0.258006228
SKQ202412S-IC05,SKQ202412S-IC05-Stegocephalidae,8/16/2024,16:48:42,71.33833,-164.622988,Benthos,"Plumb-staff beam trawl,  2.26m opening, 7-mm mesh net, 4-mm cod end liner",Stegocephalidae,Family,urn:lsid:marinespecies.org:taxname:101408,"Dana, 1852",Animalia,Arthropoda,Malacostraca,Amphipoda,Stegocephalidae,n/a,biomass,Grams per 1000 square meter,5.160124568
SKQ202412S-IC05,SKQ202412S-IC05-Stomphia,8/16/2024,16:48:42,71.33833,-164.622988,Benthos,"Plumb-staff beam trawl,  2.26m opening, 7-mm mesh net, 4-mm cod end liner",Stomphia,Genus,urn:lsid:marinespecies.org:taxname:100716,"Gosse, 1859",Animalia,Cnidaria,Hexacorallia,Actiniaria,Actinostolidae,Stomphia,biomass,Grams per 1000 square meter,335.4080969
SKQ202412S-IC05,SKQ202412S-IC05-Synidotea bicuspida,8/16/2024,16:48:42,71.33833,-164.622988,Benthos,"Plumb-staff beam trawl,  2.26m opening, 7-mm mesh net, 4-mm cod end liner",Synidotea bicuspida,Species,urn:lsid:marinespecies.org:taxname:156445,"Owen, 1839",Animalia,Arthropoda,Malacostraca,Isopoda,Idoteidae,Synidotea,biomass,Grams per 1000 square meter,2.580062284
SKQ202412S-IC05,SKQ202412S-IC05-Tachyrhynchus erosus,8/16/2024,16:48:42,71.33833,-164.622988,Benthos,"Plumb-staff beam trawl,  2.26m opening, 7-mm mesh net, 4-mm cod end liner",Tachyrhynchus erosus,Species,urn:lsid:marinespecies.org:taxname:196391,"Couthouy, 1838",Animalia,Mollusca,Gastropoda,Caenogastropoda incertae sedis,Turritellidae,Tachyrhynchus,biomass,Grams per 1000 square meter,0.258006228
SKQ202412S-IC05,SKQ202412S-IC05-Trichotropis bicarinata,8/16/2024,16:48:42,71.33833,-164.622988,Benthos,"Plumb-staff beam trawl,  2.26m opening, 7-mm mesh net, 4-mm cod end liner",Trichotropis bicarinata,Species,urn:lsid:marinespecies.org:taxname:160421,"G. B. Sowerby I, 1825",Animalia,Mollusca,Gastropoda,Littorinimorpha,Capulidae,Trichotropis,biomass,Grams per 1000 square meter,1.290031142
SKQ202412S-IC05,SKQ202412S-IC05-Tritonia,8/16/2024,16:48:42,71.33833,-164.622988,Benthos,"Plumb-staff beam trawl,  2.26m opening, 7-mm mesh net, 4-mm cod end liner",Tritonia,Genus,urn:lsid:marinespecies.org:taxname:138580,"Cuvier, 1797",Animalia,Mollusca,Gastropoda,Nudibranchia,Tritoniidae,Tritonia,biomass,Grams per 1000 square meter,7.740186852
SKQ202412S-IC03,SKQ202412S-IC03-Admete viridula,8/16/2024,22:00:02,71.603007,-165.314663,Benthos,"Plumb-staff beam trawl,  2.26m opening, 7-mm mesh net, 4-mm cod end liner",Admete viridula,Species,urn:lsid:marinespecies.org:taxname:138969,"O. Fabricius, 1780",Animalia,Mollusca,Gastropoda,Neogastropoda,Cancellariidae,Admete,biomass,Grams per 1000 square meter,0.743274303
SKQ202412S-IC03,SKQ202412S-IC03-Anonyx,8/16/2024,22:00:02,71.603007,-165.314663,Benthos,"Plumb-staff beam trawl,  2.26m opening, 7-mm mesh net, 4-mm cod end liner",Anonyx,Genus,urn:lsid:marinespecies.org:taxname:101592,"Krøyer, 1838",Animalia,Arthropoda,Malacostraca,Amphipoda,Uristidae,Anonyx,biomass,Grams per 1000 square meter,7.432743033
SKQ202412S-IC03,SKQ202412S-IC03-Arcteobia anticostiensis,8/16/2024,22:00:02,71.603007,-165.314663,Benthos,"Plumb-staff beam trawl,  2.26m opening, 7-mm mesh net, 4-mm cod end liner",Arcteobia anticostiensis,Species,urn:lsid:marinespecies.org:taxname:157214,"Mcintosh, 1874",Animalia,Annelida,Polychaeta,Phyllodocida,Polynoidae,Arcteobia,biomass,Grams per 1000 square meter,7.432743033
SKQ202412S-IC03,SKQ202412S-IC03-Argis,8/16/2024,22:00:02,71.603007,-165.314663,Benthos,"Plumb-staff beam trawl,  2.26m opening, 7-mm mesh net, 4-mm cod end liner",Argis,Genus,urn:lsid:marinespecies.org:taxname:107006,"Krøyer, 1843",Animalia,Arthropoda,Malacostraca,Decapoda,Crangonidae,Argis,biomass,Grams per 1000 square meter,94.14807842
SKQ202412S-IC03,SKQ202412S-IC03-Boreotrophon truncatus,8/16/2024,22:00:02,71.603007,-165.314663,Benthos,"Plumb-staff beam trawl,  2.26m opening, 7-mm mesh net, 4-mm cod end liner",Boreotrophon truncatus,Species,urn:lsid:marinespecies.org:taxname:146733,"Strøm, 1768",Animalia,Mollusca,Gastropoda,Neogastropoda,Muricidae,Boreotrophon,biomass,Grams per 1000 square meter,7.432743033
SKQ202412S-IC03,SKQ202412S-IC03-Buccinum scalariforme,8/16/2024,22:00:02,71.603007,-165.314663,Benthos,"Plumb-staff beam trawl,  2.26m opening, 7-mm mesh net, 4-mm cod end liner",Buccinum scalariforme,Species,urn:lsid:marinespecies.org:taxname:138875,"Møller, 1842",Animalia,Mollusca,Gastropoda,Neogastropoda,Buccinidae,Buccinum,biomass,Grams per 1000 square meter,66.8946873
SKQ202412S-IC03,SKQ202412S-IC03-Chionoecetes opilio,8/16/2024,22:00:02,71.603007,-165.314663,Benthos,"Plumb-staff beam trawl,  2.26m opening, 7-mm mesh net, 4-mm cod end liner",Chionoecetes opilio,Species,urn:lsid:marinespecies.org:taxname:107315,"Fabricius, 1788",Animalia,Arthropoda,Malacostraca,Decapoda,Oregoniidae,Chionoecetes,biomass,Grams per 1000 square meter,275.0114922
SKQ202412S-IC03,SKQ202412S-IC03-Crangon dalli,8/16/2024,22:00:02,71.603007,-165.314663,Benthos,"Plumb-staff beam trawl,  2.26m opening, 7-mm mesh net, 4-mm cod end liner",Crangon dalli,Species,urn:lsid:marinespecies.org:taxname:254486,"Rathbun, 1902",Animalia,Arthropoda,Malacostraca,Decapoda,Crangonidae,Crangon,biomass,Grams per 1000 square meter,4.955162022
SKQ202412S-IC03,SKQ202412S-IC03-Cryptonatica affinis,8/16/2024,22:00:02,71.603007,-165.314663,Benthos,"Plumb-staff beam trawl,  2.26m opening, 7-mm mesh net, 4-mm cod end liner",Cryptonatica affinis,Species,urn:lsid:marinespecies.org:taxname:140525,"Gmelin, 1791",Animalia,Mollusca,Gastropoda,Littorinimorpha,Naticidae,Cryptonatica,biomass,Grams per 1000 square meter,81.76017337
SKQ202412S-IC03,SKQ202412S-IC03-Eualus gaimardii ,8/16/2024,22:00:02,71.603007,-165.314663,Benthos,"Plumb-staff beam trawl,  2.26m opening, 7-mm mesh net, 4-mm cod end liner",Eualus gaimardii ,Species,urn:lsid:marinespecies.org:taxname:107504,"H. Milne Edwards, 1837",Animalia,Arthropoda,Malacostraca,Decapoda,Thoridae,Eualus,biomass,Grams per 1000 square meter,188.2961568
SKQ202412S-IC03,SKQ202412S-IC03-Eualus macilentus,8/16/2024,22:00:02,71.603007,-165.314663,Benthos,"Plumb-staff beam trawl,  2.26m opening, 7-mm mesh net, 4-mm cod end liner",Eualus macilentus,Species,urn:lsid:marinespecies.org:taxname:158359,"Krøyer, 1841",Animalia,Arthropoda,Malacostraca,Decapoda,Thoridae,Eualus,biomass,Grams per 1000 square meter,17.34306708
SKQ202412S-IC03,SKQ202412S-IC03-Eucratea loricata,8/16/2024,22:00:02,71.603007,-165.314663,Benthos,"Plumb-staff beam trawl,  2.26m opening, 7-mm mesh net, 4-mm cod end liner",Eucratea loricata,Species,urn:lsid:marinespecies.org:taxname:111361,"Linnaeus, 1758",Animalia,Bryozoa,Gymnolaemata,Cheilostomatida,Eucrateidae,Eucratea,biomass,Grams per 1000 square meter,7.432743033
SKQ202412S-IC03,SKQ202412S-IC03-Euspira pallida,8/16/2024,22:00:02,71.603007,-165.314663,Benthos,"Plumb-staff beam trawl,  2.26m opening, 7-mm mesh net, 4-mm cod end liner",Euspira pallida,Species,urn:lsid:marinespecies.org:taxname:140536,"Broderip & G. B. Sowerby I, 1829",Animalia,Mollusca,Gastropoda,Littorinimorpha,Naticidae,Euspira,biomass,Grams per 1000 square meter,0.743274303
SKQ202412S-IC03,SKQ202412S-IC03-Gattyana ciliata,8/16/2024,22:00:02,71.603007,-165.314663,Benthos,"Plumb-staff beam trawl,  2.26m opening, 7-mm mesh net, 4-mm cod end liner",Gattyana ciliata,Species,urn:lsid:marinespecies.org:taxname:254456,"Moore, 1902",Animalia,Annelida,Polychaeta,Phyllodocida,Polynoidae,Gattyana,biomass,Grams per 1000 square meter,22.2982291
SKQ202412S-IC03,SKQ202412S-IC03-Gersemia rubiformis,8/16/2024,22:00:02,71.603007,-165.314663,Benthos,"Plumb-staff beam trawl,  2.26m opening, 7-mm mesh net, 4-mm cod end liner",Gersemia rubiformis,Species,urn:lsid:marinespecies.org:taxname:156103,"Ehrenberg, 1834",Animalia,Cnidaria,Octocorallia,Malacalcyonacea,Alcyoniidae,Gersemia,biomass,Grams per 1000 square meter,111.4911455
SKQ202412S-IC03,SKQ202412S-IC03-Gorgonocephalus eucnemis,8/16/2024,22:00:02,71.603007,-165.314663,Benthos,"Plumb-staff beam trawl,  2.26m opening, 7-mm mesh net, 4-mm cod end liner",Gorgonocephalus eucnemis,Species,urn:lsid:marinespecies.org:taxname:124969,"Müller & Troschel, 1842",Animalia,Echinodermata,Ophiuroidea,Euryalida,Gorgonocephalidae,Gorgonocephalus,biomass,Grams per 1000 square meter,7.432743033
SKQ202412S-IC03,SKQ202412S-IC03-Hyas coarctatus,8/16/2024,22:00:02,71.603007,-165.314663,Benthos,"Plumb-staff beam trawl,  2.26m opening, 7-mm mesh net, 4-mm cod end liner",Hyas coarctatus,Species,urn:lsid:marinespecies.org:taxname:107323,"Leach, 1815",Animalia,Arthropoda,Malacostraca,Decapoda,Oregoniidae,Hyas,biomass,Grams per 1000 square meter,111.4911455
SKQ202412S-IC03,SKQ202412S-IC03-Hydroidea,8/16/2024,22:00:02,71.603007,-165.314663,Benthos,"Plumb-staff beam trawl,  2.26m opening, 7-mm mesh net, 4-mm cod end liner",Hydrozoa,Class,urn:lsid:marinespecies.org:taxname:1337,"Owen, 1843",Animalia,Cnidaria,Hydrozoa,n/a,n/a,n/a,biomass,Grams per 1000 square meter,7.432743033
SKQ202412S-IC03,SKQ202412S-IC03-Lafoeina maxima,8/16/2024,22:00:02,71.603007,-165.314663,Benthos,"Plumb-staff beam trawl,  2.26m opening, 7-mm mesh net, 4-mm cod end liner",Lafoeina maxima,Species,urn:lsid:marinespecies.org:taxname:117411,"Levinsen, 1893",Animalia,Cnidaria,Hydrozoa,Leptothecata,Campanulinidae,Lafoeina,biomass,Grams per 1000 square meter,7.432743033
SKQ202412S-IC03,SKQ202412S-IC03-Leptasterias polaris,8/16/2024,22:00:02,71.603007,-165.314663,Benthos,"Plumb-staff beam trawl,  2.26m opening, 7-mm mesh net, 4-mm cod end liner",Leptasterias (Hexasterias) polaris,Species,urn:lsid:marinespecies.org:taxname:125154,"Müller & Troschel, 1842",Animalia,Echinodermata,Asteroidea,Forcipulatida,Asteriidae,Leptasterias (Hexasterias),biomass,Grams per 1000 square meter,564.8884705
SKQ202412S-IC03,SKQ202412S-IC03-Myriotrochus rinkii,8/16/2024,22:00:02,71.603007,-165.314663,Benthos,"Plumb-staff beam trawl,  2.26m opening, 7-mm mesh net, 4-mm cod end liner",Myriotrochus rinkii,Species,urn:lsid:marinespecies.org:taxname:124446,"Steenstrup, 1851",Animalia,Echinodermata,Holothuroidea,Apodida,Myriotrochidae,Myriotrochus,biomass,Grams per 1000 square meter,1783.858328
SKQ202412S-IC03,SKQ202412S-IC03-Nemertea,8/16/2024,22:00:02,71.603007,-165.314663,Benthos,"Plumb-staff beam trawl,  2.26m opening, 7-mm mesh net, 4-mm cod end liner",Nemertea,Phylum,urn:lsid:marinespecies.org:taxname:152391,n/a,Animalia,Nemertea,n/a,n/a,n/a,n/a,biomass,Grams per 1000 square meter,14.86548607
SKQ202412S-IC03,SKQ202412S-IC03-Neptunea heros,8/16/2024,22:00:02,71.603007,-165.314663,Benthos,"Plumb-staff beam trawl,  2.26m opening, 7-mm mesh net, 4-mm cod end liner",Neptunea heros,Species,urn:lsid:marinespecies.org:taxname:254479,"J. E. Gray, 1850",Animalia,Mollusca,Gastropoda,Neogastropoda,Buccinidae,Neptunea,biomass,Grams per 1000 square meter,14.86548607
SKQ202412S-IC03,SKQ202412S-IC03-Nymphon,8/16/2024,22:00:02,71.603007,-165.314663,Benthos,"Plumb-staff beam trawl,  2.26m opening, 7-mm mesh net, 4-mm cod end liner",Nymphon,Genus,urn:lsid:marinespecies.org:taxname:134591,"Fabricius, 1794",Animalia,Arthropoda,Pycnogonida,Pantopoda,Nymphonidae,Nymphon,biomass,Grams per 1000 square meter,0.743274303
SKQ202412S-IC03,SKQ202412S-IC03-Oenopota,8/16/2024,22:00:02,71.603007,-165.314663,Benthos,"Plumb-staff beam trawl,  2.26m opening, 7-mm mesh net, 4-mm cod end liner",Oenopota,Genus,urn:lsid:marinespecies.org:taxname:137826,"Mörch, 1852",Animalia,Mollusca,Gastropoda,Neogastropoda,Mangeliidae,Oenopota,biomass,Grams per 1000 square meter,0.743274303
SKQ202412S-IC03,SKQ202412S-IC03-Ophiura sarsiii,8/16/2024,22:00:02,71.603007,-165.314663,Benthos,"Plumb-staff beam trawl,  2.26m opening, 7-mm mesh net, 4-mm cod end liner",Ophiura sarsiii,Species,urn:lsid:marinespecies.org:taxname:124934,"Lütken, 1855",Animalia,Echinodermata,Ophiuroidea,Ophiurida,Ophiuridae,Ophiura,biomass,Grams per 1000 square meter,10658.55351
SKQ202412S-IC03,SKQ202412S-IC03-Pagurus capillatus,8/16/2024,22:00:02,71.603007,-165.314663,Benthos,"Plumb-staff beam trawl,  2.26m opening, 7-mm mesh net, 4-mm cod end liner",Pagurus capillatus,Species,urn:lsid:marinespecies.org:taxname:254489,"Benedict, 1892",Animalia,Arthropoda,Malacostraca,Decapoda,Paguridae,Pagurus,biomass,Grams per 1000 square meter,14.86548607
SKQ202412S-IC03,SKQ202412S-IC03-Pandalus goniurus,8/16/2024,22:00:02,71.603007,-165.314663,Benthos,"Plumb-staff beam trawl,  2.26m opening, 7-mm mesh net, 4-mm cod end liner",Pandalus goniurus,Species,urn:lsid:marinespecies.org:taxname:254483,"Stimpson, 1860",Animalia,Arthropoda,Malacostraca,Decapoda,Pandalidae,Pandalus,biomass,Grams per 1000 square meter,7.432743033
SKQ202412S-IC03,SKQ202412S-IC03-Phyllodoce groenlandica,8/16/2024,22:00:02,71.603007,-165.314663,Benthos,"Plumb-staff beam trawl,  2.26m opening, 7-mm mesh net, 4-mm cod end liner",Phyllodoce groenlandica,Species,urn:lsid:marinespecies.org:taxname:334506,"Örsted, 1842",Animalia,Annelida,Polychaeta,Phyllodocida,Phyllodocidae,Phyllodoce,biomass,Grams per 1000 square meter,7.432743033
SKQ202412S-IC03,SKQ202412S-IC03-Plicifusus kroeyeri,8/16/2024,22:00:02,71.603007,-165.314663,Benthos,"Plumb-staff beam trawl,  2.26m opening, 7-mm mesh net, 4-mm cod end liner",Plicifusus kroeyeri,Species,urn:lsid:marinespecies.org:taxname:491269,"Møller, 1842",Animalia,Mollusca,Gastropoda,Neogastropoda,Buccinidae,Plicifusus,biomass,Grams per 1000 square meter,52.02920123
SKQ202412S-IC03,SKQ202412S-IC03-Pteraster obscurus,8/16/2024,22:00:02,71.603007,-165.314663,Benthos,"Plumb-staff beam trawl,  2.26m opening, 7-mm mesh net, 4-mm cod end liner",Pteraster obscurus,Species,urn:lsid:marinespecies.org:taxname:124149,"Perrier, 1891",Animalia,Echinodermata,Asteroidea,Velatida,Pterasteridae,Pteraster,biomass,Grams per 1000 square meter,104.0584025
SKQ202412S-IC03,SKQ202412S-IC03-Solariella obscura,8/16/2024,22:00:02,71.603007,-165.314663,Benthos,"Plumb-staff beam trawl,  2.26m opening, 7-mm mesh net, 4-mm cod end liner",Solariella obscura,Species,urn:lsid:marinespecies.org:taxname:141840,"Couthouy, 1838",Animalia,Mollusca,Gastropoda,Trochida,Solariellidae,Solariella,biomass,Grams per 1000 square meter,7.432743033
SKQ202412S-IC01,SKQ202412S-IC01-Ampharetidae,8/17/2024,13:29:21,71.829118,-165.982691,Benthos,"Plumb-staff beam trawl,  2.26m opening, 7-mm mesh net, 4-mm cod end liner",Ampharetidae,Family,urn:lsid:marinespecies.org:taxname:981,"Malmgren, 1866",Animalia,Annelida,Polychaeta,Terebellida,Ampharetidae,n/a,biomass,Grams per 1000 square meter,1.227204633
SKQ202412S-IC01,SKQ202412S-IC01-Anonyx,8/17/2024,13:29:21,71.829118,-165.982691,Benthos,"Plumb-staff beam trawl,  2.26m opening, 7-mm mesh net, 4-mm cod end liner",Anonyx,Genus,urn:lsid:marinespecies.org:taxname:101592,"Krøyer, 1838",Animalia,Arthropoda,Malacostraca,Amphipoda,Uristidae,Anonyx,biomass,Grams per 1000 square meter,2.454409266
SKQ202412S-IC01,SKQ202412S-IC01-Argis,8/17/2024,13:29:21,71.829118,-165.982691,Benthos,"Plumb-staff beam trawl,  2.26m opening, 7-mm mesh net, 4-mm cod end liner",Argis,Genus,urn:lsid:marinespecies.org:taxname:107006,"Krøyer, 1843",Animalia,Arthropoda,Malacostraca,Decapoda,Crangonidae,Argis,biomass,Grams per 1000 square meter,12.27204633
SKQ202412S-IC01,SKQ202412S-IC01-Balanus crenatus,8/17/2024,13:29:21,71.829118,-165.982691,Benthos,"Plumb-staff beam trawl,  2.26m opening, 7-mm mesh net, 4-mm cod end liner",Balanus crenatus,Species,urn:lsid:marinespecies.org:taxname:106215,"Bruguière, 1789",Animalia,Arthropoda,Thecostraca,Balanomorpha,Balanidae,Balanus,biomass,Grams per 1000 square meter,4.908818531
SKQ202412S-IC01,SKQ202412S-IC01-Buccinum polare,8/17/2024,13:29:21,71.829118,-165.982691,Benthos,"Plumb-staff beam trawl,  2.26m opening, 7-mm mesh net, 4-mm cod end liner",Buccinum polare,Species,urn:lsid:marinespecies.org:taxname:138873,"Gray, 1839",Animalia,Mollusca,Gastropoda,Neogastropoda,Buccinidae,Buccinum,biomass,Grams per 1000 square meter,2.454409266
SKQ202412S-IC01,SKQ202412S-IC01-Chionoecetes opilio,8/17/2024,13:29:21,71.829118,-165.982691,Benthos,"Plumb-staff beam trawl,  2.26m opening, 7-mm mesh net, 4-mm cod end liner",Chionoecetes opilio,Species,urn:lsid:marinespecies.org:taxname:107315,"Fabricius, 1788",Animalia,Arthropoda,Malacostraca,Decapoda,Oregoniidae,Chionoecetes,biomass,Grams per 1000 square meter,562.0597218
SKQ202412S-IC01,SKQ202412S-IC01-Crangon dalli,8/17/2024,13:29:21,71.829118,-165.982691,Benthos,"Plumb-staff beam trawl,  2.26m opening, 7-mm mesh net, 4-mm cod end liner",Crangon dalli,Species,urn:lsid:marinespecies.org:taxname:254486,"Rathbun, 1902",Animalia,Arthropoda,Malacostraca,Decapoda,Crangonidae,Crangon,biomass,Grams per 1000 square meter,14.72645559
SKQ202412S-IC01,SKQ202412S-IC01-Ctenodiscus crispatus,8/17/2024,13:29:21,71.829118,-165.982691,Benthos,"Plumb-staff beam trawl,  2.26m opening, 7-mm mesh net, 4-mm cod end liner",Ctenodiscus crispatus,Species,urn:lsid:marinespecies.org:taxname:123915,"Bruzelius, 1805",Animalia,Echinodermata,Asteroidea,Paxillosida,Ctenodiscidae,Ctenodiscus,biomass,Grams per 1000 square meter,31.90732045
SKQ202412S-IC01,SKQ202412S-IC01-Cylichna alba,8/17/2024,13:29:21,71.829118,-165.982691,Benthos,"Plumb-staff beam trawl,  2.26m opening, 7-mm mesh net, 4-mm cod end liner",Cylichna alba,Species,urn:lsid:marinespecies.org:taxname:139474,"T. Brown, 1827",Animalia,Mollusca,Gastropoda,Cephalaspidea,Cylichnidae,Cylichna,biomass,Grams per 1000 square meter,1.227204633
SKQ202412S-IC01,SKQ202412S-IC01-Dendronotus frondosus,8/17/2024,13:29:21,71.829118,-165.982691,Benthos,"Plumb-staff beam trawl,  2.26m opening, 7-mm mesh net, 4-mm cod end liner",Dendronotus frondosus,Species,urn:lsid:marinespecies.org:taxname:139523,"Ascanius, 1774",Animalia,Mollusca,Gastropoda,Nudibranchia,Dendronotidae,Dendronotus,biomass,Grams per 1000 square meter,0.245440927
SKQ202412S-IC01,SKQ202412S-IC01-Eualus macilentus,8/17/2024,13:29:21,71.829118,-165.982691,Benthos,"Plumb-staff beam trawl,  2.26m opening, 7-mm mesh net, 4-mm cod end liner",Eualus macilentus,Species,urn:lsid:marinespecies.org:taxname:158359,"Krøyer, 1841",Animalia,Arthropoda,Malacostraca,Decapoda,Thoridae,Eualus,biomass,Grams per 1000 square meter,22.08968339
SKQ202412S-IC01,SKQ202412S-IC01-Euspira pallida,8/17/2024,13:29:21,71.829118,-165.982691,Benthos,"Plumb-staff beam trawl,  2.26m opening, 7-mm mesh net, 4-mm cod end liner",Euspira pallida,Species,urn:lsid:marinespecies.org:taxname:140536,"Broderip & G. B. Sowerby I, 1829",Animalia,Mollusca,Gastropoda,Littorinimorpha,Naticidae,Euspira,biomass,Grams per 1000 square meter,80.99550576
SKQ202412S-IC01,SKQ202412S-IC01-Gorgonocephalus eucnemis,8/17/2024,13:29:21,71.829118,-165.982691,Benthos,"Plumb-staff beam trawl,  2.26m opening, 7-mm mesh net, 4-mm cod end liner",Gorgonocephalus eucnemis,Species,urn:lsid:marinespecies.org:taxname:124969,"Müller & Troschel, 1842",Animalia,Echinodermata,Ophiuroidea,Euryalida,Gorgonocephalidae,Gorgonocephalus,biomass,Grams per 1000 square meter,2.454409266
SKQ202412S-IC01,SKQ202412S-IC01-Harmothoe imbricata,8/17/2024,13:29:21,71.829118,-165.982691,Benthos,"Plumb-staff beam trawl,  2.26m opening, 7-mm mesh net, 4-mm cod end liner",Harmothoe imbricata,Species,urn:lsid:marinespecies.org:taxname:130769,"Linnaeus, 1767",Animalia,Annelida,Polychaeta,Phyllodocida,Polynoidae,Harmothoe,biomass,Grams per 1000 square meter,2.454409266
SKQ202412S-IC01,SKQ202412S-IC01-Hyas coarctatus,8/17/2024,13:29:21,71.829118,-165.982691,Benthos,"Plumb-staff beam trawl,  2.26m opening, 7-mm mesh net, 4-mm cod end liner",Hyas coarctatus,Species,urn:lsid:marinespecies.org:taxname:107323,"Leach, 1815",Animalia,Arthropoda,Malacostraca,Decapoda,Oregoniidae,Hyas,biomass,Grams per 1000 square meter,7.363227797
SKQ202412S-IC01,SKQ202412S-IC01-Hydroidea,8/17/2024,13:29:21,71.829118,-165.982691,Benthos,"Plumb-staff beam trawl,  2.26m opening, 7-mm mesh net, 4-mm cod end liner",Hydrozoa,Class,urn:lsid:marinespecies.org:taxname:1337,"Owen, 1843",Animalia,Cnidaria,Hydrozoa,n/a,n/a,n/a,biomass,Grams per 1000 square meter,19.63527412
SKQ202412S-IC01,SKQ202412S-IC01-Labidochirus splendescens,8/17/2024,13:29:21,71.829118,-165.982691,Benthos,"Plumb-staff beam trawl,  2.26m opening, 7-mm mesh net, 4-mm cod end liner",Labidochirus splendescens,Species,urn:lsid:marinespecies.org:taxname:248348,"Owen, 1839",Animalia,Arthropoda,Malacostraca,Decapoda,Paguridae,Labidochirus,biomass,Grams per 1000 square meter,9.817637062
SKQ202412S-IC01,SKQ202412S-IC01-Leptasterias polaris,8/17/2024,13:29:21,71.829118,-165.982691,Benthos,"Plumb-staff beam trawl,  2.26m opening, 7-mm mesh net, 4-mm cod end liner",Leptasterias (Hexasterias) polaris,Species,urn:lsid:marinespecies.org:taxname:125154,"Müller & Troschel, 1842",Animalia,Echinodermata,Asteroidea,Forcipulatida,Asteriidae,Leptasterias (Hexasterias),biomass,Grams per 1000 square meter,193.898332
SKQ202412S-IC01,SKQ202412S-IC01-Margarites helicinus,8/17/2024,13:29:21,71.829118,-165.982691,Benthos,"Plumb-staff beam trawl,  2.26m opening, 7-mm mesh net, 4-mm cod end liner",Margarites helicinus,Species,urn:lsid:marinespecies.org:taxname:141821,"Phipps, 1774",Animalia,Mollusca,Gastropoda,Trochida,Margaritidae,Margarites,biomass,Grams per 1000 square meter,4.908818531
SKQ202412S-IC01,SKQ202412S-IC01-Melita formosa,8/17/2024,13:29:21,71.829118,-165.982691,Benthos,"Plumb-staff beam trawl,  2.26m opening, 7-mm mesh net, 4-mm cod end liner",Quasimelita formosa,Species,urn:lsid:marinespecies.org:taxname:423709,"Murdoch, 1885",Animalia,Arthropoda,Malacostraca,Amphipoda,Melitidae,Quasimelita,biomass,Grams per 1000 square meter,0.245440927
SKQ202412S-IC01,SKQ202412S-IC01-Myriotrochus rinkii,8/17/2024,13:29:21,71.829118,-165.982691,Benthos,"Plumb-staff beam trawl,  2.26m opening, 7-mm mesh net, 4-mm cod end liner",Myriotrochus rinkii,Species,urn:lsid:marinespecies.org:taxname:124446,"Steenstrup, 1851",Animalia,Echinodermata,Holothuroidea,Apodida,Myriotrochidae,Myriotrochus,biomass,Grams per 1000 square meter,174.2630579
SKQ202412S-IC01,SKQ202412S-IC01-Nemertea,8/17/2024,13:29:21,71.829118,-165.982691,Benthos,"Plumb-staff beam trawl,  2.26m opening, 7-mm mesh net, 4-mm cod end liner",Nemertea,Phylum,urn:lsid:marinespecies.org:taxname:152391,n/a,Animalia,Nemertea,n/a,n/a,n/a,n/a,biomass,Grams per 1000 square meter,2.454409266
SKQ202412S-IC01,SKQ202412S-IC01-Neptunea heros,8/17/2024,13:29:21,71.829118,-165.982691,Benthos,"Plumb-staff beam trawl,  2.26m opening, 7-mm mesh net, 4-mm cod end liner",Neptunea heros,Species,urn:lsid:marinespecies.org:taxname:254479,"J. E. Gray, 1850",Animalia,Mollusca,Gastropoda,Neogastropoda,Buccinidae,Neptunea,biomass,Grams per 1000 square meter,1.227204633
SKQ202412S-IC01,SKQ202412S-IC01-Nodulotrophon coronatus,8/17/2024,13:29:21,71.829118,-165.982691,Benthos,"Plumb-staff beam trawl,  2.26m opening, 7-mm mesh net, 4-mm cod end liner",Nodulotrophon coronatus,Species,urn:lsid:marinespecies.org:taxname:399228,"H. Adams & A. Adams, 1864",Animalia,Mollusca,Gastropoda,Neogastropoda,Muricidae,Nodulotrophon,biomass,Grams per 1000 square meter,7.363227797
SKQ202412S-IC01,SKQ202412S-IC01-Onchidiopsis,8/17/2024,13:29:21,71.829118,-165.982691,Benthos,"Plumb-staff beam trawl,  2.26m opening, 7-mm mesh net, 4-mm cod end liner",Onchidiopsis,Genus,urn:lsid:marinespecies.org:taxname:138628,"Bergh, 1853",Animalia,Mollusca,Gastropoda,Littorinimorpha,Velutinidae,Onchidiopsis,biomass,Grams per 1000 square meter,12.27204633
SKQ202412S-IC01,SKQ202412S-IC01-Ophiura robusta,8/17/2024,13:29:21,71.829118,-165.982691,Benthos,"Plumb-staff beam trawl,  2.26m opening, 7-mm mesh net, 4-mm cod end liner",Ophiura robusta,Species,urn:lsid:marinespecies.org:taxname:124933,"Ayres, 1852",Animalia,Echinodermata,Ophiuroidea,Ophiurida,Ophiuridae,Ophiura,biomass,Grams per 1000 square meter,0.245440927
SKQ202412S-IC01,SKQ202412S-IC01-Ophiura sarsiii,8/17/2024,13:29:21,71.829118,-165.982691,Benthos,"Plumb-staff beam trawl,  2.26m opening, 7-mm mesh net, 4-mm cod end liner",Ophiura sarsiii,Species,urn:lsid:marinespecies.org:taxname:124934,"Lütken, 1855",Animalia,Echinodermata,Ophiuroidea,Ophiurida,Ophiuridae,Ophiura,biomass,Grams per 1000 square meter,169.3542393
SKQ202412S-IC01,SKQ202412S-IC01-Pagurus capillatus,8/17/2024,13:29:21,71.829118,-165.982691,Benthos,"Plumb-staff beam trawl,  2.26m opening, 7-mm mesh net, 4-mm cod end liner",Pagurus capillatus,Species,urn:lsid:marinespecies.org:taxname:254489,"Benedict, 1892",Animalia,Arthropoda,Malacostraca,Decapoda,Paguridae,Pagurus,biomass,Grams per 1000 square meter,14.72645559
SKQ202412S-IC01,SKQ202412S-IC01-Pagurus trigonocheirus,8/17/2024,13:29:21,71.829118,-165.982691,Benthos,"Plumb-staff beam trawl,  2.26m opening, 7-mm mesh net, 4-mm cod end liner",Pagurus trigonocheirus,Species,urn:lsid:marinespecies.org:taxname:254490,"Stimpson, 1858",Animalia,Arthropoda,Malacostraca,Decapoda,Paguridae,Pagurus,biomass,Grams per 1000 square meter,12.27204633
SKQ202412S-IC01,SKQ202412S-IC01-Pycnogonida,8/17/2024,13:29:21,71.829118,-165.982691,Benthos,"Plumb-staff beam trawl,  2.26m opening, 7-mm mesh net, 4-mm cod end liner",Pycnogonida,Class,urn:lsid:marinespecies.org:taxname:1302,"Latreille, 1810",Animalia,Arthropoda,Pycnogonida,n/a,n/a,n/a,biomass,Grams per 1000 square meter,0.245440927
SKQ202412S-IC01,SKQ202412S-IC01-Serripes groenlandica,8/17/2024,13:29:21,71.829118,-165.982691,Benthos,"Plumb-staff beam trawl,  2.26m opening, 7-mm mesh net, 4-mm cod end liner",Serripes groenlandica,Species,urn:lsid:marinespecies.org:taxname:582749,"Mohr, 1786",Animalia,Mollusca,Bivalvia,Cardiida,Cardiidae,Serripes,biomass,Grams per 1000 square meter,2.454409266
SKQ202412S-IC01,SKQ202412S-IC01-Stegophiura nodosa,8/17/2024,13:29:21,71.829118,-165.982691,Benthos,"Plumb-staff beam trawl,  2.26m opening, 7-mm mesh net, 4-mm cod end liner",Stegophiura nodosa,Species,urn:lsid:marinespecies.org:taxname:124943,"Lütken, 1855",Animalia,Echinodermata,Ophiuroidea,Ophiurida,Ophiopyrgidae,Stegophiura,biomass,Grams per 1000 square meter,1.227204633
SKQ202412S-DBO4.4n,SKQ202412S-DBO4.4n-Admete solida,8/18/2024,10:27:17,71.586782,-161.414073,Benthos,"Plumb-staff beam trawl,  2.26m opening, 7-mm mesh net, 4-mm cod end liner",Admete solida,Species,urn:lsid:marinespecies.org:taxname:576338,"Aurivillius, 1885",Animalia,Mollusca,Gastropoda,Neogastropoda,Cancellariidae,Admete,biomass,Grams per 1000 square meter,2.388682243
SKQ202412S-DBO4.4n,SKQ202412S-DBO4.4n-Actiniaria,8/18/2024,10:27:17,71.586782,-161.414073,Benthos,"Plumb-staff beam trawl,  2.26m opening, 7-mm mesh net, 4-mm cod end liner",Actiniaria,Order,urn:lsid:marinespecies.org:taxname:1360,"Hertwig, 1882",Animalia,Cnidaria,Hexacorallia,Actiniaria,n/a,n/a,biomass,Grams per 1000 square meter,100.3246542
SKQ202412S-DBO4.4n,SKQ202412S-DBO4.4n-Anonyx,8/18/2024,10:27:17,71.586782,-161.414073,Benthos,"Plumb-staff beam trawl,  2.26m opening, 7-mm mesh net, 4-mm cod end liner",Anonyx,Genus,urn:lsid:marinespecies.org:taxname:101592,"Krøyer, 1838",Animalia,Arthropoda,Malacostraca,Amphipoda,Uristidae,Anonyx,biomass,Grams per 1000 square meter,2.388682243
SKQ202412S-DBO4.4n,SKQ202412S-DBO4.4n-Argis,8/18/2024,10:27:17,71.586782,-161.414073,Benthos,"Plumb-staff beam trawl,  2.26m opening, 7-mm mesh net, 4-mm cod end liner",Argis,Genus,urn:lsid:marinespecies.org:taxname:107006,"Krøyer, 1843",Animalia,Arthropoda,Malacostraca,Decapoda,Crangonidae,Argis,biomass,Grams per 1000 square meter,26.27550467
SKQ202412S-DBO4.4n,SKQ202412S-DBO4.4n-Arrhys phylonyx,8/18/2024,10:27:17,71.586782,-161.414073,Benthos,"Plumb-staff beam trawl,  2.26m opening, 7-mm mesh net, 4-mm cod end liner",Arrhys phylonyx,Species,urn:lsid:marinespecies.org:taxname:102870,"M. Sars, 1858",Animalia,Arthropoda,Malacostraca,Amphipoda,Oedicerotidae,Arrhis,biomass,Grams per 1000 square meter,2.388682243
SKQ202412S-DBO4.4n,SKQ202412S-DBO4.4n-Brada villosa,8/18/2024,10:27:17,71.586782,-161.414073,Benthos,"Plumb-staff beam trawl,  2.26m opening, 7-mm mesh net, 4-mm cod end liner",Bradabyssa villosa,Species,urn:lsid:marinespecies.org:taxname:1355594,"Rathke, 1843",Animalia,Annelida,Polychaeta,Terebellida,Flabelligeridae,Bradabyssa,biomass,Grams per 1000 square meter,16.7207757
SKQ202412S-DBO4.4n,SKQ202412S-DBO4.4n-Buccinum polare,8/18/2024,10:27:17,71.586782,-161.414073,Benthos,"Plumb-staff beam trawl,  2.26m opening, 7-mm mesh net, 4-mm cod end liner",Buccinum polare,Species,urn:lsid:marinespecies.org:taxname:138873,"Gray, 1839",Animalia,Mollusca,Gastropoda,Neogastropoda,Buccinidae,Buccinum,biomass,Grams per 1000 square meter,9.554728972
SKQ202412S-DBO4.4n,SKQ202412S-DBO4.4n-Chionoecetes opilio,8/18/2024,10:27:17,71.586782,-161.414073,Benthos,"Plumb-staff beam trawl,  2.26m opening, 7-mm mesh net, 4-mm cod end liner",Chionoecetes opilio,Species,urn:lsid:marinespecies.org:taxname:107315,"Fabricius, 1788",Animalia,Arthropoda,Malacostraca,Decapoda,Oregoniidae,Chionoecetes,biomass,Grams per 1000 square meter,262.7550467
SKQ202412S-DBO4.4n,SKQ202412S-DBO4.4n-Cistenides hyperborea,8/18/2024,10:27:17,71.586782,-161.414073,Benthos,"Plumb-staff beam trawl,  2.26m opening, 7-mm mesh net, 4-mm cod end liner",Cistenides hyperborea,Species,urn:lsid:marinespecies.org:taxname:157317,"Malmgren, 1866",Animalia,Annelida,Polychaeta,Terebellida,Pectinariidae,Cistenides,biomass,Grams per 1000 square meter,176.762486
SKQ202412S-DBO4.4n,SKQ202412S-DBO4.4n-Crangon dalli,8/18/2024,10:27:17,71.586782,-161.414073,Benthos,"Plumb-staff beam trawl,  2.26m opening, 7-mm mesh net, 4-mm cod end liner",Crangon dalli,Species,urn:lsid:marinespecies.org:taxname:254486,"Rathbun, 1902",Animalia,Arthropoda,Malacostraca,Decapoda,Crangonidae,Crangon,biomass,Grams per 1000 square meter,7.166046729
SKQ202412S-DBO4.4n,SKQ202412S-DBO4.4n-Cryptonatica affinis,8/18/2024,10:27:17,71.586782,-161.414073,Benthos,"Plumb-staff beam trawl,  2.26m opening, 7-mm mesh net, 4-mm cod end liner",Cryptonatica affinis,Species,urn:lsid:marinespecies.org:taxname:140525,"Gmelin, 1791",Animalia,Mollusca,Gastropoda,Littorinimorpha,Naticidae,Cryptonatica,biomass,Grams per 1000 square meter,0.238868224
SKQ202412S-DBO4.4n,SKQ202412S-DBO4.4n-Eualus gaimardii ,8/18/2024,10:27:17,71.586782,-161.414073,Benthos,"Plumb-staff beam trawl,  2.26m opening, 7-mm mesh net, 4-mm cod end liner",Eualus gaimardii ,Species,urn:lsid:marinespecies.org:taxname:107504,"H. Milne Edwards, 1837",Animalia,Arthropoda,Malacostraca,Decapoda,Thoridae,Eualus,biomass,Grams per 1000 square meter,28.66418692
SKQ202412S-DBO4.4n,SKQ202412S-DBO4.4n-Eualus macilentus,8/18/2024,10:27:17,71.586782,-161.414073,Benthos,"Plumb-staff beam trawl,  2.26m opening, 7-mm mesh net, 4-mm cod end liner",Eualus macilentus,Species,urn:lsid:marinespecies.org:taxname:158359,"Krøyer, 1841",Animalia,Arthropoda,Malacostraca,Decapoda,Thoridae,Eualus,biomass,Grams per 1000 square meter,47.77364486
SKQ202412S-DBO4.4n,SKQ202412S-DBO4.4n-Gattyana ciliata,8/18/2024,10:27:17,71.586782,-161.414073,Benthos,"Plumb-staff beam trawl,  2.26m opening, 7-mm mesh net, 4-mm cod end liner",Gattyana ciliata,Species,urn:lsid:marinespecies.org:taxname:254456,"Moore, 1902",Animalia,Annelida,Polychaeta,Phyllodocida,Polynoidae,Gattyana,biomass,Grams per 1000 square meter,16.7207757
SKQ202412S-DBO4.4n,SKQ202412S-DBO4.4n-Gersemia rubiformis,8/18/2024,10:27:17,71.586782,-161.414073,Benthos,"Plumb-staff beam trawl,  2.26m opening, 7-mm mesh net, 4-mm cod end liner",Gersemia rubiformis,Species,urn:lsid:marinespecies.org:taxname:156103,"Ehrenberg, 1834",Animalia,Cnidaria,Octocorallia,Malacalcyonacea,Alcyoniidae,Gersemia,biomass,Grams per 1000 square meter,47.77364486
SKQ202412S-DBO4.4n,SKQ202412S-DBO4.4n-Harmothoe imbricata,8/18/2024,10:27:17,71.586782,-161.414073,Benthos,"Plumb-staff beam trawl,  2.26m opening, 7-mm mesh net, 4-mm cod end liner",Harmothoe imbricata,Species,urn:lsid:marinespecies.org:taxname:130769,"Linnaeus, 1767",Animalia,Annelida,Polychaeta,Phyllodocida,Polynoidae,Harmothoe,biomass,Grams per 1000 square meter,2.388682243
SKQ202412S-DBO4.4n,SKQ202412S-DBO4.4n-Lafoeina maxima,8/18/2024,10:27:17,71.586782,-161.414073,Benthos,"Plumb-staff beam trawl,  2.26m opening, 7-mm mesh net, 4-mm cod end liner",Lafoeina maxima,Species,urn:lsid:marinespecies.org:taxname:117411,"Levinsen, 1893",Animalia,Cnidaria,Hydrozoa,Leptothecata,Campanulinidae,Lafoeina,biomass,Grams per 1000 square meter,19.10945794
SKQ202412S-DBO4.4n,SKQ202412S-DBO4.4n-Leptasterias groenlandica,8/18/2024,10:27:17,71.586782,-161.414073,Benthos,"Plumb-staff beam trawl,  2.26m opening, 7-mm mesh net, 4-mm cod end liner",Leptasterias groenlandica,Species,urn:lsid:marinespecies.org:taxname:369176,"Steenstrup in Lutken, 1857",Animalia,Echinodermata,Asteroidea,Forcipulatida,Asteriidae,Leptasterias,biomass,Grams per 1000 square meter,4.777364486
SKQ202412S-DBO4.4n,SKQ202412S-DBO4.4n-Lyonsia arenosa,8/18/2024,10:27:17,71.586782,-161.414073,Benthos,"Plumb-staff beam trawl,  2.26m opening, 7-mm mesh net, 4-mm cod end liner",Lyonsia arenosa,Species,urn:lsid:marinespecies.org:taxname:140290,"Møller, 1842",Animalia,Mollusca,Bivalvia,n/a,Lyonsiidae,Lyonsia,biomass,Grams per 1000 square meter,7.166046729
SKQ202412S-DBO4.4n,SKQ202412S-DBO4.4n-Margarites helicinus,8/18/2024,10:27:17,71.586782,-161.414073,Benthos,"Plumb-staff beam trawl,  2.26m opening, 7-mm mesh net, 4-mm cod end liner",Margarites helicinus,Species,urn:lsid:marinespecies.org:taxname:141821,"Phipps, 1774",Animalia,Mollusca,Gastropoda,Trochida,Margaritidae,Margarites,biomass,Grams per 1000 square meter,11.94341121
SKQ202412S-DBO4.4n,SKQ202412S-DBO4.4n-Musculus glacialis,8/18/2024,10:27:17,71.586782,-161.414073,Benthos,"Plumb-staff beam trawl,  2.26m opening, 7-mm mesh net, 4-mm cod end liner",Musculus glacialis,Species,urn:lsid:marinespecies.org:taxname:467467,"Leche, 1883",Animalia,Mollusca,Bivalvia,Mytilida,Mytilidae,Musculus,biomass,Grams per 1000 square meter,16.7207757
SKQ202412S-DBO4.4n,SKQ202412S-DBO4.4n-Myriotrochus rinkii,8/18/2024,10:27:17,71.586782,-161.414073,Benthos,"Plumb-staff beam trawl,  2.26m opening, 7-mm mesh net, 4-mm cod end liner",Myriotrochus rinkii,Species,urn:lsid:marinespecies.org:taxname:124446,"Steenstrup, 1851",Animalia,Echinodermata,Holothuroidea,Apodida,Myriotrochidae,Myriotrochus,biomass,Grams per 1000 square meter,2515.282402
SKQ202412S-DBO4.4n,SKQ202412S-DBO4.4n-Nemertea,8/18/2024,10:27:17,71.586782,-161.414073,Benthos,"Plumb-staff beam trawl,  2.26m opening, 7-mm mesh net, 4-mm cod end liner",Nemertea,Phylum,urn:lsid:marinespecies.org:taxname:152391,n/a,Animalia,Nemertea,n/a,n/a,n/a,n/a,biomass,Grams per 1000 square meter,16.7207757
SKQ202412S-DBO4.4n,SKQ202412S-DBO4.4n-Neoiphinoe coronata,8/18/2024,10:27:17,71.586782,-161.414073,Benthos,"Plumb-staff beam trawl,  2.26m opening, 7-mm mesh net, 4-mm cod end liner",Neoiphinoe coronata,Species,urn:lsid:marinespecies.org:taxname:576321,"A. Gould, 1860",Animalia,Mollusca,Gastropoda,Littorinimorpha,Capulidae,Neoiphinoe,biomass,Grams per 1000 square meter,2.388682243
SKQ202412S-DBO4.4n,SKQ202412S-DBO4.4n-Nodulotrophon coronatus,8/18/2024,10:27:17,71.586782,-161.414073,Benthos,"Plumb-staff beam trawl,  2.26m opening, 7-mm mesh net, 4-mm cod end liner",Nodulotrophon coronatus,Species,urn:lsid:marinespecies.org:taxname:399228,"H. Adams & A. Adams, 1864",Animalia,Mollusca,Gastropoda,Neogastropoda,Muricidae,Nodulotrophon,biomass,Grams per 1000 square meter,7.166046729
SKQ202412S-DBO4.4n,SKQ202412S-DBO4.4n-Flabellina verrucosa,8/18/2024,10:27:17,71.586782,-161.414073,Benthos,"Plumb-staff beam trawl,  2.26m opening, 7-mm mesh net, 4-mm cod end liner",Coryphella verrucosa,Species,urn:lsid:marinespecies.org:taxname:153507,"M. Sars, 1829",Animalia,Mollusca,Gastropoda,Nudibranchia,Flabellinidae,Coryphella,biomass,Grams per 1000 square meter,4.777364486
SKQ202412S-DBO4.4n,SKQ202412S-DBO4.4n-Ophiura robusta,8/18/2024,10:27:17,71.586782,-161.414073,Benthos,"Plumb-staff beam trawl,  2.26m opening, 7-mm mesh net, 4-mm cod end liner",Ophiura robusta,Species,urn:lsid:marinespecies.org:taxname:124933,"Ayres, 1852",Animalia,Echinodermata,Ophiuroidea,Ophiurida,Ophiuridae,Ophiura,biomass,Grams per 1000 square meter,2.388682243
SKQ202412S-DBO4.4n,SKQ202412S-DBO4.4n-Ophiura sarsiii,8/18/2024,10:27:17,71.586782,-161.414073,Benthos,"Plumb-staff beam trawl,  2.26m opening, 7-mm mesh net, 4-mm cod end liner",Ophiura sarsiii,Species,urn:lsid:marinespecies.org:taxname:124934,"Lütken, 1855",Animalia,Echinodermata,Ophiuroidea,Ophiurida,Ophiuridae,Ophiura,biomass,Grams per 1000 square meter,3475.532663
SKQ202412S-DBO4.4n,SKQ202412S-DBO4.4n-Pagurus capillatus,8/18/2024,10:27:17,71.586782,-161.414073,Benthos,"Plumb-staff beam trawl,  2.26m opening, 7-mm mesh net, 4-mm cod end liner",Pagurus capillatus,Species,urn:lsid:marinespecies.org:taxname:254489,"Benedict, 1892",Animalia,Arthropoda,Malacostraca,Decapoda,Paguridae,Pagurus,biomass,Grams per 1000 square meter,11.94341121
SKQ202412S-DBO4.4n,SKQ202412S-DBO4.4n-Pelonaia corrugata,8/18/2024,10:27:17,71.586782,-161.414073,Benthos,"Plumb-staff beam trawl,  2.26m opening, 7-mm mesh net, 4-mm cod end liner",Pelonaia corrugata,Species,urn:lsid:marinespecies.org:taxname:103894,"Goodsir & Forbes, 1841",Animalia,Chordata,Ascidiacea,Stolidobranchia,Styelidae,Pelonaia,biomass,Grams per 1000 square meter,21.49814019
SKQ202412S-DBO4.4n,SKQ202412S-DBO4.4n-Phyllodoce groenlandica,8/18/2024,10:27:17,71.586782,-161.414073,Benthos,"Plumb-staff beam trawl,  2.26m opening, 7-mm mesh net, 4-mm cod end liner",Phyllodoce groenlandica,Species,urn:lsid:marinespecies.org:taxname:334506,"Örsted, 1842",Animalia,Annelida,Polychaeta,Phyllodocida,Phyllodocidae,Phyllodoce,biomass,Grams per 1000 square meter,11.94341121
SKQ202412S-DBO4.4n,SKQ202412S-DBO4.4n-Serripes groenlandica,8/18/2024,10:27:17,71.586782,-161.414073,Benthos,"Plumb-staff beam trawl,  2.26m opening, 7-mm mesh net, 4-mm cod end liner",Serripes groenlandica,Species,urn:lsid:marinespecies.org:taxname:582749,"Mohr, 1786",Animalia,Mollusca,Bivalvia,Cardiida,Cardiidae,Serripes,biomass,Grams per 1000 square meter,14.33209346
SKQ202412S-DBO4.4n,SKQ202412S-DBO4.4n-Sertularia robusta,8/18/2024,10:27:17,71.586782,-161.414073,Benthos,"Plumb-staff beam trawl,  2.26m opening, 7-mm mesh net, 4-mm cod end liner",Sertularia robusta,Species,urn:lsid:marinespecies.org:taxname:117923,"Clark, 1877",Animalia,Cnidaria,Hydrozoa,Leptothecata,Sertulariidae,Sertularia,biomass,Grams per 1000 square meter,2.388682243
SKQ202412S-DBO4.4n,SKQ202412S-DBO4.4n-Solariella obscura,8/18/2024,10:27:17,71.586782,-161.414073,Benthos,"Plumb-staff beam trawl,  2.26m opening, 7-mm mesh net, 4-mm cod end liner",Solariella obscura,Species,urn:lsid:marinespecies.org:taxname:141840,"Couthouy, 1838",Animalia,Mollusca,Gastropoda,Trochida,Solariellidae,Solariella,biomass,Grams per 1000 square meter,7.166046729
SKQ202412S-DBO4.4n,SKQ202412S-DBO4.4n-Stegocephalidae,8/18/2024,10:27:17,71.586782,-161.414073,Benthos,"Plumb-staff beam trawl,  2.26m opening, 7-mm mesh net, 4-mm cod end liner",Stegocephalidae,Family,urn:lsid:marinespecies.org:taxname:101408,"Dana, 1852",Animalia,Arthropoda,Malacostraca,Amphipoda,Stegocephalidae,n/a,biomass,Grams per 1000 square meter,2.388682243
SKQ202412S-DBO4.4n,SKQ202412S-DBO4.4n-Tachyrhynchus erosus,8/18/2024,10:27:17,71.586782,-161.414073,Benthos,"Plumb-staff beam trawl,  2.26m opening, 7-mm mesh net, 4-mm cod end liner",Tachyrhynchus erosus,Species,urn:lsid:marinespecies.org:taxname:196391,"Couthouy, 1838",Animalia,Mollusca,Gastropoda,Caenogastropoda incertae sedis,Turritellidae,Tachyrhynchus,biomass,Grams per 1000 square meter,2.388682243
SKQ202412S-DBO4.6n,SKQ202412S-DBO4.6n-Admete solida,8/18/2024,17:57:17,71.853275,-162.14913,Benthos,"Plumb-staff beam trawl,  2.26m opening, 7-mm mesh net, 4-mm cod end liner",Admete solida,Species,urn:lsid:marinespecies.org:taxname:576338,"Aurivillius, 1885",Animalia,Mollusca,Gastropoda,Neogastropoda,Cancellariidae,Admete,biomass,Grams per 1000 square meter,4.854287976
SKQ202412S-DBO4.6n,SKQ202412S-DBO4.6n-Ampharetidae,8/18/2024,17:57:17,71.853275,-162.14913,Benthos,"Plumb-staff beam trawl,  2.26m opening, 7-mm mesh net, 4-mm cod end liner",Ampharetidae,Family,urn:lsid:marinespecies.org:taxname:981,"Malmgren, 1866",Animalia,Annelida,Polychaeta,Terebellida,Ampharetidae,n/a,biomass,Grams per 1000 square meter,4.854287976
SKQ202412S-DBO4.6n,SKQ202412S-DBO4.6n-Actiniaria,8/18/2024,17:57:17,71.853275,-162.14913,Benthos,"Plumb-staff beam trawl,  2.26m opening, 7-mm mesh net, 4-mm cod end liner",Actiniaria,Order,urn:lsid:marinespecies.org:taxname:1360,"Hertwig, 1882",Animalia,Cnidaria,Hexacorallia,Actiniaria,n/a,n/a,biomass,Grams per 1000 square meter,9.708575951
SKQ202412S-DBO4.6n,SKQ202412S-DBO4.6n-Anonyx,8/18/2024,17:57:17,71.853275,-162.14913,Benthos,"Plumb-staff beam trawl,  2.26m opening, 7-mm mesh net, 4-mm cod end liner",Anonyx,Genus,urn:lsid:marinespecies.org:taxname:101592,"Krøyer, 1838",Animalia,Arthropoda,Malacostraca,Amphipoda,Uristidae,Anonyx,biomass,Grams per 1000 square meter,7.281431963
SKQ202412S-DBO4.6n,SKQ202412S-DBO4.6n-Arcteobia anticostiensis,8/18/2024,17:57:17,71.853275,-162.14913,Benthos,"Plumb-staff beam trawl,  2.26m opening, 7-mm mesh net, 4-mm cod end liner",Arcteobia anticostiensis,Species,urn:lsid:marinespecies.org:taxname:157214,"Mcintosh, 1874",Animalia,Annelida,Polychaeta,Phyllodocida,Polynoidae,Arcteobia,biomass,Grams per 1000 square meter,2.427143988
SKQ202412S-DBO4.6n,SKQ202412S-DBO4.6n-Argis,8/18/2024,17:57:17,71.853275,-162.14913,Benthos,"Plumb-staff beam trawl,  2.26m opening, 7-mm mesh net, 4-mm cod end liner",Argis,Genus,urn:lsid:marinespecies.org:taxname:107006,"Krøyer, 1843",Animalia,Arthropoda,Malacostraca,Decapoda,Crangonidae,Argis,biomass,Grams per 1000 square meter,123.7843434
SKQ202412S-DBO4.6n,SKQ202412S-DBO4.6n-Arrhys phylonyx,8/18/2024,17:57:17,71.853275,-162.14913,Benthos,"Plumb-staff beam trawl,  2.26m opening, 7-mm mesh net, 4-mm cod end liner",Arrhys phylonyx,Species,urn:lsid:marinespecies.org:taxname:102870,"M. Sars, 1858",Animalia,Arthropoda,Malacostraca,Amphipoda,Oedicerotidae,Arrhis,biomass,Grams per 1000 square meter,2.427143988
SKQ202412S-DBO4.6n,SKQ202412S-DBO4.6n-Buccinum polare,8/18/2024,17:57:17,71.853275,-162.14913,Benthos,"Plumb-staff beam trawl,  2.26m opening, 7-mm mesh net, 4-mm cod end liner",Buccinum polare,Species,urn:lsid:marinespecies.org:taxname:138873,"Gray, 1839",Animalia,Mollusca,Gastropoda,Neogastropoda,Buccinidae,Buccinum,biomass,Grams per 1000 square meter,55.82431172
SKQ202412S-DBO4.6n,SKQ202412S-DBO4.6n-Buccinum scalariforme,8/18/2024,17:57:17,71.853275,-162.14913,Benthos,"Plumb-staff beam trawl,  2.26m opening, 7-mm mesh net, 4-mm cod end liner",Buccinum scalariforme,Species,urn:lsid:marinespecies.org:taxname:138875,"Møller, 1842",Animalia,Mollusca,Gastropoda,Neogastropoda,Buccinidae,Buccinum,biomass,Grams per 1000 square meter,2.427143988
SKQ202412S-DBO4.6n,SKQ202412S-DBO4.6n-Buccinum solenum,8/18/2024,17:57:17,71.853275,-162.14913,Benthos,"Plumb-staff beam trawl,  2.26m opening, 7-mm mesh net, 4-mm cod end liner",Buccinum terraenovae,Species,urn:lsid:marinespecies.org:taxname:490864,"Mörch, 1869",Animalia,Mollusca,Gastropoda,Neogastropoda,Buccinidae,Buccinum,biomass,Grams per 1000 square meter,4.854287976
SKQ202412S-DBO4.6n,SKQ202412S-DBO4.6n-Calycidoris geuntheri,8/18/2024,17:57:17,71.853275,-162.14913,Benthos,"Plumb-staff beam trawl,  2.26m opening, 7-mm mesh net, 4-mm cod end liner",Calycidoris geuntheri,Species,urn:lsid:marinespecies.org:taxname:146756,"Abraham, 1876",Animalia,Mollusca,Gastropoda,Nudibranchia,Calycidorididae,Calycidoris,biomass,Grams per 1000 square meter,2.427143988
SKQ202412S-DBO4.6n,SKQ202412S-DBO4.6n-Chionoecetes opilio,8/18/2024,17:57:17,71.853275,-162.14913,Benthos,"Plumb-staff beam trawl,  2.26m opening, 7-mm mesh net, 4-mm cod end liner",Chionoecetes opilio,Species,urn:lsid:marinespecies.org:taxname:107315,"Fabricius, 1788",Animalia,Arthropoda,Malacostraca,Decapoda,Oregoniidae,Chionoecetes,biomass,Grams per 1000 square meter,179.6086551
SKQ202412S-DBO4.6n,SKQ202412S-DBO4.6n-Cistenides hyperborea,8/18/2024,17:57:17,71.853275,-162.14913,Benthos,"Plumb-staff beam trawl,  2.26m opening, 7-mm mesh net, 4-mm cod end liner",Cistenides hyperborea,Species,urn:lsid:marinespecies.org:taxname:157317,"Malmgren, 1866",Animalia,Annelida,Polychaeta,Terebellida,Pectinariidae,Cistenides,biomass,Grams per 1000 square meter,208.7343829
SKQ202412S-DBO4.6n,SKQ202412S-DBO4.6n-Corymorphidae,8/18/2024,17:57:17,71.853275,-162.14913,Benthos,"Plumb-staff beam trawl,  2.26m opening, 7-mm mesh net, 4-mm cod end liner",Corymorphidae,Species,urn:lsid:marinespecies.org:taxname:1598,"Allman, 1872",Animalia,Cnidaria,Hydrozoa,Anthoathecata,Corymorphidae,,biomass,Grams per 1000 square meter,26.69858387
SKQ202412S-DBO4.6n,SKQ202412S-DBO4.6n-Curtitoma,8/18/2024,17:57:17,71.853275,-162.14913,Benthos,"Plumb-staff beam trawl,  2.26m opening, 7-mm mesh net, 4-mm cod end liner",Curtitoma,Genus,urn:lsid:marinespecies.org:taxname:160234,"Bartsch, 1941",Animalia,Mollusca,Gastropoda,Neogastropoda,Mangeliidae,Curtitoma,biomass,Grams per 1000 square meter,4.854287976
SKQ202412S-DBO4.6n,SKQ202412S-DBO4.6n-Diastylis alaskensis,8/18/2024,17:57:17,71.853275,-162.14913,Benthos,"Plumb-staff beam trawl,  2.26m opening, 7-mm mesh net, 4-mm cod end liner",Diastylis alaskensis,Species,urn:lsid:marinespecies.org:taxname:181923,"Calman, 1912",Animalia,Arthropoda,Malacostraca,Cumacea,Diastylidae,Diastylis,biomass,Grams per 1000 square meter,1.213571994
SKQ202412S-DBO4.6n,SKQ202412S-DBO4.6n-Eualus gaimardii ,8/18/2024,17:57:17,71.853275,-162.14913,Benthos,"Plumb-staff beam trawl,  2.26m opening, 7-mm mesh net, 4-mm cod end liner",Eualus gaimardii ,Species,urn:lsid:marinespecies.org:taxname:107504,"H. Milne Edwards, 1837",Animalia,Arthropoda,Malacostraca,Decapoda,Thoridae,Eualus,biomass,Grams per 1000 square meter,48.54287976
SKQ202412S-DBO4.6n,SKQ202412S-DBO4.6n-Eualus macilentus,8/18/2024,17:57:17,71.853275,-162.14913,Benthos,"Plumb-staff beam trawl,  2.26m opening, 7-mm mesh net, 4-mm cod end liner",Eualus macilentus,Species,urn:lsid:marinespecies.org:taxname:158359,"Krøyer, 1841",Animalia,Arthropoda,Malacostraca,Decapoda,Thoridae,Eualus,biomass,Grams per 1000 square meter,24.27143988
SKQ202412S-DBO4.6n,SKQ202412S-DBO4.6n-Eualus,8/18/2024,17:57:17,71.853275,-162.14913,Benthos,"Plumb-staff beam trawl,  2.26m opening, 7-mm mesh net, 4-mm cod end liner",Eualus,Genus,urn:lsid:marinespecies.org:taxname:106986,"Thallwitz, 1891",Animalia,Arthropoda,Malacostraca,Decapoda,Thoridae,Eualus,biomass,Grams per 1000 square meter,2.427143988
SKQ202412S-DBO4.6n,SKQ202412S-DBO4.6n-Euspira pallida,8/18/2024,17:57:17,71.853275,-162.14913,Benthos,"Plumb-staff beam trawl,  2.26m opening, 7-mm mesh net, 4-mm cod end liner",Euspira pallida,Species,urn:lsid:marinespecies.org:taxname:140536,"Broderip & G. B. Sowerby I, 1829",Animalia,Mollusca,Gastropoda,Littorinimorpha,Naticidae,Euspira,biomass,Grams per 1000 square meter,1.213571994
SKQ202412S-DBO4.6n,SKQ202412S-DBO4.6n-Gersemia rubiformis,8/18/2024,17:57:17,71.853275,-162.14913,Benthos,"Plumb-staff beam trawl,  2.26m opening, 7-mm mesh net, 4-mm cod end liner",Gersemia rubiformis,Species,urn:lsid:marinespecies.org:taxname:156103,"Ehrenberg, 1834",Animalia,Cnidaria,Octocorallia,Malacalcyonacea,Alcyoniidae,Gersemia,biomass,Grams per 1000 square meter,48.54287976
SKQ202412S-DBO4.6n,SKQ202412S-DBO4.6n-Golfingia margaritacea,8/18/2024,17:57:17,71.853275,-162.14913,Benthos,"Plumb-staff beam trawl,  2.26m opening, 7-mm mesh net, 4-mm cod end liner",Golfingia margaritacea,Species,urn:lsid:marinespecies.org:taxname:175027,"Sars, 1851",Animalia,Annelida,n/a,Sipuncula,Golfingiidae,Golfingia,biomass,Grams per 1000 square meter,0.242714399
SKQ202412S-DBO4.6n,SKQ202412S-DBO4.6n-Hyas coarctatus,8/18/2024,17:57:17,71.853275,-162.14913,Benthos,"Plumb-staff beam trawl,  2.26m opening, 7-mm mesh net, 4-mm cod end liner",Hyas coarctatus,Species,urn:lsid:marinespecies.org:taxname:107323,"Leach, 1815",Animalia,Arthropoda,Malacostraca,Decapoda,Oregoniidae,Hyas,biomass,Grams per 1000 square meter,4.854287976
SKQ202412S-DBO4.6n,SKQ202412S-DBO4.6n-Labidochirus splendescens,8/18/2024,17:57:17,71.853275,-162.14913,Benthos,"Plumb-staff beam trawl,  2.26m opening, 7-mm mesh net, 4-mm cod end liner",Labidochirus splendescens,Species,urn:lsid:marinespecies.org:taxname:248348,"Owen, 1839",Animalia,Arthropoda,Malacostraca,Decapoda,Paguridae,Labidochirus,biomass,Grams per 1000 square meter,33.98001583
SKQ202412S-DBO4.6n,SKQ202412S-DBO4.6n-Lafoeina maxima,8/18/2024,17:57:17,71.853275,-162.14913,Benthos,"Plumb-staff beam trawl,  2.26m opening, 7-mm mesh net, 4-mm cod end liner",Lafoeina maxima,Species,urn:lsid:marinespecies.org:taxname:117411,"Levinsen, 1893",Animalia,Cnidaria,Hydrozoa,Leptothecata,Campanulinidae,Lafoeina,biomass,Grams per 1000 square meter,2.427143988
SKQ202412S-DBO4.6n,SKQ202412S-DBO4.6n-Leptasterias groenlandica,8/18/2024,17:57:17,71.853275,-162.14913,Benthos,"Plumb-staff beam trawl,  2.26m opening, 7-mm mesh net, 4-mm cod end liner",Leptasterias groenlandica,Species,urn:lsid:marinespecies.org:taxname:369176,"Steenstrup in Lutken, 1857",Animalia,Echinodermata,Asteroidea,Forcipulatida,Asteriidae,Leptasterias,biomass,Grams per 1000 square meter,16.99000791
SKQ202412S-DBO4.6n,SKQ202412S-DBO4.6n-Margarites helicinus,8/18/2024,17:57:17,71.853275,-162.14913,Benthos,"Plumb-staff beam trawl,  2.26m opening, 7-mm mesh net, 4-mm cod end liner",Margarites helicinus,Species,urn:lsid:marinespecies.org:taxname:141821,"Phipps, 1774",Animalia,Mollusca,Gastropoda,Trochida,Margaritidae,Margarites,biomass,Grams per 1000 square meter,50.97002374
SKQ202412S-DBO4.6n,SKQ202412S-DBO4.6n-Musculus glacialis,8/18/2024,17:57:17,71.853275,-162.14913,Benthos,"Plumb-staff beam trawl,  2.26m opening, 7-mm mesh net, 4-mm cod end liner",Musculus glacialis,Species,urn:lsid:marinespecies.org:taxname:467467,"Leche, 1883",Animalia,Mollusca,Bivalvia,Mytilida,Mytilidae,Musculus,biomass,Grams per 1000 square meter,4.854287976
SKQ202412S-DBO4.6n,SKQ202412S-DBO4.6n-Myriotrochus rinkii,8/18/2024,17:57:17,71.853275,-162.14913,Benthos,"Plumb-staff beam trawl,  2.26m opening, 7-mm mesh net, 4-mm cod end liner",Myriotrochus rinkii,Species,urn:lsid:marinespecies.org:taxname:124446,"Steenstrup, 1851",Animalia,Echinodermata,Holothuroidea,Apodida,Myriotrochidae,Myriotrochus,biomass,Grams per 1000 square meter,1645.603624
SKQ202412S-DBO4.6n,SKQ202412S-DBO4.6n-Nemertea,8/18/2024,17:57:17,71.853275,-162.14913,Benthos,"Plumb-staff beam trawl,  2.26m opening, 7-mm mesh net, 4-mm cod end liner",Nemertea,Phylum,urn:lsid:marinespecies.org:taxname:152391,n/a,Animalia,Nemertea,n/a,n/a,n/a,n/a,biomass,Grams per 1000 square meter,2.427143988
SKQ202412S-DBO4.6n,SKQ202412S-DBO4.6n-Neptunea,8/18/2024,17:57:17,71.853275,-162.14913,Benthos,"Plumb-staff beam trawl,  2.26m opening, 7-mm mesh net, 4-mm cod end liner",Neptunea,Genus,urn:lsid:marinespecies.org:taxname:137710,"Röding, 1798",Animalia,Mollusca,Gastropoda,Neogastropoda,Buccinidae,Neptunea,biomass,Grams per 1000 square meter,4.854287976
SKQ202412S-DBO4.6n,SKQ202412S-DBO4.6n-Nodulotrophon coronatus,8/18/2024,17:57:17,71.853275,-162.14913,Benthos,"Plumb-staff beam trawl,  2.26m opening, 7-mm mesh net, 4-mm cod end liner",Nodulotrophon coronatus,Species,urn:lsid:marinespecies.org:taxname:399228,"H. Adams & A. Adams, 1864",Animalia,Mollusca,Gastropoda,Neogastropoda,Muricidae,Nodulotrophon,biomass,Grams per 1000 square meter,4.854287976
SKQ202412S-DBO4.6n,SKQ202412S-DBO4.6n-Obesotoma,8/18/2024,17:57:17,71.853275,-162.14913,Benthos,"Plumb-staff beam trawl,  2.26m opening, 7-mm mesh net, 4-mm cod end liner",Obesotoma,Genus,urn:lsid:marinespecies.org:taxname:137825,"Bartsch, 1941",Animalia,Mollusca,Gastropoda,Neogastropoda,Mangeliidae,Obesotoma,biomass,Grams per 1000 square meter,2.427143988
SKQ202412S-DBO4.6n,SKQ202412S-DBO4.6n-Oenopota elegans,8/18/2024,17:57:17,71.853275,-162.14913,Benthos,"Plumb-staff beam trawl,  2.26m opening, 7-mm mesh net, 4-mm cod end liner",Oenopota elegans,Species,urn:lsid:marinespecies.org:taxname:139317,"Møller, 1842",Animalia,Mollusca,Gastropoda,Neogastropoda,Mangeliidae,Oenopota,biomass,Grams per 1000 square meter,0.242714399
SKQ202412S-DBO4.6n,SKQ202412S-DBO4.6n-Ophiura sarsiii,8/18/2024,17:57:17,71.853275,-162.14913,Benthos,"Plumb-staff beam trawl,  2.26m opening, 7-mm mesh net, 4-mm cod end liner",Ophiura sarsiii,Species,urn:lsid:marinespecies.org:taxname:124934,"Lütken, 1855",Animalia,Echinodermata,Ophiuroidea,Ophiurida,Ophiuridae,Ophiura,biomass,Grams per 1000 square meter,1492.693552
SKQ202412S-DBO4.6n,SKQ202412S-DBO4.6n-Pagurus capillatus,8/18/2024,17:57:17,71.853275,-162.14913,Benthos,"Plumb-staff beam trawl,  2.26m opening, 7-mm mesh net, 4-mm cod end liner",Pagurus capillatus,Species,urn:lsid:marinespecies.org:taxname:254489,"Benedict, 1892",Animalia,Arthropoda,Malacostraca,Decapoda,Paguridae,Pagurus,biomass,Grams per 1000 square meter,12.13571994
SKQ202412S-DBO4.6n,SKQ202412S-DBO4.6n-Pelonaia corrugata,8/18/2024,17:57:17,71.853275,-162.14913,Benthos,"Plumb-staff beam trawl,  2.26m opening, 7-mm mesh net, 4-mm cod end liner",Pelonaia corrugata,Species,urn:lsid:marinespecies.org:taxname:103894,"Goodsir & Forbes, 1841",Animalia,Chordata,Ascidiacea,Stolidobranchia,Styelidae,Pelonaia,biomass,Grams per 1000 square meter,2.427143988
SKQ202412S-DBO4.6n,SKQ202412S-DBO4.6n-Priapulus caudatus,8/18/2024,17:57:17,71.853275,-162.14913,Benthos,"Plumb-staff beam trawl,  2.26m opening, 7-mm mesh net, 4-mm cod end liner",Priapulus caudatus,Species,urn:lsid:marinespecies.org:taxname:101160,"Lamarck, 1816",Animalia,Priapulida,n/a,Priapulomorpha,Priapulidae,Priapulus,biomass,Grams per 1000 square meter,9.708575951
SKQ202412S-DBO4.6n,SKQ202412S-DBO4.6n-Propebela arctica,8/18/2024,17:57:17,71.853275,-162.14913,Benthos,"Plumb-staff beam trawl,  2.26m opening, 7-mm mesh net, 4-mm cod end liner",Propebela arctica,Species,urn:lsid:marinespecies.org:taxname:367571,"A. Adams, 1855",Animalia,Mollusca,Gastropoda,Neogastropoda,Mangeliidae,Propebela,biomass,Grams per 1000 square meter,1.213571994
SKQ202412S-DBO4.6n,SKQ202412S-DBO4.6n-Propebela nobilis,8/18/2024,17:57:17,71.853275,-162.14913,Benthos,"Plumb-staff beam trawl,  2.26m opening, 7-mm mesh net, 4-mm cod end liner",Propebela nobilis,Species,urn:lsid:marinespecies.org:taxname:160450,"Møller, 1842",Animalia,Mollusca,Gastropoda,Neogastropoda,Mangeliidae,Propebela,biomass,Grams per 1000 square meter,2.427143988
SKQ202412S-DBO4.6n,SKQ202412S-DBO4.6n-Rhachotropis aculeata,8/18/2024,17:57:17,71.853275,-162.14913,Benthos,"Plumb-staff beam trawl,  2.26m opening, 7-mm mesh net, 4-mm cod end liner",Rhachotropis aculeata,Species,urn:lsid:marinespecies.org:taxname:102224,"Lepechin, 1780",Animalia,Arthropoda,Malacostraca,Amphipoda,Eusiridae,Rhachotropis,biomass,Grams per 1000 square meter,2.427143988
SKQ202412S-DBO4.6n,SKQ202412S-DBO4.6n-Serripes groenlandica,8/18/2024,17:57:17,71.853275,-162.14913,Benthos,"Plumb-staff beam trawl,  2.26m opening, 7-mm mesh net, 4-mm cod end liner",Serripes groenlandica,Species,urn:lsid:marinespecies.org:taxname:582749,"Mohr, 1786",Animalia,Mollusca,Bivalvia,Cardiida,Cardiidae,Serripes,biomass,Grams per 1000 square meter,24.27143988
SKQ202412S-DBO4.6n,SKQ202412S-DBO4.6n-Sertularia robusta,8/18/2024,17:57:17,71.853275,-162.14913,Benthos,"Plumb-staff beam trawl,  2.26m opening, 7-mm mesh net, 4-mm cod end liner",Sertularia robusta,Species,urn:lsid:marinespecies.org:taxname:117923,"Clark, 1877",Animalia,Cnidaria,Hydrozoa,Leptothecata,Sertulariidae,Sertularia,biomass,Grams per 1000 square meter,4.854287976
SKQ202412S-DBO4.6n,SKQ202412S-DBO4.6n-Solariella obscura,8/18/2024,17:57:17,71.853275,-162.14913,Benthos,"Plumb-staff beam trawl,  2.26m opening, 7-mm mesh net, 4-mm cod end liner",Solariella obscura,Species,urn:lsid:marinespecies.org:taxname:141840,"Couthouy, 1838",Animalia,Mollusca,Gastropoda,Trochida,Solariellidae,Solariella,biomass,Grams per 1000 square meter,9.708575951
SKQ202412S-DBO4.6n,SKQ202412S-DBO4.6n-Stegocephalidae,8/18/2024,17:57:17,71.853275,-162.14913,Benthos,"Plumb-staff beam trawl,  2.26m opening, 7-mm mesh net, 4-mm cod end liner",Stegocephalidae,Family,urn:lsid:marinespecies.org:taxname:101408,"Dana, 1852",Animalia,Arthropoda,Malacostraca,Amphipoda,Stegocephalidae,n/a,biomass,Grams per 1000 square meter,2.427143988
SKQ202412S-DBO4.6n,SKQ202412S-DBO4.6n-Stegophiura nodosa,8/18/2024,17:57:17,71.853275,-162.14913,Benthos,"Plumb-staff beam trawl,  2.26m opening, 7-mm mesh net, 4-mm cod end liner",Stegophiura nodosa,Species,urn:lsid:marinespecies.org:taxname:124943,"Lütken, 1855",Animalia,Echinodermata,Ophiuroidea,Ophiurida,Ophiopyrgidae,Stegophiura,biomass,Grams per 1000 square meter,36.40715982
SKQ202412S-DBO4.6n,SKQ202412S-DBO4.6n-Tachyrhynchus erosus,8/18/2024,17:57:17,71.853275,-162.14913,Benthos,"Plumb-staff beam trawl,  2.26m opening, 7-mm mesh net, 4-mm cod end liner",Tachyrhynchus erosus,Species,urn:lsid:marinespecies.org:taxname:196391,"Couthouy, 1838",Animalia,Mollusca,Gastropoda,Caenogastropoda incertae sedis,Turritellidae,Tachyrhynchus,biomass,Grams per 1000 square meter,2.427143988
SKQ202412S-DBO4.6n,SKQ202412S-DBO4.6n-Travisia,8/18/2024,17:57:17,71.853275,-162.14913,Benthos,"Plumb-staff beam trawl,  2.26m opening, 7-mm mesh net, 4-mm cod end liner",Travisia,Genus,urn:lsid:marinespecies.org:taxname:129417,"Johnston, 1840",Animalia,Annelida,Polychaeta,n/a,Travisiidae,Travisia,biomass,Grams per 1000 square meter,1.213571994
SKQ202412S-DBO4.2n,SKQ202412S-DBO4.2n-Acanthonotozoma,8/20/2024,8:14:30,71.326221,-160.667857,Benthos,"Plumb-staff beam trawl,  2.26m opening, 7-mm mesh net, 4-mm cod end liner",Acanthonotozoma,Genus,urn:lsid:marinespecies.org:taxname:101443,"Boeck, 1876",Animalia,Arthropoda,Malacostraca,Amphipoda,Acanthonotozomatidae,Acanthonotozoma,biomass,Grams per 1000 square meter,0.515632041
SKQ202412S-DBO4.2n,SKQ202412S-DBO4.2n-Admete solida,8/20/2024,8:14:30,71.326221,-160.667857,Benthos,"Plumb-staff beam trawl,  2.26m opening, 7-mm mesh net, 4-mm cod end liner",Admete solida,Species,urn:lsid:marinespecies.org:taxname:576338,"Aurivillius, 1885",Animalia,Mollusca,Gastropoda,Neogastropoda,Cancellariidae,Admete,biomass,Grams per 1000 square meter,2.578160207
SKQ202412S-DBO4.2n,SKQ202412S-DBO4.2n-Anonyx,8/20/2024,8:14:30,71.326221,-160.667857,Benthos,"Plumb-staff beam trawl,  2.26m opening, 7-mm mesh net, 4-mm cod end liner",Anonyx,Genus,urn:lsid:marinespecies.org:taxname:101592,"Krøyer, 1838",Animalia,Arthropoda,Malacostraca,Amphipoda,Uristidae,Anonyx,biomass,Grams per 1000 square meter,10.31264083
SKQ202412S-DBO4.2n,SKQ202412S-DBO4.2n-Argis,8/20/2024,8:14:30,71.326221,-160.667857,Benthos,"Plumb-staff beam trawl,  2.26m opening, 7-mm mesh net, 4-mm cod end liner",Argis,Genus,urn:lsid:marinespecies.org:taxname:107006,"Krøyer, 1843",Animalia,Arthropoda,Malacostraca,Decapoda,Crangonidae,Argis,biomass,Grams per 1000 square meter,79.92296642
SKQ202412S-DBO4.2n,SKQ202412S-DBO4.2n-Ascidiacea,8/20/2024,8:14:30,71.326221,-160.667857,Benthos,"Plumb-staff beam trawl,  2.26m opening, 7-mm mesh net, 4-mm cod end liner",Ascidiacea,Class,urn:lsid:marinespecies.org:taxname:1839,"Blainville, 1824",Animalia,Chordata,Ascidiacea,n/a,n/a,n/a,biomass,Grams per 1000 square meter,5.156320414
SKQ202412S-DBO4.2n,SKQ202412S-DBO4.2n-Brada villosa,8/20/2024,8:14:30,71.326221,-160.667857,Benthos,"Plumb-staff beam trawl,  2.26m opening, 7-mm mesh net, 4-mm cod end liner",Bradabyssa villosa,Species,urn:lsid:marinespecies.org:taxname:1355594,"Rathke, 1843",Animalia,Annelida,Polychaeta,Terebellida,Flabelligeridae,Bradabyssa,biomass,Grams per 1000 square meter,2.578160207
SKQ202412S-DBO4.2n,SKQ202412S-DBO4.2n-Buccinum polare,8/20/2024,8:14:30,71.326221,-160.667857,Benthos,"Plumb-staff beam trawl,  2.26m opening, 7-mm mesh net, 4-mm cod end liner",Buccinum polare,Species,urn:lsid:marinespecies.org:taxname:138873,"Gray, 1839",Animalia,Mollusca,Gastropoda,Neogastropoda,Buccinidae,Buccinum,biomass,Grams per 1000 square meter,15.46896124
SKQ202412S-DBO4.2n,SKQ202412S-DBO4.2n-Buccinum scalariforme,8/20/2024,8:14:30,71.326221,-160.667857,Benthos,"Plumb-staff beam trawl,  2.26m opening, 7-mm mesh net, 4-mm cod end liner",Buccinum scalariforme,Species,urn:lsid:marinespecies.org:taxname:138875,"Møller, 1842",Animalia,Mollusca,Gastropoda,Neogastropoda,Buccinidae,Buccinum,biomass,Grams per 1000 square meter,7.734480621
SKQ202412S-DBO4.2n,SKQ202412S-DBO4.2n-Buccinum solenum,8/20/2024,8:14:30,71.326221,-160.667857,Benthos,"Plumb-staff beam trawl,  2.26m opening, 7-mm mesh net, 4-mm cod end liner",Buccinum terraenovae,Species,urn:lsid:marinespecies.org:taxname:490864,"Mörch, 1869",Animalia,Mollusca,Gastropoda,Neogastropoda,Buccinidae,Buccinum,biomass,Grams per 1000 square meter,5.156320414
SKQ202412S-DBO4.2n,SKQ202412S-DBO4.2n-Calycidoris geuntheri,8/20/2024,8:14:30,71.326221,-160.667857,Benthos,"Plumb-staff beam trawl,  2.26m opening, 7-mm mesh net, 4-mm cod end liner",Calycidoris geuntheri,Species,urn:lsid:marinespecies.org:taxname:146756,"Abraham, 1876",Animalia,Mollusca,Gastropoda,Nudibranchia,Calycidorididae,Calycidoris,biomass,Grams per 1000 square meter,2.578160207
SKQ202412S-DBO4.2n,SKQ202412S-DBO4.2n-Chionoecetes opilio,8/20/2024,8:14:30,71.326221,-160.667857,Benthos,"Plumb-staff beam trawl,  2.26m opening, 7-mm mesh net, 4-mm cod end liner",Chionoecetes opilio,Species,urn:lsid:marinespecies.org:taxname:107315,"Fabricius, 1788",Animalia,Arthropoda,Malacostraca,Decapoda,Oregoniidae,Chionoecetes,biomass,Grams per 1000 square meter,546.5699639
SKQ202412S-DBO4.2n,SKQ202412S-DBO4.2n-Cistenides hyperborea,8/20/2024,8:14:30,71.326221,-160.667857,Benthos,"Plumb-staff beam trawl,  2.26m opening, 7-mm mesh net, 4-mm cod end liner",Cistenides hyperborea,Species,urn:lsid:marinespecies.org:taxname:157317,"Malmgren, 1866",Animalia,Annelida,Polychaeta,Terebellida,Pectinariidae,Cistenides,biomass,Grams per 1000 square meter,5.156320414
SKQ202412S-DBO4.2n,SKQ202412S-DBO4.2n-Colus pubescens,8/20/2024,8:14:30,71.326221,-160.667857,Benthos,"Plumb-staff beam trawl,  2.26m opening, 7-mm mesh net, 4-mm cod end liner",Colus pubescens,Species,urn:lsid:marinespecies.org:taxname:160212,"A. E. Verrill, 1882",Animalia,Mollusca,Gastropoda,Neogastropoda,Colidae,Colus,biomass,Grams per 1000 square meter,77.34480621
SKQ202412S-DBO4.2n,SKQ202412S-DBO4.2n-Crangon communis,8/20/2024,8:14:30,71.326221,-160.667857,Benthos,"Plumb-staff beam trawl,  2.26m opening, 7-mm mesh net, 4-mm cod end liner",Neocrangon communis,Species,urn:lsid:marinespecies.org:taxname:423552,"Rathbun, 1899",Animalia,Arthropoda,Malacostraca,Decapoda,Crangonidae,Neocrangon,biomass,Grams per 1000 square meter,5.156320414
SKQ202412S-DBO4.2n,SKQ202412S-DBO4.2n-Crossaster papposus,8/20/2024,8:14:30,71.326221,-160.667857,Benthos,"Plumb-staff beam trawl,  2.26m opening, 7-mm mesh net, 4-mm cod end liner",Crossaster papposus,Species,urn:lsid:marinespecies.org:taxname:124154,"Linnaeus, 1767",Animalia,Echinodermata,Asteroidea,Valvatida,Solasteridae,Crossaster,biomass,Grams per 1000 square meter,61.87584497
SKQ202412S-DBO4.2n,SKQ202412S-DBO4.2n-Cryptonatica affinis,8/20/2024,8:14:30,71.326221,-160.667857,Benthos,"Plumb-staff beam trawl,  2.26m opening, 7-mm mesh net, 4-mm cod end liner",Cryptonatica affinis,Species,urn:lsid:marinespecies.org:taxname:140525,"Gmelin, 1791",Animalia,Mollusca,Gastropoda,Littorinimorpha,Naticidae,Cryptonatica,biomass,Grams per 1000 square meter,92.81376746
SKQ202412S-DBO4.2n,SKQ202412S-DBO4.2n-Cylichna alba,8/20/2024,8:14:30,71.326221,-160.667857,Benthos,"Plumb-staff beam trawl,  2.26m opening, 7-mm mesh net, 4-mm cod end liner",Cylichna alba,Species,urn:lsid:marinespecies.org:taxname:139474,"T. Brown, 1827",Animalia,Mollusca,Gastropoda,Cephalaspidea,Cylichnidae,Cylichna,biomass,Grams per 1000 square meter,5.156320414
SKQ202412S-DBO4.2n,SKQ202412S-DBO4.2n-Eualus,8/20/2024,8:14:30,71.326221,-160.667857,Benthos,"Plumb-staff beam trawl,  2.26m opening, 7-mm mesh net, 4-mm cod end liner",Eualus,Genus,urn:lsid:marinespecies.org:taxname:106986,"Thallwitz, 1891",Animalia,Arthropoda,Malacostraca,Decapoda,Thoridae,Eualus,biomass,Grams per 1000 square meter,15.46896124
SKQ202412S-DBO4.2n,SKQ202412S-DBO4.2n-Eupyrgus scaber,8/20/2024,8:14:30,71.326221,-160.667857,Benthos,"Plumb-staff beam trawl,  2.26m opening, 7-mm mesh net, 4-mm cod end liner",Eupyrgus scaber,Species,urn:lsid:marinespecies.org:taxname:124782,"Lütken, 1857",Animalia,Echinodermata,Holothuroidea,Molpadida,Eupyrgidae,Eupyrgus,biomass,Grams per 1000 square meter,0.515632041
SKQ202412S-DBO4.2n,SKQ202412S-DBO4.2n-Euspira pallida,8/20/2024,8:14:30,71.326221,-160.667857,Benthos,"Plumb-staff beam trawl,  2.26m opening, 7-mm mesh net, 4-mm cod end liner",Euspira pallida,Species,urn:lsid:marinespecies.org:taxname:140536,"Broderip & G. B. Sowerby I, 1829",Animalia,Mollusca,Gastropoda,Littorinimorpha,Naticidae,Euspira,biomass,Grams per 1000 square meter,20.62528166
SKQ202412S-DBO4.2n,SKQ202412S-DBO4.2n-Gattyana ciliata,8/20/2024,8:14:30,71.326221,-160.667857,Benthos,"Plumb-staff beam trawl,  2.26m opening, 7-mm mesh net, 4-mm cod end liner",Gattyana ciliata,Species,urn:lsid:marinespecies.org:taxname:254456,"Moore, 1902",Animalia,Annelida,Polychaeta,Phyllodocida,Polynoidae,Gattyana,biomass,Grams per 1000 square meter,15.46896124
SKQ202412S-DBO4.2n,SKQ202412S-DBO4.2n-Gersemia rubiformis,8/20/2024,8:14:30,71.326221,-160.667857,Benthos,"Plumb-staff beam trawl,  2.26m opening, 7-mm mesh net, 4-mm cod end liner",Gersemia rubiformis,Species,urn:lsid:marinespecies.org:taxname:156103,"Ehrenberg, 1834",Animalia,Cnidaria,Octocorallia,Malacalcyonacea,Alcyoniidae,Gersemia,biomass,Grams per 1000 square meter,5.156320414
SKQ202412S-DBO4.2n,SKQ202412S-DBO4.2n-Golfingia margaritacea,8/20/2024,8:14:30,71.326221,-160.667857,Benthos,"Plumb-staff beam trawl,  2.26m opening, 7-mm mesh net, 4-mm cod end liner",Golfingia margaritacea,Species,urn:lsid:marinespecies.org:taxname:175027,"Sars, 1851",Animalia,Annelida,n/a,Sipuncula,Golfingiidae,Golfingia,biomass,Grams per 1000 square meter,10.31264083
SKQ202412S-DBO4.2n,SKQ202412S-DBO4.2n-Harmothoe imbricata,8/20/2024,8:14:30,71.326221,-160.667857,Benthos,"Plumb-staff beam trawl,  2.26m opening, 7-mm mesh net, 4-mm cod end liner",Harmothoe imbricata,Species,urn:lsid:marinespecies.org:taxname:130769,"Linnaeus, 1767",Animalia,Annelida,Polychaeta,Phyllodocida,Polynoidae,Harmothoe,biomass,Grams per 1000 square meter,5.156320414
SKQ202412S-DBO4.2n,SKQ202412S-DBO4.2n-Hyas coarctatus,8/20/2024,8:14:30,71.326221,-160.667857,Benthos,"Plumb-staff beam trawl,  2.26m opening, 7-mm mesh net, 4-mm cod end liner",Hyas coarctatus,Species,urn:lsid:marinespecies.org:taxname:107323,"Leach, 1815",Animalia,Arthropoda,Malacostraca,Decapoda,Oregoniidae,Hyas,biomass,Grams per 1000 square meter,30.93792249
SKQ202412S-DBO4.2n,SKQ202412S-DBO4.2n-Hydroidea,8/20/2024,8:14:30,71.326221,-160.667857,Benthos,"Plumb-staff beam trawl,  2.26m opening, 7-mm mesh net, 4-mm cod end liner",Hydrozoa,Class,urn:lsid:marinespecies.org:taxname:1337,"Owen, 1843",Animalia,Cnidaria,Hydrozoa,n/a,n/a,n/a,biomass,Grams per 1000 square meter,36.0942429
SKQ202412S-DBO4.2n,SKQ202412S-DBO4.2n-Leptasterias groenlandica,8/20/2024,8:14:30,71.326221,-160.667857,Benthos,"Plumb-staff beam trawl,  2.26m opening, 7-mm mesh net, 4-mm cod end liner",Leptasterias groenlandica,Species,urn:lsid:marinespecies.org:taxname:369176,"Steenstrup in Lutken, 1857",Animalia,Echinodermata,Asteroidea,Forcipulatida,Asteriidae,Leptasterias,biomass,Grams per 1000 square meter,335.1608269
SKQ202412S-DBO4.2n,SKQ202412S-DBO4.2n-Margarites,8/20/2024,8:14:30,71.326221,-160.667857,Benthos,"Plumb-staff beam trawl,  2.26m opening, 7-mm mesh net, 4-mm cod end liner",Margarites,Genus,urn:lsid:marinespecies.org:taxname:138592,"Leach, 1847",Animalia,Mollusca,Gastropoda,Trochida,Margaritidae,Margarites,biomass,Grams per 1000 square meter,10.31264083
SKQ202412S-DBO4.2n,SKQ202412S-DBO4.2n-Musculus glacialis,8/20/2024,8:14:30,71.326221,-160.667857,Benthos,"Plumb-staff beam trawl,  2.26m opening, 7-mm mesh net, 4-mm cod end liner",Musculus glacialis,Species,urn:lsid:marinespecies.org:taxname:467467,"Leche, 1883",Animalia,Mollusca,Bivalvia,Mytilida,Mytilidae,Musculus,biomass,Grams per 1000 square meter,10.31264083
SKQ202412S-DBO4.2n,SKQ202412S-DBO4.2n-Myriotrochus rinkii,8/20/2024,8:14:30,71.326221,-160.667857,Benthos,"Plumb-staff beam trawl,  2.26m opening, 7-mm mesh net, 4-mm cod end liner",Myriotrochus rinkii,Species,urn:lsid:marinespecies.org:taxname:124446,"Steenstrup, 1851",Animalia,Echinodermata,Holothuroidea,Apodida,Myriotrochidae,Myriotrochus,biomass,Grams per 1000 square meter,474.3814781
SKQ202412S-DBO4.2n,SKQ202412S-DBO4.2n-Nemertea,8/20/2024,8:14:30,71.326221,-160.667857,Benthos,"Plumb-staff beam trawl,  2.26m opening, 7-mm mesh net, 4-mm cod end liner",Nemertea,Phylum,urn:lsid:marinespecies.org:taxname:152391,n/a,Animalia,Nemertea,n/a,n/a,n/a,n/a,biomass,Grams per 1000 square meter,5.156320414
SKQ202412S-DBO4.2n,SKQ202412S-DBO4.2n-Neoiphinoe kroeyeri,8/20/2024,8:14:30,71.326221,-160.667857,Benthos,"Plumb-staff beam trawl,  2.26m opening, 7-mm mesh net, 4-mm cod end liner",Neoiphinoe kroeyeri,Species,urn:lsid:marinespecies.org:taxname:180996,"R. A. Philippi, 1849",Animalia,Mollusca,Gastropoda,Littorinimorpha,Capulidae,Neoiphinoe,biomass,Grams per 1000 square meter,2.578160207
SKQ202412S-DBO4.2n,SKQ202412S-DBO4.2n-Neptunea heros,8/20/2024,8:14:30,71.326221,-160.667857,Benthos,"Plumb-staff beam trawl,  2.26m opening, 7-mm mesh net, 4-mm cod end liner",Neptunea heros,Species,urn:lsid:marinespecies.org:taxname:254479,"J. E. Gray, 1850",Animalia,Mollusca,Gastropoda,Neogastropoda,Buccinidae,Neptunea,biomass,Grams per 1000 square meter,25.78160207
SKQ202412S-DBO4.2n,SKQ202412S-DBO4.2n-Nodulotrophon coronatus,8/20/2024,8:14:30,71.326221,-160.667857,Benthos,"Plumb-staff beam trawl,  2.26m opening, 7-mm mesh net, 4-mm cod end liner",Nodulotrophon coronatus,Species,urn:lsid:marinespecies.org:taxname:399228,"H. Adams & A. Adams, 1864",Animalia,Mollusca,Gastropoda,Neogastropoda,Muricidae,Nodulotrophon,biomass,Grams per 1000 square meter,12.89080104
SKQ202412S-DBO4.2n,SKQ202412S-DBO4.2n-Nymphon,8/20/2024,8:14:30,71.326221,-160.667857,Benthos,"Plumb-staff beam trawl,  2.26m opening, 7-mm mesh net, 4-mm cod end liner",Nymphon,Genus,urn:lsid:marinespecies.org:taxname:134591,"Fabricius, 1794",Animalia,Arthropoda,Pycnogonida,Pantopoda,Nymphonidae,Nymphon,biomass,Grams per 1000 square meter,0.515632041
SKQ202412S-DBO4.2n,SKQ202412S-DBO4.2n-Obseotoma tenuilirata,8/20/2024,8:14:30,71.326221,-160.667857,Benthos,"Plumb-staff beam trawl,  2.26m opening, 7-mm mesh net, 4-mm cod end liner",Obesotoma tenuilirata ,Species,urn:lsid:marinespecies.org:taxname:423564  ,"Dall, 1871",Animalia,Mollusca,Gastropoda,Neogastropoda,Mangeliidae,Obesotoma,biomass,Grams per 1000 square meter,5.156320414
SKQ202412S-DBO4.2n,SKQ202412S-DBO4.2n-Ocnus glacialis,8/20/2024,8:14:30,71.326221,-160.667857,Benthos,"Plumb-staff beam trawl,  2.26m opening, 7-mm mesh net, 4-mm cod end liner",Ocnus glacialis,Species,urn:lsid:marinespecies.org:taxname:124641,"Ljungman, 1879",Animalia,Echinodermata,Holothuroidea,Dendrochirotida,Cucumariidae,Ocnus,biomass,Grams per 1000 square meter,1175.641054
SKQ202412S-DBO4.2n,SKQ202412S-DBO4.2n-Ophiura sarsiii,8/20/2024,8:14:30,71.326221,-160.667857,Benthos,"Plumb-staff beam trawl,  2.26m opening, 7-mm mesh net, 4-mm cod end liner",Ophiura sarsiii,Species,urn:lsid:marinespecies.org:taxname:124934,"Lütken, 1855",Animalia,Echinodermata,Ophiuroidea,Ophiurida,Ophiuridae,Ophiura,biomass,Grams per 1000 square meter,2603.941809
SKQ202412S-DBO4.2n,SKQ202412S-DBO4.2n-Pelonaia corrugata,8/20/2024,8:14:30,71.326221,-160.667857,Benthos,"Plumb-staff beam trawl,  2.26m opening, 7-mm mesh net, 4-mm cod end liner",Pelonaia corrugata,Species,urn:lsid:marinespecies.org:taxname:103894,"Goodsir & Forbes, 1841",Animalia,Chordata,Ascidiacea,Stolidobranchia,Styelidae,Pelonaia,biomass,Grams per 1000 square meter,1.289080104
SKQ202412S-DBO4.2n,SKQ202412S-DBO4.2n-Phyllodoce groenlandica,8/20/2024,8:14:30,71.326221,-160.667857,Benthos,"Plumb-staff beam trawl,  2.26m opening, 7-mm mesh net, 4-mm cod end liner",Phyllodoce groenlandica,Species,urn:lsid:marinespecies.org:taxname:334506,"Örsted, 1842",Animalia,Annelida,Polychaeta,Phyllodocida,Phyllodocidae,Phyllodoce,biomass,Grams per 1000 square meter,5.156320414
SKQ202412S-DBO4.2n,SKQ202412S-DBO4.2n-Priapulus caudatus,8/20/2024,8:14:30,71.326221,-160.667857,Benthos,"Plumb-staff beam trawl,  2.26m opening, 7-mm mesh net, 4-mm cod end liner",Priapulus caudatus,Species,urn:lsid:marinespecies.org:taxname:101160,"Lamarck, 1816",Animalia,Priapulida,n/a,Priapulomorpha,Priapulidae,Priapulus,biomass,Grams per 1000 square meter,20.62528166
SKQ202412S-DBO4.2n,SKQ202412S-DBO4.2n-Pteraster obscurus,8/20/2024,8:14:30,71.326221,-160.667857,Benthos,"Plumb-staff beam trawl,  2.26m opening, 7-mm mesh net, 4-mm cod end liner",Pteraster obscurus,Species,urn:lsid:marinespecies.org:taxname:124149,"Perrier, 1891",Animalia,Echinodermata,Asteroidea,Velatida,Pterasteridae,Pteraster,biomass,Grams per 1000 square meter,36.0942429
SKQ202412S-DBO4.2n,SKQ202412S-DBO4.2n-Pyrulofusus deformis,8/20/2024,8:14:30,71.326221,-160.667857,Benthos,"Plumb-staff beam trawl,  2.26m opening, 7-mm mesh net, 4-mm cod end liner",Pyrulofusus deformis,Species,urn:lsid:marinespecies.org:taxname:254378,"Reeve, 1847",Animalia,Mollusca,Gastropoda,Neogastropoda,Buccinidae,Pyrulofusus,biomass,Grams per 1000 square meter,18.04712145
SKQ202412S-DBO4.2n,SKQ202412S-DBO4.2n-Socarnes bidenticulatus,8/20/2024,8:14:30,71.326221,-160.667857,Benthos,"Plumb-staff beam trawl,  2.26m opening, 7-mm mesh net, 4-mm cod end liner",Socarnes bidenticulatus,Species,urn:lsid:marinespecies.org:taxname:102722,"Spence Bate, 1858",Animalia,Arthropoda,Malacostraca,Amphipoda,Lysianassidae,Socarnes,biomass,Grams per 1000 square meter,10.31264083
SKQ202412S-DBO4.2n,SKQ202412S-DBO4.2n-Solariella obscura,8/20/2024,8:14:30,71.326221,-160.667857,Benthos,"Plumb-staff beam trawl,  2.26m opening, 7-mm mesh net, 4-mm cod end liner",Solariella obscura,Species,urn:lsid:marinespecies.org:taxname:141840,"Couthouy, 1838",Animalia,Mollusca,Gastropoda,Trochida,Solariellidae,Solariella,biomass,Grams per 1000 square meter,5.156320414
SKQ202412S-DBO4.2n,SKQ202412S-DBO4.2n-Spirontocaris,8/20/2024,8:14:30,71.326221,-160.667857,Benthos,"Plumb-staff beam trawl,  2.26m opening, 7-mm mesh net, 4-mm cod end liner",Spirontocaris,Genus,urn:lsid:marinespecies.org:taxname:106994,"Spence Bate, 1888",Animalia,Arthropoda,Malacostraca,Decapoda,Thoridae,Spirontocaris,biomass,Grams per 1000 square meter,5.156320414
SKQ202412S-DBO4.2n,SKQ202412S-DBO4.2n-Synidotea bicuspida,8/20/2024,8:14:30,71.326221,-160.667857,Benthos,"Plumb-staff beam trawl,  2.26m opening, 7-mm mesh net, 4-mm cod end liner",Synidotea bicuspida,Species,urn:lsid:marinespecies.org:taxname:156445,"Owen, 1839",Animalia,Arthropoda,Malacostraca,Isopoda,Idoteidae,Synidotea,biomass,Grams per 1000 square meter,5.156320414
SKQ202412S-DBO4.2n,SKQ202412S-DBO4.2n-Tachyrhynchus erosus,8/20/2024,8:14:30,71.326221,-160.667857,Benthos,"Plumb-staff beam trawl,  2.26m opening, 7-mm mesh net, 4-mm cod end liner",Tachyrhynchus erosus,Species,urn:lsid:marinespecies.org:taxname:196391,"Couthouy, 1838",Animalia,Mollusca,Gastropoda,Caenogastropoda incertae sedis,Turritellidae,Tachyrhynchus,biomass,Grams per 1000 square meter,10.31264083
SKQ202412S-DBO4.2n,SKQ202412S-DBO4.2n-Trichotropis bicarinata,8/20/2024,8:14:30,71.326221,-160.667857,Benthos,"Plumb-staff beam trawl,  2.26m opening, 7-mm mesh net, 4-mm cod end liner",Trichotropis bicarinata,Species,urn:lsid:marinespecies.org:taxname:160421,"G. B. Sowerby I, 1825",Animalia,Mollusca,Gastropoda,Littorinimorpha,Capulidae,Trichotropis,biomass,Grams per 1000 square meter,10.31264083
SKQ202412S-DBO5.3,SKQ202412S-DBO5.3-Abietinaria,8/21/2024,1:29:19,71.327936,-157.334999,Benthos,"Plumb-staff beam trawl,  2.26m opening, 7-mm mesh net, 4-mm cod end liner",Abietinaria,Genus,urn:lsid:marinespecies.org:taxname:117225,"Kirchenpauer, 1884",Animalia,Cnidaria,Hydrozoa,Leptothecata,Sertulariidae,Abietinaria,biomass,Grams per 1000 square meter,58.49262917
SKQ202412S-DBO5.3,SKQ202412S-DBO5.3-Admete solida,8/21/2024,1:29:19,71.327936,-157.334999,Benthos,"Plumb-staff beam trawl,  2.26m opening, 7-mm mesh net, 4-mm cod end liner",Admete solida,Species,urn:lsid:marinespecies.org:taxname:576338,"Aurivillius, 1885",Animalia,Mollusca,Gastropoda,Neogastropoda,Cancellariidae,Admete,biomass,Grams per 1000 square meter,9.748771528
SKQ202412S-DBO5.3,SKQ202412S-DBO5.3-Alcyonidium gelatinosum,8/21/2024,1:29:19,71.327936,-157.334999,Benthos,"Plumb-staff beam trawl,  2.26m opening, 7-mm mesh net, 4-mm cod end liner",Alcyonidium gelatinosum,Species,urn:lsid:marinespecies.org:taxname:111600,"Linnaeus, 1761",Animalia,Bryozoa,Gymnolaemata,Ctenostomatida,Alcyonidiidae,Alcyonidium,biomass,Grams per 1000 square meter,21037.84896
SKQ202412S-DBO5.3,SKQ202412S-DBO5.3-Amicula vestita,8/21/2024,1:29:19,71.327936,-157.334999,Benthos,"Plumb-staff beam trawl,  2.26m opening, 7-mm mesh net, 4-mm cod end liner",Amicula amiculata,Species,urn:lsid:marinespecies.org:taxname:386339,"Pallas, 1788",Animalia,Mollusca,Polyplacophora,Chitonida,Mopaliidae,Amicula,biomass,Grams per 1000 square meter,857.8918945
SKQ202412S-DBO5.3,SKQ202412S-DBO5.3-Actiniaria,8/21/2024,1:29:19,71.327936,-157.334999,Benthos,"Plumb-staff beam trawl,  2.26m opening, 7-mm mesh net, 4-mm cod end liner",Actiniaria,Order,urn:lsid:marinespecies.org:taxname:1360,"Hertwig, 1882",Animalia,Cnidaria,Hexacorallia,Actiniaria,n/a,n/a,biomass,Grams per 1000 square meter,38.99508611
SKQ202412S-DBO5.3,SKQ202412S-DBO5.3-Anonyx,8/21/2024,1:29:19,71.327936,-157.334999,Benthos,"Plumb-staff beam trawl,  2.26m opening, 7-mm mesh net, 4-mm cod end liner",Anonyx,Genus,urn:lsid:marinespecies.org:taxname:101592,"Krøyer, 1838",Animalia,Arthropoda,Malacostraca,Amphipoda,Uristidae,Anonyx,biomass,Grams per 1000 square meter,272.9656028
SKQ202412S-DBO5.3,SKQ202412S-DBO5.3-Argis,8/21/2024,1:29:19,71.327936,-157.334999,Benthos,"Plumb-staff beam trawl,  2.26m opening, 7-mm mesh net, 4-mm cod end liner",Argis,Genus,urn:lsid:marinespecies.org:taxname:107006,"Krøyer, 1843",Animalia,Arthropoda,Malacostraca,Decapoda,Crangonidae,Argis,biomass,Grams per 1000 square meter,243.7192882
SKQ202412S-DBO5.3,SKQ202412S-DBO5.3-Ariadnaria borealis,8/21/2024,1:29:19,71.327936,-157.334999,Benthos,"Plumb-staff beam trawl,  2.26m opening, 7-mm mesh net, 4-mm cod end liner",Ariadnaria borealis,Species,urn:lsid:marinespecies.org:taxname:714762,"Broderip & G. B. Sowerby I, 1829",Animalia,Mollusca,Gastropoda,Littorinimorpha,Capulidae,Ariadnaria,biomass,Grams per 1000 square meter,292.4631458
SKQ202412S-DBO5.3,SKQ202412S-DBO5.3-Balanus nubilis,8/21/2024,1:29:19,71.327936,-157.334999,Benthos,"Plumb-staff beam trawl,  2.26m opening, 7-mm mesh net, 4-mm cod end liner",Balanus nubilus,Species,urn:lsid:marinespecies.org:taxname:594745,"Darwin, 1854",Animalia,Arthropoda,Thecostraca,Balanomorpha,Balanidae,Balanus,biomass,Grams per 1000 square meter,467.9410333
SKQ202412S-DBO5.3,SKQ202412S-DBO5.3-Boltenia ovifera,8/21/2024,1:29:19,71.327936,-157.334999,Benthos,"Plumb-staff beam trawl,  2.26m opening, 7-mm mesh net, 4-mm cod end liner",Boltenia ovifera,Species,urn:lsid:marinespecies.org:taxname:103815,"Linnaeus, 1767",Animalia,Chordata,Ascidiacea,Stolidobranchia,Pyuridae,Boltenia,biomass,Grams per 1000 square meter,740.9066361
SKQ202412S-DBO5.3,SKQ202412S-DBO5.3-Bryozoa hard lobed,8/21/2024,1:29:19,71.327936,-157.334999,Benthos,"Plumb-staff beam trawl,  2.26m opening, 7-mm mesh net, 4-mm cod end liner",Bryozoa hard lobed,Phylum,urn:lsid:marinespecies.org:taxname:146142,n/a,Animalia,Bryozoa,n/a,n/a,n/a,n/a,biomass,Grams per 1000 square meter,370.4533181
SKQ202412S-DBO5.3,SKQ202412S-DBO5.3-Bryozoa moose antler,8/21/2024,1:29:19,71.327936,-157.334999,Benthos,"Plumb-staff beam trawl,  2.26m opening, 7-mm mesh net, 4-mm cod end liner",Bryozoa moose antler,Phylum,urn:lsid:marinespecies.org:taxname:146142,n/a,Animalia,Bryozoa,n/a,n/a,n/a,n/a,biomass,Grams per 1000 square meter,1559.803444
SKQ202412S-DBO5.3,SKQ202412S-DBO5.3-Buccinum scalariforme,8/21/2024,1:29:19,71.327936,-157.334999,Benthos,"Plumb-staff beam trawl,  2.26m opening, 7-mm mesh net, 4-mm cod end liner",Buccinum scalariforme,Species,urn:lsid:marinespecies.org:taxname:138875,"Møller, 1842",Animalia,Mollusca,Gastropoda,Neogastropoda,Buccinidae,Buccinum,biomass,Grams per 1000 square meter,58.49262917
SKQ202412S-DBO5.3,SKQ202412S-DBO5.3-Chelyosoma maclaeyanum,8/21/2024,1:29:19,71.327936,-157.334999,Benthos,"Plumb-staff beam trawl,  2.26m opening, 7-mm mesh net, 4-mm cod end liner",Chelyosoma maclaeyanum,Species,urn:lsid:marinespecies.org:taxname:103740,"Broderip & Sowerby, 1830",Animalia,Chordata,Ascidiacea,Phlebobranchia,Corellidae,Chelyosoma,biomass,Grams per 1000 square meter,272.9656028
SKQ202412S-DBO5.3,SKQ202412S-DBO5.3-Crangon dalli,8/21/2024,1:29:19,71.327936,-157.334999,Benthos,"Plumb-staff beam trawl,  2.26m opening, 7-mm mesh net, 4-mm cod end liner",Crangon dalli,Species,urn:lsid:marinespecies.org:taxname:254486,"Rathbun, 1902",Animalia,Arthropoda,Malacostraca,Decapoda,Crangonidae,Crangon,biomass,Grams per 1000 square meter,6.499181019
SKQ202412S-DBO5.3,SKQ202412S-DBO5.3-Distaplia alaskensis,8/21/2024,1:29:19,71.327936,-157.334999,Benthos,"Plumb-staff beam trawl,  2.26m opening, 7-mm mesh net, 4-mm cod end liner",Distaplia alaskensis,Species,urn:lsid:marinespecies.org:taxname:250424,"Lambert & Sanamyan, 2001",Animalia,Chordata,Ascidiacea,Aplousobranchia,Holozoidae,Distaplia,biomass,Grams per 1000 square meter,19.49754306
SKQ202412S-DBO5.3,SKQ202412S-DBO5.3-Eualus gaimardii ,8/21/2024,1:29:19,71.327936,-157.334999,Benthos,"Plumb-staff beam trawl,  2.26m opening, 7-mm mesh net, 4-mm cod end liner",Eualus gaimardii ,Species,urn:lsid:marinespecies.org:taxname:107504,"H. Milne Edwards, 1837",Animalia,Arthropoda,Malacostraca,Decapoda,Thoridae,Eualus,biomass,Grams per 1000 square meter,61.74221968
SKQ202412S-DBO5.3,SKQ202412S-DBO5.3-Eualus macilentus,8/21/2024,1:29:19,71.327936,-157.334999,Benthos,"Plumb-staff beam trawl,  2.26m opening, 7-mm mesh net, 4-mm cod end liner",Eualus macilentus,Species,urn:lsid:marinespecies.org:taxname:158359,"Krøyer, 1841",Animalia,Arthropoda,Malacostraca,Decapoda,Thoridae,Eualus,biomass,Grams per 1000 square meter,9.748771528
SKQ202412S-DBO5.3,SKQ202412S-DBO5.3-Eusirus cuspidatus,8/21/2024,1:29:19,71.327936,-157.334999,Benthos,"Plumb-staff beam trawl,  2.26m opening, 7-mm mesh net, 4-mm cod end liner",Eusirus cuspidatus,Species,urn:lsid:marinespecies.org:taxname:102199,"Krøyer, 1845",Animalia,Arthropoda,Malacostraca,Amphipoda,Eusiridae,Eusirus,biomass,Grams per 1000 square meter,19.49754306
SKQ202412S-DBO5.3,SKQ202412S-DBO5.3-Euspira pallida,8/21/2024,1:29:19,71.327936,-157.334999,Benthos,"Plumb-staff beam trawl,  2.26m opening, 7-mm mesh net, 4-mm cod end liner",Euspira pallida,Species,urn:lsid:marinespecies.org:taxname:140536,"Broderip & G. B. Sowerby I, 1829",Animalia,Mollusca,Gastropoda,Littorinimorpha,Naticidae,Euspira,biomass,Grams per 1000 square meter,58.49262917
SKQ202412S-DBO5.3,SKQ202412S-DBO5.3-Platyhelminthes,8/21/2024,1:29:19,71.327936,-157.334999,Benthos,"Plumb-staff beam trawl,  2.26m opening, 7-mm mesh net, 4-mm cod end liner",Platyhelminthes,Phylum,urn:lsid:marinespecies.org:taxname:793,"Minot, 1876",Animalia,Platyhelminthes,n/a,n/a,n/a,n/a,biomass,Grams per 1000 square meter,19.49754306
SKQ202412S-DBO5.3,SKQ202412S-DBO5.3-Gattyana ciliata,8/21/2024,1:29:19,71.327936,-157.334999,Benthos,"Plumb-staff beam trawl,  2.26m opening, 7-mm mesh net, 4-mm cod end liner",Gattyana ciliata,Species,urn:lsid:marinespecies.org:taxname:254456,"Moore, 1902",Animalia,Annelida,Polychaeta,Phyllodocida,Polynoidae,Gattyana,biomass,Grams per 1000 square meter,19.49754306
SKQ202412S-DBO5.3,SKQ202412S-DBO5.3-Gersemia rubiformis,8/21/2024,1:29:19,71.327936,-157.334999,Benthos,"Plumb-staff beam trawl,  2.26m opening, 7-mm mesh net, 4-mm cod end liner",Gersemia rubiformis,Species,urn:lsid:marinespecies.org:taxname:156103,"Ehrenberg, 1834",Animalia,Cnidaria,Octocorallia,Malacalcyonacea,Alcyoniidae,Gersemia,biomass,Grams per 1000 square meter,38.99508611
SKQ202412S-DBO5.3,SKQ202412S-DBO5.3-Henricia tumida,8/21/2024,1:29:19,71.327936,-157.334999,Benthos,"Plumb-staff beam trawl,  2.26m opening, 7-mm mesh net, 4-mm cod end liner",Henricia tumida,Species,urn:lsid:marinespecies.org:taxname:369147,"Verrill, 1909",Animalia,Echinodermata,Asteroidea,Spinulosida,Echinasteridae,Henricia,biomass,Grams per 1000 square meter,38.99508611
SKQ202412S-DBO5.3,SKQ202412S-DBO5.3-Leptasterias groenlandica,8/21/2024,1:29:19,71.327936,-157.334999,Benthos,"Plumb-staff beam trawl,  2.26m opening, 7-mm mesh net, 4-mm cod end liner",Leptasterias groenlandica,Species,urn:lsid:marinespecies.org:taxname:369176,"Steenstrup in Lutken, 1857",Animalia,Echinodermata,Asteroidea,Forcipulatida,Asteriidae,Leptasterias,biomass,Grams per 1000 square meter,292.4631458
SKQ202412S-DBO5.3,SKQ202412S-DBO5.3-Maldanidae,8/21/2024,1:29:19,71.327936,-157.334999,Benthos,"Plumb-staff beam trawl,  2.26m opening, 7-mm mesh net, 4-mm cod end liner",Maldanidae,Family,urn:lsid:marinespecies.org:taxname:923,"Malmgren, 1867",Animalia,Annelida,Polychaeta,n/a,Maldanidae,n/a,biomass,Grams per 1000 square meter,19.49754306
SKQ202412S-DBO5.3,SKQ202412S-DBO5.3-Margarites costalis,8/21/2024,1:29:19,71.327936,-157.334999,Benthos,"Plumb-staff beam trawl,  2.26m opening, 7-mm mesh net, 4-mm cod end liner",Margarites costalis,Species,urn:lsid:marinespecies.org:taxname:141819,"A. Gould, 1841",Animalia,Mollusca,Gastropoda,Trochida,Margaritidae,Margarites,biomass,Grams per 1000 square meter,77.99017222
SKQ202412S-DBO5.3,SKQ202412S-DBO5.3-Molgula retortiformis,8/21/2024,1:29:19,71.327936,-157.334999,Benthos,"Plumb-staff beam trawl,  2.26m opening, 7-mm mesh net, 4-mm cod end liner",Molgula retortiformis,Species,urn:lsid:marinespecies.org:taxname:103796,"Verrill, 1871",Animalia,Chordata,Ascidiacea,Stolidobranchia,Molgulidae,Molgula,biomass,Grams per 1000 square meter,272.9656028
SKQ202412S-DBO5.3,SKQ202412S-DBO5.3-Myriotrochus rinkii,8/21/2024,1:29:19,71.327936,-157.334999,Benthos,"Plumb-staff beam trawl,  2.26m opening, 7-mm mesh net, 4-mm cod end liner",Myriotrochus rinkii,Species,urn:lsid:marinespecies.org:taxname:124446,"Steenstrup, 1851",Animalia,Echinodermata,Holothuroidea,Apodida,Myriotrochidae,Myriotrochus,biomass,Grams per 1000 square meter,2008.246935
SKQ202412S-DBO5.3,SKQ202412S-DBO5.3-Nereis pelagica,8/21/2024,1:29:19,71.327936,-157.334999,Benthos,"Plumb-staff beam trawl,  2.26m opening, 7-mm mesh net, 4-mm cod end liner",Nereis pelagica,Species,urn:lsid:marinespecies.org:taxname:130404,"Linnaeus, 1758",Animalia,Annelida,Polychaeta,Phyllodocida,Nereididae,Nereis,biomass,Grams per 1000 square meter,19.49754306
SKQ202412S-DBO5.3,SKQ202412S-DBO5.3-Ocnus glacialis,8/21/2024,1:29:19,71.327936,-157.334999,Benthos,"Plumb-staff beam trawl,  2.26m opening, 7-mm mesh net, 4-mm cod end liner",Ocnus glacialis,Species,urn:lsid:marinespecies.org:taxname:124641,"Ljungman, 1879",Animalia,Echinodermata,Holothuroidea,Dendrochirotida,Cucumariidae,Ocnus,biomass,Grams per 1000 square meter,13999.23591
SKQ202412S-DBO5.3,SKQ202412S-DBO5.3-Onchidiopsis,8/21/2024,1:29:19,71.327936,-157.334999,Benthos,"Plumb-staff beam trawl,  2.26m opening, 7-mm mesh net, 4-mm cod end liner",Onchidiopsis,Genus,urn:lsid:marinespecies.org:taxname:138628,"Bergh, 1853",Animalia,Mollusca,Gastropoda,Littorinimorpha,Velutinidae,Onchidiopsis,biomass,Grams per 1000 square meter,155.9803444
SKQ202412S-DBO5.3,SKQ202412S-DBO5.3-Ophiopholis aculeata,8/21/2024,1:29:19,71.327936,-157.334999,Benthos,"Plumb-staff beam trawl,  2.26m opening, 7-mm mesh net, 4-mm cod end liner",Ophiopholis aculeata,Species,urn:lsid:marinespecies.org:taxname:125125,"Linnaeus, 1767",Animalia,Echinodermata,Ophiuroidea,Amphilepidida,Ophiopholidae,Ophiopholis,biomass,Grams per 1000 square meter,38.99508611
SKQ202412S-DBO5.3,SKQ202412S-DBO5.3-Ophiura robusta,8/21/2024,1:29:19,71.327936,-157.334999,Benthos,"Plumb-staff beam trawl,  2.26m opening, 7-mm mesh net, 4-mm cod end liner",Ophiura robusta,Species,urn:lsid:marinespecies.org:taxname:124933,"Ayres, 1852",Animalia,Echinodermata,Ophiuroidea,Ophiurida,Ophiuridae,Ophiura,biomass,Grams per 1000 square meter,1.949754306
SKQ202412S-DBO5.3,SKQ202412S-DBO5.3-Ophiura sarsiii,8/21/2024,1:29:19,71.327936,-157.334999,Benthos,"Plumb-staff beam trawl,  2.26m opening, 7-mm mesh net, 4-mm cod end liner",Ophiura sarsiii,Species,urn:lsid:marinespecies.org:taxname:124934,"Lütken, 1855",Animalia,Echinodermata,Ophiuroidea,Ophiurida,Ophiuridae,Ophiura,biomass,Grams per 1000 square meter,38.99508611
SKQ202412S-DBO5.3,SKQ202412S-DBO5.3-Pagurus trigonocheirus,8/21/2024,1:29:19,71.327936,-157.334999,Benthos,"Plumb-staff beam trawl,  2.26m opening, 7-mm mesh net, 4-mm cod end liner",Pagurus trigonocheirus,Species,urn:lsid:marinespecies.org:taxname:254490,"Stimpson, 1858",Animalia,Arthropoda,Malacostraca,Decapoda,Paguridae,Pagurus,biomass,Grams per 1000 square meter,818.8968083
SKQ202412S-DBO5.3,SKQ202412S-DBO5.3-Pandalus borealis eous,8/21/2024,1:29:19,71.327936,-157.334999,Benthos,"Plumb-staff beam trawl,  2.26m opening, 7-mm mesh net, 4-mm cod end liner",Pandalus borealis eous,Species,urn:lsid:marinespecies.org:taxname:515463,"Makarov, 1935",Animalia,Arthropoda,Malacostraca,Decapoda,Pandalidae,Pandalus,biomass,Grams per 1000 square meter,467.9410333
SKQ202412S-DBO5.3,SKQ202412S-DBO5.3-Plicifusus kroeyeri,8/21/2024,1:29:19,71.327936,-157.334999,Benthos,"Plumb-staff beam trawl,  2.26m opening, 7-mm mesh net, 4-mm cod end liner",Plicifusus kroeyeri,Species,urn:lsid:marinespecies.org:taxname:491269,"Møller, 1842",Animalia,Mollusca,Gastropoda,Neogastropoda,Buccinidae,Plicifusus,biomass,Grams per 1000 square meter,155.9803444
SKQ202412S-DBO5.3,SKQ202412S-DBO5.3-Psolus peronii,8/21/2024,1:29:19,71.327936,-157.334999,Benthos,"Plumb-staff beam trawl,  2.26m opening, 7-mm mesh net, 4-mm cod end liner",Psolus peronii,Species,urn:lsid:marinespecies.org:taxname:529651,"Bell, 1883",Animalia,Echinodermata,Holothuroidea,Dendrochirotida,Psolidae,Psolus,biomass,Grams per 1000 square meter,1774.276418
SKQ202412S-DBO5.3,SKQ202412S-DBO5.3-Pyrulofusus deformis,8/21/2024,1:29:19,71.327936,-157.334999,Benthos,"Plumb-staff beam trawl,  2.26m opening, 7-mm mesh net, 4-mm cod end liner",Pyrulofusus deformis,Species,urn:lsid:marinespecies.org:taxname:254378,"Reeve, 1847",Animalia,Mollusca,Gastropoda,Neogastropoda,Buccinidae,Pyrulofusus,biomass,Grams per 1000 square meter,178.727478
SKQ202412S-DBO5.3,SKQ202412S-DBO5.3-Sclerocrangon boreas,8/21/2024,1:29:19,71.327936,-157.334999,Benthos,"Plumb-staff beam trawl,  2.26m opening, 7-mm mesh net, 4-mm cod end liner",Sclerocrangon boreas,Species,urn:lsid:marinespecies.org:taxname:107568,"Phipps, 1774",Animalia,Arthropoda,Malacostraca,Decapoda,Crangonidae,Sclerocrangon,biomass,Grams per 1000 square meter,575.1775201
SKQ202412S-DBO5.3,SKQ202412S-DBO5.3-Sertularia robusta,8/21/2024,1:29:19,71.327936,-157.334999,Benthos,"Plumb-staff beam trawl,  2.26m opening, 7-mm mesh net, 4-mm cod end liner",Sertularia robusta,Species,urn:lsid:marinespecies.org:taxname:117923,"Clark, 1877",Animalia,Cnidaria,Hydrozoa,Leptothecata,Sertulariidae,Sertularia,biomass,Grams per 1000 square meter,38.99508611
SKQ202412S-DBO5.3,SKQ202412S-DBO5.3-Solariella obscura,8/21/2024,1:29:19,71.327936,-157.334999,Benthos,"Plumb-staff beam trawl,  2.26m opening, 7-mm mesh net, 4-mm cod end liner",Solariella obscura,Species,urn:lsid:marinespecies.org:taxname:141840,"Couthouy, 1838",Animalia,Mollusca,Gastropoda,Trochida,Solariellidae,Solariella,biomass,Grams per 1000 square meter,1.949754306
SKQ202412S-DBO5.3,SKQ202412S-DBO5.3-Stegocephalidae,8/21/2024,1:29:19,71.327936,-157.334999,Benthos,"Plumb-staff beam trawl,  2.26m opening, 7-mm mesh net, 4-mm cod end liner",Stegocephalidae,Family,urn:lsid:marinespecies.org:taxname:101408,"Dana, 1852",Animalia,Arthropoda,Malacostraca,Amphipoda,Stegocephalidae,n/a,biomass,Grams per 1000 square meter,38.99508611
SKQ202412S-DBO5.3,SKQ202412S-DBO5.3-Stegophiura nodosa,8/21/2024,1:29:19,71.327936,-157.334999,Benthos,"Plumb-staff beam trawl,  2.26m opening, 7-mm mesh net, 4-mm cod end liner",Stegophiura nodosa,Species,urn:lsid:marinespecies.org:taxname:124943,"Lütken, 1855",Animalia,Echinodermata,Ophiuroidea,Ophiurida,Ophiopyrgidae,Stegophiura,biomass,Grams per 1000 square meter,38.99508611
SKQ202412S-DBO5.3,SKQ202412S-DBO5.3-Strongylocentrotus pallidus,8/21/2024,1:29:19,71.327936,-157.334999,Benthos,"Plumb-staff beam trawl,  2.26m opening, 7-mm mesh net, 4-mm cod end liner",Strongylocentrotus pallidus,Species,urn:lsid:marinespecies.org:taxname:124324,"Sars G.O., 1872",Animalia,Echinodermata,Echinoidea,Camarodonta,Strongylocentrotidae,Strongylocentrotus,biomass,Grams per 1000 square meter,3200.846652
SKQ202412S-DBO5.3,SKQ202412S-DBO5.3-Tachyrhynchus erosus,8/21/2024,1:29:19,71.327936,-157.334999,Benthos,"Plumb-staff beam trawl,  2.26m opening, 7-mm mesh net, 4-mm cod end liner",Tachyrhynchus erosus,Species,urn:lsid:marinespecies.org:taxname:196391,"Couthouy, 1838",Animalia,Mollusca,Gastropoda,Caenogastropoda incertae sedis,Turritellidae,Tachyrhynchus,biomass,Grams per 1000 square meter,9.748771528
SKQ202412S-DBO5.3,SKQ202412S-DBO5.3-Tritonia,8/21/2024,1:29:19,71.327936,-157.334999,Benthos,"Plumb-staff beam trawl,  2.26m opening, 7-mm mesh net, 4-mm cod end liner",Tritonia,Genus,urn:lsid:marinespecies.org:taxname:138580,"Cuvier, 1797",Animalia,Mollusca,Gastropoda,Nudibranchia,Tritoniidae,Tritonia,biomass,Grams per 1000 square meter,155.9803444
SKQ202412S-DBO5.3,SKQ202412S-DBO5.3-Velutina velutina,8/21/2024,1:29:19,71.327936,-157.334999,Benthos,"Plumb-staff beam trawl,  2.26m opening, 7-mm mesh net, 4-mm cod end liner",Velutina velutina,Species,urn:lsid:marinespecies.org:taxname:141905,"O. F. Müller, 1776",Animalia,Mollusca,Gastropoda,Littorinimorpha,Velutinidae ,Velutina ,biomass,Grams per 1000 square meter,19.49754306
SKQ202412S-DBO5.7,SKQ202412S-DBO5.7-Alcyonidium gelatinosum,8/21/2024,8:34:06,71.496738,-157.689295,Benthos,"Plumb-staff beam trawl,  2.26m opening, 7-mm mesh net, 4-mm cod end liner",Alcyonidium gelatinosum,Species,urn:lsid:marinespecies.org:taxname:111600,"Linnaeus, 1761",Animalia,Bryozoa,Gymnolaemata,Ctenostomatida,Alcyonidiidae,Alcyonidium,biomass,Grams per 1000 square meter,5956.996014
SKQ202412S-DBO5.7,SKQ202412S-DBO5.7-Anonyx,8/21/2024,8:34:06,71.496738,-157.689295,Benthos,"Plumb-staff beam trawl,  2.26m opening, 7-mm mesh net, 4-mm cod end liner",Anonyx,Genus,urn:lsid:marinespecies.org:taxname:101592,"Krøyer, 1838",Animalia,Arthropoda,Malacostraca,Amphipoda,Uristidae,Anonyx,biomass,Grams per 1000 square meter,186.1561254
SKQ202412S-DBO5.7,SKQ202412S-DBO5.7-Argis,8/21/2024,8:34:06,71.496738,-157.689295,Benthos,"Plumb-staff beam trawl,  2.26m opening, 7-mm mesh net, 4-mm cod end liner",Argis,Genus,urn:lsid:marinespecies.org:taxname:107006,"Krøyer, 1843",Animalia,Arthropoda,Malacostraca,Decapoda,Crangonidae,Argis,biomass,Grams per 1000 square meter,193.0507968
SKQ202412S-DBO5.7,SKQ202412S-DBO5.7-Boreotrophon truncatus,8/21/2024,8:34:06,71.496738,-157.689295,Benthos,"Plumb-staff beam trawl,  2.26m opening, 7-mm mesh net, 4-mm cod end liner",Boreotrophon truncatus,Species,urn:lsid:marinespecies.org:taxname:146733,"Strøm, 1768",Animalia,Mollusca,Gastropoda,Neogastropoda,Muricidae,Boreotrophon,biomass,Grams per 1000 square meter,186.1561254
SKQ202412S-DBO5.7,SKQ202412S-DBO5.7-Buccinum angulosum,8/21/2024,8:34:06,71.496738,-157.689295,Benthos,"Plumb-staff beam trawl,  2.26m opening, 7-mm mesh net, 4-mm cod end liner",Buccinum angulosum,Species,urn:lsid:marinespecies.org:taxname:138858,"Gray, 1839",Animalia,Mollusca,Gastropoda,Neogastropoda,Buccinidae,Buccinum,biomass,Grams per 1000 square meter,2047.71738
SKQ202412S-DBO5.7,SKQ202412S-DBO5.7-Calycidoris geuntheri,8/21/2024,8:34:06,71.496738,-157.689295,Benthos,"Plumb-staff beam trawl,  2.26m opening, 7-mm mesh net, 4-mm cod end liner",Calycidoris geuntheri,Species,urn:lsid:marinespecies.org:taxname:146756,"Abraham, 1876",Animalia,Mollusca,Gastropoda,Nudibranchia,Calycidorididae,Calycidoris,biomass,Grams per 1000 square meter,62.05204182
SKQ202412S-DBO5.7,SKQ202412S-DBO5.7-Chionoecetes opilio,8/21/2024,8:34:06,71.496738,-157.689295,Benthos,"Plumb-staff beam trawl,  2.26m opening, 7-mm mesh net, 4-mm cod end liner",Chionoecetes opilio,Species,urn:lsid:marinespecies.org:taxname:107315,"Fabricius, 1788",Animalia,Arthropoda,Malacostraca,Decapoda,Oregoniidae,Chionoecetes,biomass,Grams per 1000 square meter,937.6752986
SKQ202412S-DBO5.7,SKQ202412S-DBO5.7-Crossaster papposus,8/21/2024,8:34:06,71.496738,-157.689295,Benthos,"Plumb-staff beam trawl,  2.26m opening, 7-mm mesh net, 4-mm cod end liner",Crossaster papposus,Species,urn:lsid:marinespecies.org:taxname:124154,"Linnaeus, 1767",Animalia,Echinodermata,Asteroidea,Valvatida,Solasteridae,Crossaster,biomass,Grams per 1000 square meter,372.3122509
SKQ202412S-DBO5.7,SKQ202412S-DBO5.7-Cryptonatica affinis,8/21/2024,8:34:06,71.496738,-157.689295,Benthos,"Plumb-staff beam trawl,  2.26m opening, 7-mm mesh net, 4-mm cod end liner",Cryptonatica affinis,Species,urn:lsid:marinespecies.org:taxname:140525,"Gmelin, 1791",Animalia,Mollusca,Gastropoda,Littorinimorpha,Naticidae,Cryptonatica,biomass,Grams per 1000 square meter,62.05204182
SKQ202412S-DBO5.7,SKQ202412S-DBO5.7-Eualus gaimardii ,8/21/2024,8:34:06,71.496738,-157.689295,Benthos,"Plumb-staff beam trawl,  2.26m opening, 7-mm mesh net, 4-mm cod end liner",Eualus gaimardii ,Species,urn:lsid:marinespecies.org:taxname:107504,"H. Milne Edwards, 1837",Animalia,Arthropoda,Malacostraca,Decapoda,Thoridae,Eualus,biomass,Grams per 1000 square meter,44.81536353
SKQ202412S-DBO5.7,SKQ202412S-DBO5.7-Eucratea loricata,8/21/2024,8:34:06,71.496738,-157.689295,Benthos,"Plumb-staff beam trawl,  2.26m opening, 7-mm mesh net, 4-mm cod end liner",Eucratea loricata,Species,urn:lsid:marinespecies.org:taxname:111361,"Linnaeus, 1758",Animalia,Bryozoa,Gymnolaemata,Cheilostomatida,Eucrateidae,Eucratea,biomass,Grams per 1000 square meter,186.1561254
SKQ202412S-DBO5.7,SKQ202412S-DBO5.7-Eusirus cuspidatus,8/21/2024,8:34:06,71.496738,-157.689295,Benthos,"Plumb-staff beam trawl,  2.26m opening, 7-mm mesh net, 4-mm cod end liner",Eusirus cuspidatus,Species,urn:lsid:marinespecies.org:taxname:102199,"Krøyer, 1845",Animalia,Arthropoda,Malacostraca,Amphipoda,Eusiridae,Eusirus,biomass,Grams per 1000 square meter,62.05204182
SKQ202412S-DBO5.7,SKQ202412S-DBO5.7-Gattyana amondensi,8/21/2024,8:34:06,71.496738,-157.689295,Benthos,"Plumb-staff beam trawl,  2.26m opening, 7-mm mesh net, 4-mm cod end liner",Gattyana amondensi,Species,urn:lsid:marinespecies.org:taxname:130748,"Malmgren, 1867",Animalia,Annelida,Polychaeta,Phyllodocida,Polynoidae,Gattyana,biomass,Grams per 1000 square meter,124.1040836
SKQ202412S-DBO5.7,SKQ202412S-DBO5.7-Gattyana ciliata,8/21/2024,8:34:06,71.496738,-157.689295,Benthos,"Plumb-staff beam trawl,  2.26m opening, 7-mm mesh net, 4-mm cod end liner",Gattyana ciliata,Species,urn:lsid:marinespecies.org:taxname:254456,"Moore, 1902",Animalia,Annelida,Polychaeta,Phyllodocida,Polynoidae,Gattyana,biomass,Grams per 1000 square meter,434.3642927
SKQ202412S-DBO5.7,SKQ202412S-DBO5.7-Gersemia rubiformis,8/21/2024,8:34:06,71.496738,-157.689295,Benthos,"Plumb-staff beam trawl,  2.26m opening, 7-mm mesh net, 4-mm cod end liner",Gersemia rubiformis,Species,urn:lsid:marinespecies.org:taxname:156103,"Ehrenberg, 1834",Animalia,Cnidaria,Octocorallia,Malacalcyonacea,Alcyoniidae,Gersemia,biomass,Grams per 1000 square meter,248.2081673
SKQ202412S-DBO5.7,SKQ202412S-DBO5.7-Golfingia margaritacea,8/21/2024,8:34:06,71.496738,-157.689295,Benthos,"Plumb-staff beam trawl,  2.26m opening, 7-mm mesh net, 4-mm cod end liner",Golfingia margaritacea,Species,urn:lsid:marinespecies.org:taxname:175027,"Sars, 1851",Animalia,Annelida,n/a,Sipuncula,Golfingiidae,Golfingia,biomass,Grams per 1000 square meter,62.05204182
SKQ202412S-DBO5.7,SKQ202412S-DBO5.7-Heteropora,8/21/2024,8:34:06,71.496738,-157.689295,Benthos,"Plumb-staff beam trawl,  2.26m opening, 7-mm mesh net, 4-mm cod end liner",Heteropora,Genus,urn:lsid:marinespecies.org:taxname:248342,"de Blainville, 1830",Animalia,Bryozoa,Stenolaemata,Cyclostomatida,Heteroporidae,Heteropora,biomass,Grams per 1000 square meter,186.1561254
SKQ202412S-DBO5.7,SKQ202412S-DBO5.7-Hyas coarctatus,8/21/2024,8:34:06,71.496738,-157.689295,Benthos,"Plumb-staff beam trawl,  2.26m opening, 7-mm mesh net, 4-mm cod end liner",Hyas coarctatus,Species,urn:lsid:marinespecies.org:taxname:107323,"Leach, 1815",Animalia,Arthropoda,Malacostraca,Decapoda,Oregoniidae,Hyas,biomass,Grams per 1000 square meter,806.6765436
SKQ202412S-DBO5.7,SKQ202412S-DBO5.7-Musculus glacialis,8/21/2024,8:34:06,71.496738,-157.689295,Benthos,"Plumb-staff beam trawl,  2.26m opening, 7-mm mesh net, 4-mm cod end liner",Musculus glacialis,Species,urn:lsid:marinespecies.org:taxname:467467,"Leche, 1883",Animalia,Mollusca,Bivalvia,Mytilida,Mytilidae,Musculus,biomass,Grams per 1000 square meter,310.2602091
SKQ202412S-DBO5.7,SKQ202412S-DBO5.7-Nemertea,8/21/2024,8:34:06,71.496738,-157.689295,Benthos,"Plumb-staff beam trawl,  2.26m opening, 7-mm mesh net, 4-mm cod end liner",Nemertea,Phylum,urn:lsid:marinespecies.org:taxname:152391,n/a,Animalia,Nemertea,n/a,n/a,n/a,n/a,biomass,Grams per 1000 square meter,186.1561254
SKQ202412S-DBO5.7,SKQ202412S-DBO5.7-Nymphon,8/21/2024,8:34:06,71.496738,-157.689295,Benthos,"Plumb-staff beam trawl,  2.26m opening, 7-mm mesh net, 4-mm cod end liner",Nymphon,Genus,urn:lsid:marinespecies.org:taxname:134591,"Fabricius, 1794",Animalia,Arthropoda,Pycnogonida,Pantopoda,Nymphonidae,Nymphon,biomass,Grams per 1000 square meter,6.205204182
SKQ202412S-DBO5.7,SKQ202412S-DBO5.7-Obesotoma,8/21/2024,8:34:06,71.496738,-157.689295,Benthos,"Plumb-staff beam trawl,  2.26m opening, 7-mm mesh net, 4-mm cod end liner",Obesotoma,Genus,urn:lsid:marinespecies.org:taxname:137825,"Bartsch, 1941",Animalia,Mollusca,Gastropoda,Neogastropoda,Mangeliidae,Obesotoma,biomass,Grams per 1000 square meter,6.205204182
SKQ202412S-DBO5.7,SKQ202412S-DBO5.7-Ophiacantha bidentata,8/21/2024,8:34:06,71.496738,-157.689295,Benthos,"Plumb-staff beam trawl,  2.26m opening, 7-mm mesh net, 4-mm cod end liner",Ophiacantha bidentata,Species,urn:lsid:marinespecies.org:taxname:124978,"Bruzelius, 1805",Animalia,Echinodermata,Ophiuroidea,Ophiacanthida,Ophiacanthidae,Ophiacantha,biomass,Grams per 1000 square meter,496.4163345
SKQ202412S-DBO5.7,SKQ202412S-DBO5.7-Ophiura robusta,8/21/2024,8:34:06,71.496738,-157.689295,Benthos,"Plumb-staff beam trawl,  2.26m opening, 7-mm mesh net, 4-mm cod end liner",Ophiura robusta,Species,urn:lsid:marinespecies.org:taxname:124933,"Ayres, 1852",Animalia,Echinodermata,Ophiuroidea,Ophiurida,Ophiuridae,Ophiura,biomass,Grams per 1000 square meter,62.05204182
SKQ202412S-DBO5.7,SKQ202412S-DBO5.7-Ophiura sarsiii,8/21/2024,8:34:06,71.496738,-157.689295,Benthos,"Plumb-staff beam trawl,  2.26m opening, 7-mm mesh net, 4-mm cod end liner",Ophiura sarsiii,Species,urn:lsid:marinespecies.org:taxname:124934,"Lütken, 1855",Animalia,Echinodermata,Ophiuroidea,Ophiurida,Ophiuridae,Ophiura,biomass,Grams per 1000 square meter,24882.86877
SKQ202412S-DBO5.7,SKQ202412S-DBO5.7-Pagurus capillatus,8/21/2024,8:34:06,71.496738,-157.689295,Benthos,"Plumb-staff beam trawl,  2.26m opening, 7-mm mesh net, 4-mm cod end liner",Pagurus capillatus,Species,urn:lsid:marinespecies.org:taxname:254489,"Benedict, 1892",Animalia,Arthropoda,Malacostraca,Decapoda,Paguridae,Pagurus,biomass,Grams per 1000 square meter,620.5204182
SKQ202412S-DBO5.7,SKQ202412S-DBO5.7-Phyllodoce groenlandica,8/21/2024,8:34:06,71.496738,-157.689295,Benthos,"Plumb-staff beam trawl,  2.26m opening, 7-mm mesh net, 4-mm cod end liner",Phyllodoce groenlandica,Species,urn:lsid:marinespecies.org:taxname:334506,"Örsted, 1842",Animalia,Annelida,Polychaeta,Phyllodocida,Phyllodocidae,Phyllodoce,biomass,Grams per 1000 square meter,62.05204182
SKQ202412S-DBO5.7,SKQ202412S-DBO5.7-Plicifusus kroeyeri,8/21/2024,8:34:06,71.496738,-157.689295,Benthos,"Plumb-staff beam trawl,  2.26m opening, 7-mm mesh net, 4-mm cod end liner",Plicifusus kroeyeri,Species,urn:lsid:marinespecies.org:taxname:491269,"Møller, 1842",Animalia,Mollusca,Gastropoda,Neogastropoda,Buccinidae,Plicifusus,biomass,Grams per 1000 square meter,620.5204182
SKQ202412S-DBO5.7,SKQ202412S-DBO5.7-Socarnes bidenticulatus,8/21/2024,8:34:06,71.496738,-157.689295,Benthos,"Plumb-staff beam trawl,  2.26m opening, 7-mm mesh net, 4-mm cod end liner",Socarnes bidenticulatus,Species,urn:lsid:marinespecies.org:taxname:102722,"Spence Bate, 1858",Animalia,Arthropoda,Malacostraca,Amphipoda,Lysianassidae,Socarnes,biomass,Grams per 1000 square meter,62.05204182
SKQ202412S-DBO5.7,SKQ202412S-DBO5.7-Solariella obscura,8/21/2024,8:34:06,71.496738,-157.689295,Benthos,"Plumb-staff beam trawl,  2.26m opening, 7-mm mesh net, 4-mm cod end liner",Solariella obscura,Species,urn:lsid:marinespecies.org:taxname:141840,"Couthouy, 1838",Animalia,Mollusca,Gastropoda,Trochida,Solariellidae,Solariella,biomass,Grams per 1000 square meter,6.205204182
SKQ202412S-DBO5.7,SKQ202412S-DBO5.7-Solaster,8/21/2024,8:34:06,71.496738,-157.689295,Benthos,"Plumb-staff beam trawl,  2.26m opening, 7-mm mesh net, 4-mm cod end liner",Solaster,Genus,urn:lsid:marinespecies.org:taxname:123338,"Forbes, 1839",Animalia,Echinodermata,Asteroidea,Valvatida,Solasteridae,Solaster,biomass,Grams per 1000 square meter,113.7620767
SKQ202412S-DBO5.7,SKQ202412S-DBO5.7-Stegocephalidae,8/21/2024,8:34:06,71.496738,-157.689295,Benthos,"Plumb-staff beam trawl,  2.26m opening, 7-mm mesh net, 4-mm cod end liner",Stegocephalidae,Family,urn:lsid:marinespecies.org:taxname:101408,"Dana, 1852",Animalia,Arthropoda,Malacostraca,Amphipoda,Stegocephalidae,n/a,biomass,Grams per 1000 square meter,62.05204182
SKQ202412S-DBO5.7,SKQ202412S-DBO5.7-Stomphia,8/21/2024,8:34:06,71.496738,-157.689295,Benthos,"Plumb-staff beam trawl,  2.26m opening, 7-mm mesh net, 4-mm cod end liner",Stomphia,Genus,urn:lsid:marinespecies.org:taxname:100716,"Gosse, 1859",Animalia,Cnidaria,Hexacorallia,Actiniaria,Actinostolidae,Stomphia,biomass,Grams per 1000 square meter,1861.561254
SKQ202412S-DBO5.7,SKQ202412S-DBO5.7-Styela rustica,8/21/2024,8:34:06,71.496738,-157.689295,Benthos,"Plumb-staff beam trawl,  2.26m opening, 7-mm mesh net, 4-mm cod end liner",Styela rustica,Species,urn:lsid:marinespecies.org:taxname:103937,"Linnaeus, 1767",Animalia,Chordata,Ascidiacea,Stolidobranchia,Styelidae,Styela,biomass,Grams per 1000 square meter,62.05204182
SKQ202412S-DBO5.7,SKQ202412S-DBO5.7-Synidotea bicuspida,8/21/2024,8:34:06,71.496738,-157.689295,Benthos,"Plumb-staff beam trawl,  2.26m opening, 7-mm mesh net, 4-mm cod end liner",Synidotea bicuspida,Species,urn:lsid:marinespecies.org:taxname:156445,"Owen, 1839",Animalia,Arthropoda,Malacostraca,Isopoda,Idoteidae,Synidotea,biomass,Grams per 1000 square meter,62.05204182
SKQ202412S-DBO5.7,SKQ202412S-DBO5.7-Tachyrhynchus erosus,8/21/2024,8:34:06,71.496738,-157.689295,Benthos,"Plumb-staff beam trawl,  2.26m opening, 7-mm mesh net, 4-mm cod end liner",Tachyrhynchus erosus,Species,urn:lsid:marinespecies.org:taxname:196391,"Couthouy, 1838",Animalia,Mollusca,Gastropoda,Caenogastropoda incertae sedis,Turritellidae,Tachyrhynchus,biomass,Grams per 1000 square meter,31.02602091
SKQ202412S-DBO1.2,SKQ202412S-DBO1.2-Acanthonotozoma inflatum,8/8/2024,15:24:01,62.05151,-175.217376,Benthos,"Plumb-staff beam trawl,  2.26m opening, 7-mm mesh net, 4-mm cod end liner",Acanthonotozoma inflatum,Species,urn:lsid:marinespecies.org:taxname:101873,"Krøyer, 1842",Animalia,Arthropoda,Malacostraca,Amphipoda,Acanthonotozomatidae,Acanthonotozoma,abundance,Individuals per 1000 square meter,1.337340055
SKQ202412S-DBO1.2,SKQ202412S-DBO1.2-Arrhys luthkei,8/8/2024,15:24:01,62.05151,-175.217376,Benthos,"Plumb-staff beam trawl,  2.26m opening, 7-mm mesh net, 4-mm cod end liner",Arrhys luthkei,Species,urn:lsid:marinespecies.org:taxname:423163,"Gurjanova, 1936",Animalia,Arthropoda,Malacostraca,Amphipoda,Oedicerotidae,Arrhis,abundance,Individuals per 1000 square meter,1.337340055
SKQ202412S-DBO1.2,SKQ202412S-DBO1.2-Buccinum ciliatum,8/8/2024,15:24:01,62.05151,-175.217376,Benthos,"Plumb-staff beam trawl,  2.26m opening, 7-mm mesh net, 4-mm cod end liner",Buccinum ciliatum,Species,urn:lsid:marinespecies.org:taxname:138860,"O. Fabricius, 1780",Animalia,Mollusca,Gastropoda,Neogastropoda,Buccinidae,Buccinum,abundance,Individuals per 1000 square meter,1.337340055
SKQ202412S-DBO1.2,SKQ202412S-DBO1.2-Buccinum plectrum,8/8/2024,15:24:01,62.05151,-175.217376,Benthos,"Plumb-staff beam trawl,  2.26m opening, 7-mm mesh net, 4-mm cod end liner",Buccinum plectrum,Species,urn:lsid:marinespecies.org:taxname:160127,"W. Stimpson, 1865",Animalia,Mollusca,Gastropoda,Neogastropoda,Buccinidae,Buccinum,abundance,Individuals per 1000 square meter,1.337340055
SKQ202412S-DBO1.2,SKQ202412S-DBO1.2-Buccinum scalariforme,8/8/2024,15:24:01,62.05151,-175.217376,Benthos,"Plumb-staff beam trawl,  2.26m opening, 7-mm mesh net, 4-mm cod end liner",Buccinum scalariforme,Species,urn:lsid:marinespecies.org:taxname:138875,"Møller, 1842",Animalia,Mollusca,Gastropoda,Neogastropoda,Buccinidae,Buccinum,abundance,Individuals per 1000 square meter,1.337340055
SKQ202412S-DBO1.2,SKQ202412S-DBO1.2-Chionoecetes opilio,8/8/2024,15:24:01,62.05151,-175.217376,Benthos,"Plumb-staff beam trawl,  2.26m opening, 7-mm mesh net, 4-mm cod end liner",Chionoecetes opilio,Species,urn:lsid:marinespecies.org:taxname:107315,"Fabricius, 1788",Animalia,Arthropoda,Malacostraca,Decapoda,Oregoniidae,Chionoecetes,abundance,Individuals per 1000 square meter,21.39744088
SKQ202412S-DBO1.2,SKQ202412S-DBO1.2-Crangon dalli,8/8/2024,15:24:01,62.05151,-175.217376,Benthos,"Plumb-staff beam trawl,  2.26m opening, 7-mm mesh net, 4-mm cod end liner",Crangon dalli,Species,urn:lsid:marinespecies.org:taxname:254486,"Rathbun, 1902",Animalia,Arthropoda,Malacostraca,Decapoda,Crangonidae,Crangon,abundance,Individuals per 1000 square meter,2.67468011
SKQ202412S-DBO1.2,SKQ202412S-DBO1.2-Cryptonatica affinis,8/8/2024,15:24:01,62.05151,-175.217376,Benthos,"Plumb-staff beam trawl,  2.26m opening, 7-mm mesh net, 4-mm cod end liner",Cryptonatica affinis,Species,urn:lsid:marinespecies.org:taxname:140525,"Gmelin, 1791",Animalia,Mollusca,Gastropoda,Littorinimorpha,Naticidae,Cryptonatica,abundance,Individuals per 1000 square meter,2.67468011
SKQ202412S-DBO1.2,SKQ202412S-DBO1.2-Eualus gaimardii ,8/8/2024,15:24:01,62.05151,-175.217376,Benthos,"Plumb-staff beam trawl,  2.26m opening, 7-mm mesh net, 4-mm cod end liner",Eualus gaimardii ,Species,urn:lsid:marinespecies.org:taxname:107504,"H. Milne Edwards, 1837",Animalia,Arthropoda,Malacostraca,Decapoda,Thoridae,Eualus,abundance,Individuals per 1000 square meter,1.337340055
SKQ202412S-DBO1.2,SKQ202412S-DBO1.2-Eualus macilentus,8/8/2024,15:24:01,62.05151,-175.217376,Benthos,"Plumb-staff beam trawl,  2.26m opening, 7-mm mesh net, 4-mm cod end liner",Eualus macilentus,Species,urn:lsid:marinespecies.org:taxname:158359,"Krøyer, 1841",Animalia,Arthropoda,Malacostraca,Decapoda,Thoridae,Eualus,abundance,Individuals per 1000 square meter,14.71074061
SKQ202412S-DBO1.2,SKQ202412S-DBO1.2-Eualus,8/8/2024,15:24:01,62.05151,-175.217376,Benthos,"Plumb-staff beam trawl,  2.26m opening, 7-mm mesh net, 4-mm cod end liner",Eualus,Genus,urn:lsid:marinespecies.org:taxname:106986,"Thallwitz, 1891",Animalia,Arthropoda,Malacostraca,Decapoda,Thoridae,Eualus,abundance,Individuals per 1000 square meter,2.67468011
SKQ202412S-DBO1.2,SKQ202412S-DBO1.2-Euspira pallida,8/8/2024,15:24:01,62.05151,-175.217376,Benthos,"Plumb-staff beam trawl,  2.26m opening, 7-mm mesh net, 4-mm cod end liner",Euspira pallida,Species,urn:lsid:marinespecies.org:taxname:140536,"Broderip & G. B. Sowerby I, 1829",Animalia,Mollusca,Gastropoda,Littorinimorpha,Naticidae,Euspira,abundance,Individuals per 1000 square meter,4.012020165
SKQ202412S-DBO1.2,SKQ202412S-DBO1.2-Gersemia rubiformis,8/8/2024,15:24:01,62.05151,-175.217376,Benthos,"Plumb-staff beam trawl,  2.26m opening, 7-mm mesh net, 4-mm cod end liner",Gersemia rubiformis,Species,urn:lsid:marinespecies.org:taxname:156103,"Ehrenberg, 1834",Animalia,Cnidaria,Octocorallia,Malacalcyonacea,Alcyoniidae,Gersemia,abundance,Individuals per 1000 square meter,n/a
SKQ202412S-DBO1.2,SKQ202412S-DBO1.2-Leptasterias groenlandica,8/8/2024,15:24:01,62.05151,-175.217376,Benthos,"Plumb-staff beam trawl,  2.26m opening, 7-mm mesh net, 4-mm cod end liner",Leptasterias groenlandica,Species,urn:lsid:marinespecies.org:taxname:369176,"Steenstrup in Lutken, 1857",Animalia,Echinodermata,Asteroidea,Forcipulatida,Asteriidae,Leptasterias,abundance,Individuals per 1000 square meter,1.337340055
SKQ202412S-DBO1.2,SKQ202412S-DBO1.2-Margarites costalis,8/8/2024,15:24:01,62.05151,-175.217376,Benthos,"Plumb-staff beam trawl,  2.26m opening, 7-mm mesh net, 4-mm cod end liner",Margarites costalis,Species,urn:lsid:marinespecies.org:taxname:141819,"A. Gould, 1841",Animalia,Mollusca,Gastropoda,Trochida,Margaritidae,Margarites,abundance,Individuals per 1000 square meter,2.67468011
SKQ202412S-DBO1.2,SKQ202412S-DBO1.2-Melita formosa,8/8/2024,15:24:01,62.05151,-175.217376,Benthos,"Plumb-staff beam trawl,  2.26m opening, 7-mm mesh net, 4-mm cod end liner",Quasimelita formosa,Species,urn:lsid:marinespecies.org:taxname:423709,"Murdoch, 1885",Animalia,Arthropoda,Malacostraca,Amphipoda,Melitidae,Quasimelita,abundance,Individuals per 1000 square meter,2.67468011
SKQ202412S-DBO1.2,SKQ202412S-DBO1.2-Myriotrochus rinkii,8/8/2024,15:24:01,62.05151,-175.217376,Benthos,"Plumb-staff beam trawl,  2.26m opening, 7-mm mesh net, 4-mm cod end liner",Myriotrochus rinkii,Species,urn:lsid:marinespecies.org:taxname:124446,"Steenstrup, 1851",Animalia,Echinodermata,Holothuroidea,Apodida,Myriotrochidae,Myriotrochus,abundance,Individuals per 1000 square meter,54.83094226
SKQ202412S-DBO1.2,SKQ202412S-DBO1.2-Ophiura sarsiii,8/8/2024,15:24:01,62.05151,-175.217376,Benthos,"Plumb-staff beam trawl,  2.26m opening, 7-mm mesh net, 4-mm cod end liner",Ophiura sarsiii,Species,urn:lsid:marinespecies.org:taxname:124934,"Lütken, 1855",Animalia,Echinodermata,Ophiuroidea,Ophiurida,Ophiuridae,Ophiura,abundance,Individuals per 1000 square meter,910.7285775
SKQ202412S-DBO1.2,SKQ202412S-DBO1.2-Pagurus capillatus,8/8/2024,15:24:01,62.05151,-175.217376,Benthos,"Plumb-staff beam trawl,  2.26m opening, 7-mm mesh net, 4-mm cod end liner",Pagurus capillatus,Species,urn:lsid:marinespecies.org:taxname:254489,"Benedict, 1892",Animalia,Arthropoda,Malacostraca,Decapoda,Paguridae,Pagurus,abundance,Individuals per 1000 square meter,5.34936022
SKQ202412S-DBO1.2,SKQ202412S-DBO1.2-Pandalus borealis eous,8/8/2024,15:24:01,62.05151,-175.217376,Benthos,"Plumb-staff beam trawl,  2.26m opening, 7-mm mesh net, 4-mm cod end liner",Pandalus borealis eous,Species,urn:lsid:marinespecies.org:taxname:515463,"Makarov, 1935",Animalia,Arthropoda,Malacostraca,Decapoda,Pandalidae,Pandalus,abundance,Individuals per 1000 square meter,5.34936022
SKQ202412S-DBO1.2,SKQ202412S-DBO1.2-Stomphia,8/8/2024,15:24:01,62.05151,-175.217376,Benthos,"Plumb-staff beam trawl,  2.26m opening, 7-mm mesh net, 4-mm cod end liner",Stomphia,Genus,urn:lsid:marinespecies.org:taxname:100716,"Gosse, 1859",Animalia,Cnidaria,Hexacorallia,Actiniaria,Actinostolidae,Stomphia,abundance,Individuals per 1000 square meter,1.337340055
SKQ202412S-DBO1.2,SKQ202412S-DBO1.2-Tubularia,8/8/2024,15:24:01,62.05151,-175.217376,Benthos,"Plumb-staff beam trawl,  2.26m opening, 7-mm mesh net, 4-mm cod end liner",Tubularia,Genus,urn:lsid:marinespecies.org:taxname:117258,"Linnaeus, 1758",Animalia,Cnidaria,Hydrozoa,Anthoathecata,Tubulariidae,Tubularia,abundance,Individuals per 1000 square meter,4.012020165
SKQ202412S-DBO1.4,SKQ202412S-DBO1.4-Acanthonotozoma inflatum,8/9/2024,5:37:01,62.391471,-174.557564,Benthos,"Plumb-staff beam trawl,  2.26m opening, 7-mm mesh net, 4-mm cod end liner",Acanthonotozoma inflatum,Species,urn:lsid:marinespecies.org:taxname:101873,"Krøyer, 1842",Animalia,Arthropoda,Malacostraca,Amphipoda,Acanthonotozomatidae,Acanthonotozoma,abundance,Individuals per 1000 square meter,1.774365525
SKQ202412S-DBO1.4,SKQ202412S-DBO1.4-Admete viridula,8/9/2024,5:37:01,62.391471,-174.557564,Benthos,"Plumb-staff beam trawl,  2.26m opening, 7-mm mesh net, 4-mm cod end liner",Admete viridula,Species,urn:lsid:marinespecies.org:taxname:138969,"O. Fabricius, 1780",Animalia,Mollusca,Gastropoda,Neogastropoda,Cancellariidae,Admete,abundance,Individuals per 1000 square meter,1.774365525
SKQ202412S-DBO1.4,SKQ202412S-DBO1.4-Anonyx,8/9/2024,5:37:01,62.391471,-174.557564,Benthos,"Plumb-staff beam trawl,  2.26m opening, 7-mm mesh net, 4-mm cod end liner",Anonyx,Genus,urn:lsid:marinespecies.org:taxname:101592,"Krøyer, 1838",Animalia,Arthropoda,Malacostraca,Amphipoda,Uristidae,Anonyx,abundance,Individuals per 1000 square meter,7.097462102
SKQ202412S-DBO1.4,SKQ202412S-DBO1.4-Argis,8/9/2024,5:37:01,62.391471,-174.557564,Benthos,"Plumb-staff beam trawl,  2.26m opening, 7-mm mesh net, 4-mm cod end liner",Argis,Genus,urn:lsid:marinespecies.org:taxname:107006,"Krøyer, 1843",Animalia,Arthropoda,Malacostraca,Decapoda,Crangonidae,Argis,abundance,Individuals per 1000 square meter,5.323096576
SKQ202412S-DBO1.4,SKQ202412S-DBO1.4-Arrhys luthkei,8/9/2024,5:37:01,62.391471,-174.557564,Benthos,"Plumb-staff beam trawl,  2.26m opening, 7-mm mesh net, 4-mm cod end liner",Arrhys luthkei,Species,urn:lsid:marinespecies.org:taxname:423163,"Gurjanova, 1936",Animalia,Arthropoda,Malacostraca,Amphipoda,Oedicerotidae,Arrhis,abundance,Individuals per 1000 square meter,26.61548288
SKQ202412S-DBO1.4,SKQ202412S-DBO1.4-Arrhys phylonyx,8/9/2024,5:37:01,62.391471,-174.557564,Benthos,"Plumb-staff beam trawl,  2.26m opening, 7-mm mesh net, 4-mm cod end liner",Arrhys phylonyx,Species,urn:lsid:marinespecies.org:taxname:102870,"M. Sars, 1858",Animalia,Arthropoda,Malacostraca,Amphipoda,Oedicerotidae,Arrhis,abundance,Individuals per 1000 square meter,69.20025549
SKQ202412S-DBO1.4,SKQ202412S-DBO1.4-Brada villosa,8/9/2024,5:37:01,62.391471,-174.557564,Benthos,"Plumb-staff beam trawl,  2.26m opening, 7-mm mesh net, 4-mm cod end liner",Bradabyssa villosa,Species,urn:lsid:marinespecies.org:taxname:1355594,"Rathke, 1843",Animalia,Annelida,Polychaeta,Terebellida,Flabelligeridae,Bradabyssa,abundance,Individuals per 1000 square meter,1.774365525
SKQ202412S-DBO1.4,SKQ202412S-DBO1.4-Bryozoa soft lobed,8/9/2024,5:37:01,62.391471,-174.557564,Benthos,"Plumb-staff beam trawl,  2.26m opening, 7-mm mesh net, 4-mm cod end liner",Bryozoa soft lobed,Phylum,urn:lsid:marinespecies.org:taxname:146142,n/a,Animalia,Bryozoa,n/a,n/a,n/a,n/a,abundance,Individuals per 1000 square meter,n/a
SKQ202412S-DBO1.4,SKQ202412S-DBO1.4-Buccinum plectrum,8/9/2024,5:37:01,62.391471,-174.557564,Benthos,"Plumb-staff beam trawl,  2.26m opening, 7-mm mesh net, 4-mm cod end liner",Buccinum plectrum,Species,urn:lsid:marinespecies.org:taxname:160127,"W. Stimpson, 1865",Animalia,Mollusca,Gastropoda,Neogastropoda,Buccinidae,Buccinum,abundance,Individuals per 1000 square meter,3.548731051
SKQ202412S-DBO1.4,SKQ202412S-DBO1.4-Buccinum polare,8/9/2024,5:37:01,62.391471,-174.557564,Benthos,"Plumb-staff beam trawl,  2.26m opening, 7-mm mesh net, 4-mm cod end liner",Buccinum polare,Species,urn:lsid:marinespecies.org:taxname:138873,"Gray, 1839",Animalia,Mollusca,Gastropoda,Neogastropoda,Buccinidae,Buccinum,abundance,Individuals per 1000 square meter,3.548731051
SKQ202412S-DBO1.4,SKQ202412S-DBO1.4-Chionoecetes opilio,8/9/2024,5:37:01,62.391471,-174.557564,Benthos,"Plumb-staff beam trawl,  2.26m opening, 7-mm mesh net, 4-mm cod end liner",Chionoecetes opilio,Species,urn:lsid:marinespecies.org:taxname:107315,"Fabricius, 1788",Animalia,Arthropoda,Malacostraca,Decapoda,Oregoniidae,Chionoecetes,abundance,Individuals per 1000 square meter,10.64619315
SKQ202412S-DBO1.4,SKQ202412S-DBO1.4-Cryptonatica affinis,8/9/2024,5:37:01,62.391471,-174.557564,Benthos,"Plumb-staff beam trawl,  2.26m opening, 7-mm mesh net, 4-mm cod end liner",Cryptonatica affinis,Species,urn:lsid:marinespecies.org:taxname:140525,"Gmelin, 1791",Animalia,Mollusca,Gastropoda,Littorinimorpha,Naticidae,Cryptonatica,abundance,Individuals per 1000 square meter,46.13350366
SKQ202412S-DBO1.4,SKQ202412S-DBO1.4-Eualus gaimardii ,8/9/2024,5:37:01,62.391471,-174.557564,Benthos,"Plumb-staff beam trawl,  2.26m opening, 7-mm mesh net, 4-mm cod end liner",Eualus gaimardii ,Species,urn:lsid:marinespecies.org:taxname:107504,"H. Milne Edwards, 1837",Animalia,Arthropoda,Malacostraca,Decapoda,Thoridae,Eualus,abundance,Individuals per 1000 square meter,33.71294498
SKQ202412S-DBO1.4,SKQ202412S-DBO1.4-Eualus macilentus,8/9/2024,5:37:01,62.391471,-174.557564,Benthos,"Plumb-staff beam trawl,  2.26m opening, 7-mm mesh net, 4-mm cod end liner",Eualus macilentus,Species,urn:lsid:marinespecies.org:taxname:158359,"Krøyer, 1841",Animalia,Arthropoda,Malacostraca,Decapoda,Thoridae,Eualus,abundance,Individuals per 1000 square meter,31.93857946
SKQ202412S-DBO1.4,SKQ202412S-DBO1.4-Eualus,8/9/2024,5:37:01,62.391471,-174.557564,Benthos,"Plumb-staff beam trawl,  2.26m opening, 7-mm mesh net, 4-mm cod end liner",Eualus,Genus,urn:lsid:marinespecies.org:taxname:106986,"Thallwitz, 1891",Animalia,Arthropoda,Malacostraca,Decapoda,Thoridae,Eualus,abundance,Individuals per 1000 square meter,10.64619315
SKQ202412S-DBO1.4,SKQ202412S-DBO1.4-Eucratea loricata,8/9/2024,5:37:01,62.391471,-174.557564,Benthos,"Plumb-staff beam trawl,  2.26m opening, 7-mm mesh net, 4-mm cod end liner",Eucratea loricata,Species,urn:lsid:marinespecies.org:taxname:111361,"Linnaeus, 1758",Animalia,Bryozoa,Gymnolaemata,Cheilostomatida,Eucrateidae,Eucratea,abundance,Individuals per 1000 square meter,n/a
SKQ202412S-DBO1.4,SKQ202412S-DBO1.4-Euspira pallida,8/9/2024,5:37:01,62.391471,-174.557564,Benthos,"Plumb-staff beam trawl,  2.26m opening, 7-mm mesh net, 4-mm cod end liner",Euspira pallida,Species,urn:lsid:marinespecies.org:taxname:140536,"Broderip & G. B. Sowerby I, 1829",Animalia,Mollusca,Gastropoda,Littorinimorpha,Naticidae,Euspira,abundance,Individuals per 1000 square meter,17.74365525
SKQ202412S-DBO1.4,SKQ202412S-DBO1.4-Gattyana ciliata,8/9/2024,5:37:01,62.391471,-174.557564,Benthos,"Plumb-staff beam trawl,  2.26m opening, 7-mm mesh net, 4-mm cod end liner",Gattyana ciliata,Species,urn:lsid:marinespecies.org:taxname:254456,"Moore, 1902",Animalia,Annelida,Polychaeta,Phyllodocida,Polynoidae,Gattyana,abundance,Individuals per 1000 square meter,1.774365525
SKQ202412S-DBO1.4,SKQ202412S-DBO1.4-Gersemia rubiformis,8/9/2024,5:37:01,62.391471,-174.557564,Benthos,"Plumb-staff beam trawl,  2.26m opening, 7-mm mesh net, 4-mm cod end liner",Gersemia rubiformis,Species,urn:lsid:marinespecies.org:taxname:156103,"Ehrenberg, 1834",Animalia,Cnidaria,Octocorallia,Malacalcyonacea,Alcyoniidae,Gersemia,abundance,Individuals per 1000 square meter,n/a
SKQ202412S-DBO1.4,SKQ202412S-DBO1.4-Harmothoe imbricata,8/9/2024,5:37:01,62.391471,-174.557564,Benthos,"Plumb-staff beam trawl,  2.26m opening, 7-mm mesh net, 4-mm cod end liner",Harmothoe imbricata,Species,urn:lsid:marinespecies.org:taxname:130769,"Linnaeus, 1767",Animalia,Annelida,Polychaeta,Phyllodocida,Polynoidae,Harmothoe,abundance,Individuals per 1000 square meter,1.774365525
SKQ202412S-DBO1.4,SKQ202412S-DBO1.4-Leptasterias groenlandica,8/9/2024,5:37:01,62.391471,-174.557564,Benthos,"Plumb-staff beam trawl,  2.26m opening, 7-mm mesh net, 4-mm cod end liner",Leptasterias groenlandica,Species,urn:lsid:marinespecies.org:taxname:369176,"Steenstrup in Lutken, 1857",Animalia,Echinodermata,Asteroidea,Forcipulatida,Asteriidae,Leptasterias,abundance,Individuals per 1000 square meter,1.774365525
SKQ202412S-DBO1.4,SKQ202412S-DBO1.4-Leptasterias polaris,8/9/2024,5:37:01,62.391471,-174.557564,Benthos,"Plumb-staff beam trawl,  2.26m opening, 7-mm mesh net, 4-mm cod end liner",Leptasterias (Hexasterias) polaris,Species,urn:lsid:marinespecies.org:taxname:125154,"Müller & Troschel, 1842",Animalia,Echinodermata,Asteroidea,Forcipulatida,Asteriidae,Leptasterias (Hexasterias),abundance,Individuals per 1000 square meter,3.548731051
SKQ202412S-DBO1.4,SKQ202412S-DBO1.4-Melita formosa,8/9/2024,5:37:01,62.391471,-174.557564,Benthos,"Plumb-staff beam trawl,  2.26m opening, 7-mm mesh net, 4-mm cod end liner",Quasimelita formosa,Species,urn:lsid:marinespecies.org:taxname:423709,"Murdoch, 1885",Animalia,Arthropoda,Malacostraca,Amphipoda,Melitidae,Quasimelita,abundance,Individuals per 1000 square meter,1.774365525
SKQ202412S-DBO1.4,SKQ202412S-DBO1.4-Myriotrochus rinkii,8/9/2024,5:37:01,62.391471,-174.557564,Benthos,"Plumb-staff beam trawl,  2.26m opening, 7-mm mesh net, 4-mm cod end liner",Myriotrochus rinkii,Species,urn:lsid:marinespecies.org:taxname:124446,"Steenstrup, 1851",Animalia,Echinodermata,Holothuroidea,Apodida,Myriotrochidae,Myriotrochus,abundance,Individuals per 1000 square meter,65.65152444
SKQ202412S-DBO1.4,SKQ202412S-DBO1.4-Nemertea,8/9/2024,5:37:01,62.391471,-174.557564,Benthos,"Plumb-staff beam trawl,  2.26m opening, 7-mm mesh net, 4-mm cod end liner",Nemertea,Phylum,urn:lsid:marinespecies.org:taxname:152391,n/a,Animalia,Nemertea,n/a,n/a,n/a,n/a,abundance,Individuals per 1000 square meter,23.06675183
SKQ202412S-DBO1.4,SKQ202412S-DBO1.4-Neptunea heros,8/9/2024,5:37:01,62.391471,-174.557564,Benthos,"Plumb-staff beam trawl,  2.26m opening, 7-mm mesh net, 4-mm cod end liner",Neptunea heros,Species,urn:lsid:marinespecies.org:taxname:254479,"J. E. Gray, 1850",Animalia,Mollusca,Gastropoda,Neogastropoda,Buccinidae,Neptunea,abundance,Individuals per 1000 square meter,1.774365525
SKQ202412S-DBO1.4,SKQ202412S-DBO1.4-Obseotoma tenuilirata,8/9/2024,5:37:01,62.391471,-174.557564,Benthos,"Plumb-staff beam trawl,  2.26m opening, 7-mm mesh net, 4-mm cod end liner",Obesotoma tenuilirata ,Species,urn:lsid:marinespecies.org:taxname:423564  ,"Dall, 1871",Animalia,Mollusca,Gastropoda,Neogastropoda,Mangeliidae,Obesotoma,abundance,Individuals per 1000 square meter,3.548731051
SKQ202412S-DBO1.4,SKQ202412S-DBO1.4-Ophiura sarsiii,8/9/2024,5:37:01,62.391471,-174.557564,Benthos,"Plumb-staff beam trawl,  2.26m opening, 7-mm mesh net, 4-mm cod end liner",Ophiura sarsiii,Species,urn:lsid:marinespecies.org:taxname:124934,"Lütken, 1855",Animalia,Echinodermata,Ophiuroidea,Ophiurida,Ophiuridae,Ophiura,abundance,Individuals per 1000 square meter,13698.10186
SKQ202412S-DBO1.4,SKQ202412S-DBO1.4-Pandalus goniurus,8/9/2024,5:37:01,62.391471,-174.557564,Benthos,"Plumb-staff beam trawl,  2.26m opening, 7-mm mesh net, 4-mm cod end liner",Pandalus goniurus,Species,urn:lsid:marinespecies.org:taxname:254483,"Stimpson, 1860",Animalia,Arthropoda,Malacostraca,Decapoda,Pandalidae,Pandalus,abundance,Individuals per 1000 square meter,1.774365525
SKQ202412S-DBO1.4,SKQ202412S-DBO1.4-Paramphithoe polyacantha,8/9/2024,5:37:01,62.391471,-174.557564,Benthos,"Plumb-staff beam trawl,  2.26m opening, 7-mm mesh net, 4-mm cod end liner",Paramphithoe polyacantha,Species,urn:lsid:marinespecies.org:taxname:102154,"Murdoch, 1885",Animalia,Arthropoda,Malacostraca,Amphipoda,Paramphithoidae,Paramphithoe,abundance,Individuals per 1000 square meter,1.774365525
SKQ202412S-DBO1.4,SKQ202412S-DBO1.4-Pontoporeia femorata,8/9/2024,5:37:01,62.391471,-174.557564,Benthos,"Plumb-staff beam trawl,  2.26m opening, 7-mm mesh net, 4-mm cod end liner",Pontoporeia femorata,Species,urn:lsid:marinespecies.org:taxname:103079,"Krøyer, 1842",Animalia,Arthropoda,Malacostraca,Amphipoda,Pontoporeiidae,Pontoporeia,abundance,Individuals per 1000 square meter,12.42055868
SKQ202412S-DBO1.4,SKQ202412S-DBO1.4-Propebela nobilis,8/9/2024,5:37:01,62.391471,-174.557564,Benthos,"Plumb-staff beam trawl,  2.26m opening, 7-mm mesh net, 4-mm cod end liner",Propebela nobilis,Species,urn:lsid:marinespecies.org:taxname:160450,"Møller, 1842",Animalia,Mollusca,Gastropoda,Neogastropoda,Mangeliidae,Propebela,abundance,Individuals per 1000 square meter,1.774365525
SKQ202412S-DBO1.4,SKQ202412S-DBO1.4-Sertularia robusta,8/9/2024,5:37:01,62.391471,-174.557564,Benthos,"Plumb-staff beam trawl,  2.26m opening, 7-mm mesh net, 4-mm cod end liner",Sertularia robusta,Species,urn:lsid:marinespecies.org:taxname:117923,"Clark, 1877",Animalia,Cnidaria,Hydrozoa,Leptothecata,Sertulariidae,Sertularia,abundance,Individuals per 1000 square meter,5.323096576
SKQ202412S-DBO1.4,SKQ202412S-DBO1.4-Spirontocaris,8/9/2024,5:37:01,62.391471,-174.557564,Benthos,"Plumb-staff beam trawl,  2.26m opening, 7-mm mesh net, 4-mm cod end liner",Spirontocaris,Genus,urn:lsid:marinespecies.org:taxname:106994,"Spence Bate, 1888",Animalia,Arthropoda,Malacostraca,Decapoda,Thoridae,Spirontocaris,abundance,Individuals per 1000 square meter,1.774365525
SKQ202412S-DBO1.4,SKQ202412S-DBO1.4-Stegocephalidae,8/9/2024,5:37:01,62.391471,-174.557564,Benthos,"Plumb-staff beam trawl,  2.26m opening, 7-mm mesh net, 4-mm cod end liner",Stegocephalidae,Family,urn:lsid:marinespecies.org:taxname:101408,"Dana, 1852",Animalia,Arthropoda,Malacostraca,Amphipoda,Stegocephalidae,n/a,abundance,Individuals per 1000 square meter,1.774365525
SKQ202412S-DBO1.4,SKQ202412S-DBO1.4-Stomphia,8/9/2024,5:37:01,62.391471,-174.557564,Benthos,"Plumb-staff beam trawl,  2.26m opening, 7-mm mesh net, 4-mm cod end liner",Stomphia,Genus,urn:lsid:marinespecies.org:taxname:100716,"Gosse, 1859",Animalia,Cnidaria,Hexacorallia,Actiniaria,Actinostolidae,Stomphia,abundance,Individuals per 1000 square meter,14.1949242
SKQ202412S-DBO1.4,SKQ202412S-DBO1.4-Tubularia,8/9/2024,5:37:01,62.391471,-174.557564,Benthos,"Plumb-staff beam trawl,  2.26m opening, 7-mm mesh net, 4-mm cod end liner",Tubularia,Genus,urn:lsid:marinespecies.org:taxname:117258,"Linnaeus, 1758",Animalia,Cnidaria,Hydrozoa,Anthoathecata,Tubulariidae,Tubularia,abundance,Individuals per 1000 square meter,1.774365525
SKQ202412S-DBO1.8,SKQ202412S-DBO1.8-Admete solida,8/9/2024,19:19:01,63.03474,-173.457279,Benthos,"Plumb-staff beam trawl,  2.26m opening, 7-mm mesh net, 4-mm cod end liner",Admete solida,Species,urn:lsid:marinespecies.org:taxname:576338,"Aurivillius, 1885",Animalia,Mollusca,Gastropoda,Neogastropoda,Cancellariidae,Admete,abundance,Individuals per 1000 square meter,91.94339591
SKQ202412S-DBO1.8,SKQ202412S-DBO1.8-Actiniaria,8/9/2024,19:19:01,63.03474,-173.457279,Benthos,"Plumb-staff beam trawl,  2.26m opening, 7-mm mesh net, 4-mm cod end liner",Actiniaria,Order,urn:lsid:marinespecies.org:taxname:1360,"Hertwig, 1882",Animalia,Cnidaria,Hexacorallia,Actiniaria,n/a,n/a,abundance,Individuals per 1000 square meter,12.14346738
SKQ202412S-DBO1.8,SKQ202412S-DBO1.8-Anomalisipho martensi,8/9/2024,19:19:01,63.03474,-173.457279,Benthos,"Plumb-staff beam trawl,  2.26m opening, 7-mm mesh net, 4-mm cod end liner",Anomalisipho martensi,Species,urn:lsid:marinespecies.org:taxname:821662,"A. Krause, 1885",Animalia,Mollusca,Gastropoda,Neogastropoda,Buccinidae,Anomalisipho,abundance,Individuals per 1000 square meter,3.46956211
SKQ202412S-DBO1.8,SKQ202412S-DBO1.8-Anonyx,8/9/2024,19:19:01,63.03474,-173.457279,Benthos,"Plumb-staff beam trawl,  2.26m opening, 7-mm mesh net, 4-mm cod end liner",Anonyx,Genus,urn:lsid:marinespecies.org:taxname:101592,"Krøyer, 1838",Animalia,Arthropoda,Malacostraca,Amphipoda,Uristidae,Anonyx,abundance,Individuals per 1000 square meter,38.16518321
SKQ202412S-DBO1.8,SKQ202412S-DBO1.8-Argis,8/9/2024,19:19:01,63.03474,-173.457279,Benthos,"Plumb-staff beam trawl,  2.26m opening, 7-mm mesh net, 4-mm cod end liner",Argis,Genus,urn:lsid:marinespecies.org:taxname:107006,"Krøyer, 1843",Animalia,Arthropoda,Malacostraca,Decapoda,Crangonidae,Argis,abundance,Individuals per 1000 square meter,3.46956211
SKQ202412S-DBO1.8,SKQ202412S-DBO1.8-Arrhys luthkei,8/9/2024,19:19:01,63.03474,-173.457279,Benthos,"Plumb-staff beam trawl,  2.26m opening, 7-mm mesh net, 4-mm cod end liner",Arrhys luthkei,Species,urn:lsid:marinespecies.org:taxname:423163,"Gurjanova, 1936",Animalia,Arthropoda,Malacostraca,Amphipoda,Oedicerotidae,Arrhis,abundance,Individuals per 1000 square meter,145.7216086
SKQ202412S-DBO1.8,SKQ202412S-DBO1.8-Balanus crenatus,8/9/2024,19:19:01,63.03474,-173.457279,Benthos,"Plumb-staff beam trawl,  2.26m opening, 7-mm mesh net, 4-mm cod end liner",Balanus crenatus,Species,urn:lsid:marinespecies.org:taxname:106215,"Bruguière, 1789",Animalia,Arthropoda,Thecostraca,Balanomorpha,Balanidae,Balanus,abundance,Individuals per 1000 square meter,n/a
SKQ202412S-DBO1.8,SKQ202412S-DBO1.8-Chionoecetes opilio,8/9/2024,19:19:01,63.03474,-173.457279,Benthos,"Plumb-staff beam trawl,  2.26m opening, 7-mm mesh net, 4-mm cod end liner",Chionoecetes opilio,Species,urn:lsid:marinespecies.org:taxname:107315,"Fabricius, 1788",Animalia,Arthropoda,Malacostraca,Decapoda,Oregoniidae,Chionoecetes,abundance,Individuals per 1000 square meter,8.673905274
SKQ202412S-DBO1.8,SKQ202412S-DBO1.8-Cistenides hyperborea,8/9/2024,19:19:01,63.03474,-173.457279,Benthos,"Plumb-staff beam trawl,  2.26m opening, 7-mm mesh net, 4-mm cod end liner",Cistenides hyperborea,Species,urn:lsid:marinespecies.org:taxname:157317,"Malmgren, 1866",Animalia,Annelida,Polychaeta,Terebellida,Pectinariidae,Cistenides,abundance,Individuals per 1000 square meter,91.94339591
SKQ202412S-DBO1.8,SKQ202412S-DBO1.8-Cryptonatica affinis,8/9/2024,19:19:01,63.03474,-173.457279,Benthos,"Plumb-staff beam trawl,  2.26m opening, 7-mm mesh net, 4-mm cod end liner",Cryptonatica affinis,Species,urn:lsid:marinespecies.org:taxname:140525,"Gmelin, 1791",Animalia,Mollusca,Gastropoda,Littorinimorpha,Naticidae,Cryptonatica,abundance,Individuals per 1000 square meter,100.6173012
SKQ202412S-DBO1.8,SKQ202412S-DBO1.8-Cylichna alba,8/9/2024,19:19:01,63.03474,-173.457279,Benthos,"Plumb-staff beam trawl,  2.26m opening, 7-mm mesh net, 4-mm cod end liner",Cylichna alba,Species,urn:lsid:marinespecies.org:taxname:139474,"T. Brown, 1827",Animalia,Mollusca,Gastropoda,Cephalaspidea,Cylichnidae,Cylichna,abundance,Individuals per 1000 square meter,225.5215371
SKQ202412S-DBO1.8,SKQ202412S-DBO1.8-Cylichnoides occultus,8/9/2024,19:19:01,63.03474,-173.457279,Benthos,"Plumb-staff beam trawl,  2.26m opening, 7-mm mesh net, 4-mm cod end liner",Cylichnoides occultus,Species,urn:lsid:marinespecies.org:taxname:884604,"Mighels & C. B. Adams, 1842",Animalia,Mollusca,Gastropoda,Cephalaspidea,Eoscaphandridae,Cylichnoides,abundance,Individuals per 1000 square meter,43.36952637
SKQ202412S-DBO1.8,SKQ202412S-DBO1.8-Eualus gaimardii ,8/9/2024,19:19:01,63.03474,-173.457279,Benthos,"Plumb-staff beam trawl,  2.26m opening, 7-mm mesh net, 4-mm cod end liner",Eualus gaimardii ,Species,urn:lsid:marinespecies.org:taxname:107504,"H. Milne Edwards, 1837",Animalia,Arthropoda,Malacostraca,Decapoda,Thoridae,Eualus,abundance,Individuals per 1000 square meter,6.939124219
SKQ202412S-DBO1.8,SKQ202412S-DBO1.8-Eualus macilentus,8/9/2024,19:19:01,63.03474,-173.457279,Benthos,"Plumb-staff beam trawl,  2.26m opening, 7-mm mesh net, 4-mm cod end liner",Eualus macilentus,Species,urn:lsid:marinespecies.org:taxname:158359,"Krøyer, 1841",Animalia,Arthropoda,Malacostraca,Decapoda,Thoridae,Eualus,abundance,Individuals per 1000 square meter,65.92168008
SKQ202412S-DBO1.8,SKQ202412S-DBO1.8-Euspira pallida,8/9/2024,19:19:01,63.03474,-173.457279,Benthos,"Plumb-staff beam trawl,  2.26m opening, 7-mm mesh net, 4-mm cod end liner",Euspira pallida,Species,urn:lsid:marinespecies.org:taxname:140536,"Broderip & G. B. Sowerby I, 1829",Animalia,Mollusca,Gastropoda,Littorinimorpha,Naticidae,Euspira,abundance,Individuals per 1000 square meter,1.734781055
SKQ202412S-DBO1.8,SKQ202412S-DBO1.8-Gattyana ciliata,8/9/2024,19:19:01,63.03474,-173.457279,Benthos,"Plumb-staff beam trawl,  2.26m opening, 7-mm mesh net, 4-mm cod end liner",Gattyana ciliata,Species,urn:lsid:marinespecies.org:taxname:254456,"Moore, 1902",Animalia,Annelida,Polychaeta,Phyllodocida,Polynoidae,Gattyana,abundance,Individuals per 1000 square meter,1.734781055
SKQ202412S-DBO1.8,SKQ202412S-DBO1.8-Harmothoe imbricata,8/9/2024,19:19:01,63.03474,-173.457279,Benthos,"Plumb-staff beam trawl,  2.26m opening, 7-mm mesh net, 4-mm cod end liner",Harmothoe imbricata,Species,urn:lsid:marinespecies.org:taxname:130769,"Linnaeus, 1767",Animalia,Annelida,Polychaeta,Phyllodocida,Polynoidae,Harmothoe,abundance,Individuals per 1000 square meter,3.46956211
SKQ202412S-DBO1.8,SKQ202412S-DBO1.8-Margarites costalis,8/9/2024,19:19:01,63.03474,-173.457279,Benthos,"Plumb-staff beam trawl,  2.26m opening, 7-mm mesh net, 4-mm cod end liner",Margarites costalis,Species,urn:lsid:marinespecies.org:taxname:141819,"A. Gould, 1841",Animalia,Mollusca,Gastropoda,Trochida,Margaritidae,Margarites,abundance,Individuals per 1000 square meter,17.34781055
SKQ202412S-DBO1.8,SKQ202412S-DBO1.8-Myriotrochus rinkii,8/9/2024,19:19:01,63.03474,-173.457279,Benthos,"Plumb-staff beam trawl,  2.26m opening, 7-mm mesh net, 4-mm cod end liner",Myriotrochus rinkii,Species,urn:lsid:marinespecies.org:taxname:124446,"Steenstrup, 1851",Animalia,Echinodermata,Holothuroidea,Apodida,Myriotrochidae,Myriotrochus,abundance,Individuals per 1000 square meter,376.4474889
SKQ202412S-DBO1.8,SKQ202412S-DBO1.8-Nemertea,8/9/2024,19:19:01,63.03474,-173.457279,Benthos,"Plumb-staff beam trawl,  2.26m opening, 7-mm mesh net, 4-mm cod end liner",Nemertea,Phylum,urn:lsid:marinespecies.org:taxname:152391,n/a,Animalia,Nemertea,n/a,n/a,n/a,n/a,abundance,Individuals per 1000 square meter,206.4389455
SKQ202412S-DBO1.8,SKQ202412S-DBO1.8-Obseotoma tenuilirata,8/9/2024,19:19:01,63.03474,-173.457279,Benthos,"Plumb-staff beam trawl,  2.26m opening, 7-mm mesh net, 4-mm cod end liner",Obesotoma tenuilirata ,Species,urn:lsid:marinespecies.org:taxname:423564  ,"Dall, 1871",Animalia,Mollusca,Gastropoda,Neogastropoda,Mangeliidae,Obesotoma,abundance,Individuals per 1000 square meter,1.734781055
SKQ202412S-DBO1.8,SKQ202412S-DBO1.8-Ophiura sarsiii,8/9/2024,19:19:01,63.03474,-173.457279,Benthos,"Plumb-staff beam trawl,  2.26m opening, 7-mm mesh net, 4-mm cod end liner",Ophiura sarsiii,Species,urn:lsid:marinespecies.org:taxname:124934,"Lütken, 1855",Animalia,Echinodermata,Ophiuroidea,Ophiurida,Ophiuridae,Ophiura,abundance,Individuals per 1000 square meter,29878.13411
SKQ202412S-DBO1.8,SKQ202412S-DBO1.8-Pandalus goniurus,8/9/2024,19:19:01,63.03474,-173.457279,Benthos,"Plumb-staff beam trawl,  2.26m opening, 7-mm mesh net, 4-mm cod end liner",Pandalus goniurus,Species,urn:lsid:marinespecies.org:taxname:254483,"Stimpson, 1860",Animalia,Arthropoda,Malacostraca,Decapoda,Pandalidae,Pandalus,abundance,Individuals per 1000 square meter,1.734781055
SKQ202412S-DBO1.8,SKQ202412S-DBO1.8-Pontoporeia femorata,8/9/2024,19:19:01,63.03474,-173.457279,Benthos,"Plumb-staff beam trawl,  2.26m opening, 7-mm mesh net, 4-mm cod end liner",Pontoporeia femorata,Species,urn:lsid:marinespecies.org:taxname:103079,"Krøyer, 1842",Animalia,Arthropoda,Malacostraca,Amphipoda,Pontoporeiidae,Pontoporeia,abundance,Individuals per 1000 square meter,6.939124219
SKQ202412S-DBO1.8,SKQ202412S-DBO1.8-Propebela arctica,8/9/2024,19:19:01,63.03474,-173.457279,Benthos,"Plumb-staff beam trawl,  2.26m opening, 7-mm mesh net, 4-mm cod end liner",Propebela arctica,Species,urn:lsid:marinespecies.org:taxname:367571,"A. Adams, 1855",Animalia,Mollusca,Gastropoda,Neogastropoda,Mangeliidae,Propebela,abundance,Individuals per 1000 square meter,1.734781055
SKQ202412S-DBO1.8,SKQ202412S-DBO1.8-Synidotea bicuspida,8/9/2024,19:19:01,63.03474,-173.457279,Benthos,"Plumb-staff beam trawl,  2.26m opening, 7-mm mesh net, 4-mm cod end liner",Synidotea bicuspida,Species,urn:lsid:marinespecies.org:taxname:156445,"Owen, 1839",Animalia,Arthropoda,Malacostraca,Isopoda,Idoteidae,Synidotea,abundance,Individuals per 1000 square meter,1.734781055
SKQ202412S-DBO1.8,SKQ202412S-DBO1.8-Synidotea,8/9/2024,19:19:01,63.03474,-173.457279,Benthos,"Plumb-staff beam trawl,  2.26m opening, 7-mm mesh net, 4-mm cod end liner",Synidotea,Genus,urn:lsid:marinespecies.org:taxname:118456,"Harger, 1878",Animalia,Arthropoda,Malacostraca,Isopoda,Idoteidae,Synidotea,abundance,Individuals per 1000 square meter,5.204343164
SKQ202412S-DBO1.8,SKQ202412S-DBO1.8-Tachyrhynchus erosus,8/9/2024,19:19:01,63.03474,-173.457279,Benthos,"Plumb-staff beam trawl,  2.26m opening, 7-mm mesh net, 4-mm cod end liner",Tachyrhynchus erosus,Species,urn:lsid:marinespecies.org:taxname:196391,"Couthouy, 1838",Animalia,Mollusca,Gastropoda,Caenogastropoda incertae sedis,Turritellidae,Tachyrhynchus,abundance,Individuals per 1000 square meter,32.96084004
SKQ202412S-DBO2.3,SKQ202412S-DBO2.3-Alcyonidium gelatinosum,8/11/2024,4:11:00,64.670666,-168.243804,Benthos,"Plumb-staff beam trawl,  2.26m opening, 7-mm mesh net, 4-mm cod end liner",Alcyonidium gelatinosum,Species,urn:lsid:marinespecies.org:taxname:111600,"Linnaeus, 1761",Animalia,Bryozoa,Gymnolaemata,Ctenostomatida,Alcyonidiidae,Alcyonidium,abundance,Individuals per 1000 square meter,n/a
SKQ202412S-DBO2.3,SKQ202412S-DBO2.3-Actiniaria,8/11/2024,4:11:00,64.670666,-168.243804,Benthos,"Plumb-staff beam trawl,  2.26m opening, 7-mm mesh net, 4-mm cod end liner",Actiniaria,Order,urn:lsid:marinespecies.org:taxname:1360,"Hertwig, 1882",Animalia,Cnidaria,Hexacorallia,Actiniaria,n/a,n/a,abundance,Individuals per 1000 square meter,71.97430423
SKQ202412S-DBO2.3,SKQ202412S-DBO2.3-Arctonoe vittata,8/11/2024,4:11:00,64.670666,-168.243804,Benthos,"Plumb-staff beam trawl,  2.26m opening, 7-mm mesh net, 4-mm cod end liner",Arctonoe vittata,Species,urn:lsid:marinespecies.org:taxname:254301,"Grube, 1855",Animalia,Annelida,Polychaeta,Phyllodocida,Polynoidae,Arctonoe,abundance,Individuals per 1000 square meter,1.755470835
SKQ202412S-DBO2.3,SKQ202412S-DBO2.3-Argis,8/11/2024,4:11:00,64.670666,-168.243804,Benthos,"Plumb-staff beam trawl,  2.26m opening, 7-mm mesh net, 4-mm cod end liner",Argis,Genus,urn:lsid:marinespecies.org:taxname:107006,"Krøyer, 1843",Animalia,Arthropoda,Malacostraca,Decapoda,Crangonidae,Argis,abundance,Individuals per 1000 square meter,78.99618757
SKQ202412S-DBO2.3,SKQ202412S-DBO2.3-Balanus crenatus,8/11/2024,4:11:00,64.670666,-168.243804,Benthos,"Plumb-staff beam trawl,  2.26m opening, 7-mm mesh net, 4-mm cod end liner",Balanus crenatus,Species,urn:lsid:marinespecies.org:taxname:106215,"Bruguière, 1789",Animalia,Arthropoda,Thecostraca,Balanomorpha,Balanidae,Balanus,abundance,Individuals per 1000 square meter,n/a
SKQ202412S-DBO2.3,SKQ202412S-DBO2.3-Bryozoa soft lobed,8/11/2024,4:11:00,64.670666,-168.243804,Benthos,"Plumb-staff beam trawl,  2.26m opening, 7-mm mesh net, 4-mm cod end liner",Bryozoa soft lobed,Phylum,urn:lsid:marinespecies.org:taxname:146142,n/a,Animalia,Bryozoa,n/a,n/a,n/a,n/a,abundance,Individuals per 1000 square meter,n/a
SKQ202412S-DBO2.3,SKQ202412S-DBO2.3-Bryozoa,8/11/2024,4:11:00,64.670666,-168.243804,Benthos,"Plumb-staff beam trawl,  2.26m opening, 7-mm mesh net, 4-mm cod end liner",Bryozoa,Phylum,urn:lsid:marinespecies.org:taxname:146142,n/a,Animalia,Bryozoa,n/a,n/a,n/a,n/a,abundance,Individuals per 1000 square meter,n/a
SKQ202412S-DBO2.3,SKQ202412S-DBO2.3-Candelabrum,8/11/2024,4:11:00,64.670666,-168.243804,Benthos,"Plumb-staff beam trawl,  2.26m opening, 7-mm mesh net, 4-mm cod end liner",Candelabrum,Genus,urn:lsid:marinespecies.org:taxname:117046,"de Blainville, 1830",Animalia,Cnidaria,Hydrozoa,Anthoathecata,Candelabridae,Candelabrum,abundance,Individuals per 1000 square meter,3.51094167
SKQ202412S-DBO2.3,SKQ202412S-DBO2.3-Caprellidae,8/11/2024,4:11:00,64.670666,-168.243804,Benthos,"Plumb-staff beam trawl,  2.26m opening, 7-mm mesh net, 4-mm cod end liner",Caprellidae,Genus,urn:lsid:marinespecies.org:taxname:101361,"Leach, 1814",Animalia,Arthropoda,Malacostraca,Amphipoda,Caprellidae,n/a,abundance,Individuals per 1000 square meter,1.755470835
SKQ202412S-DBO2.3,SKQ202412S-DBO2.3-Chionoecetes opilio,8/11/2024,4:11:00,64.670666,-168.243804,Benthos,"Plumb-staff beam trawl,  2.26m opening, 7-mm mesh net, 4-mm cod end liner",Chionoecetes opilio,Species,urn:lsid:marinespecies.org:taxname:107315,"Fabricius, 1788",Animalia,Arthropoda,Malacostraca,Decapoda,Oregoniidae,Chionoecetes,abundance,Individuals per 1000 square meter,78.99618757
SKQ202412S-DBO2.3,SKQ202412S-DBO2.3-Distaplia alaskensis,8/11/2024,4:11:00,64.670666,-168.243804,Benthos,"Plumb-staff beam trawl,  2.26m opening, 7-mm mesh net, 4-mm cod end liner",Distaplia alaskensis,Species,urn:lsid:marinespecies.org:taxname:250424,"Lambert & Sanamyan, 2001",Animalia,Chordata,Ascidiacea,Aplousobranchia,Holozoidae,Distaplia,abundance,Individuals per 1000 square meter,n/a
SKQ202412S-DBO2.3,SKQ202412S-DBO2.3-Erichthonius,8/11/2024,4:11:00,64.670666,-168.243804,Benthos,"Plumb-staff beam trawl,  2.26m opening, 7-mm mesh net, 4-mm cod end liner",Erichthonius,Species,urn:lsid:marinespecies.org:taxname:101567,"H. Milne Edwards, 1830",Animalia,Arthropoda,Malacostraca,Amphipoda,Ischyroceridae,Erichthonius,abundance,Individuals per 1000 square meter,17.55470835
SKQ202412S-DBO2.3,SKQ202412S-DBO2.3-Eualus gaimardii ,8/11/2024,4:11:00,64.670666,-168.243804,Benthos,"Plumb-staff beam trawl,  2.26m opening, 7-mm mesh net, 4-mm cod end liner",Eualus gaimardii ,Species,urn:lsid:marinespecies.org:taxname:107504,"H. Milne Edwards, 1837",Animalia,Arthropoda,Malacostraca,Decapoda,Thoridae,Eualus,abundance,Individuals per 1000 square meter,330.028517
SKQ202412S-DBO2.3,SKQ202412S-DBO2.3-Eualus macilentus,8/11/2024,4:11:00,64.670666,-168.243804,Benthos,"Plumb-staff beam trawl,  2.26m opening, 7-mm mesh net, 4-mm cod end liner",Eualus macilentus,Species,urn:lsid:marinespecies.org:taxname:158359,"Krøyer, 1841",Animalia,Arthropoda,Malacostraca,Decapoda,Thoridae,Eualus,abundance,Individuals per 1000 square meter,59.68600839
SKQ202412S-DBO2.3,SKQ202412S-DBO2.3-Eucratea loricata,8/11/2024,4:11:00,64.670666,-168.243804,Benthos,"Plumb-staff beam trawl,  2.26m opening, 7-mm mesh net, 4-mm cod end liner",Eucratea loricata,Species,urn:lsid:marinespecies.org:taxname:111361,"Linnaeus, 1758",Animalia,Bryozoa,Gymnolaemata,Cheilostomatida,Eucrateidae,Eucratea,abundance,Individuals per 1000 square meter,n/a
SKQ202412S-DBO2.3,SKQ202412S-DBO2.3-Flabellina,8/11/2024,4:11:00,64.670666,-168.243804,Benthos,"Plumb-staff beam trawl,  2.26m opening, 7-mm mesh net, 4-mm cod end liner",Flabellina,Genus,urn:lsid:marinespecies.org:taxname:138019,"McMurtrie, 1831",Animalia,Mollusca,Gastropoda,Nudibranchia,Flabellinidae,Flabellina,abundance,Individuals per 1000 square meter,1.755470835
SKQ202412S-DBO2.3,SKQ202412S-DBO2.3-Gersemia rubiformis,8/11/2024,4:11:00,64.670666,-168.243804,Benthos,"Plumb-staff beam trawl,  2.26m opening, 7-mm mesh net, 4-mm cod end liner",Gersemia rubiformis,Species,urn:lsid:marinespecies.org:taxname:156103,"Ehrenberg, 1834",Animalia,Cnidaria,Octocorallia,Malacalcyonacea,Alcyoniidae,Gersemia,abundance,Individuals per 1000 square meter,n/a
SKQ202412S-DBO2.3,SKQ202412S-DBO2.3-Halirages,8/11/2024,4:11:00,64.670666,-168.243804,Benthos,"Plumb-staff beam trawl,  2.26m opening, 7-mm mesh net, 4-mm cod end liner",Halirages,Genus,urn:lsid:marinespecies.org:taxname:101520,"Boeck, 1871",Animalia,Arthropoda,Malacostraca,Amphipoda,Calliopiidae,Halirages,abundance,Individuals per 1000 square meter,1.755470835
SKQ202412S-DBO2.3,SKQ202412S-DBO2.3-Henricia tumida,8/11/2024,4:11:00,64.670666,-168.243804,Benthos,"Plumb-staff beam trawl,  2.26m opening, 7-mm mesh net, 4-mm cod end liner",Henricia tumida,Species,urn:lsid:marinespecies.org:taxname:369147,"Verrill, 1909",Animalia,Echinodermata,Asteroidea,Spinulosida,Echinasteridae,Henricia,abundance,Individuals per 1000 square meter,1.755470835
SKQ202412S-DBO2.3,SKQ202412S-DBO2.3-Hyas coarctatus,8/11/2024,4:11:00,64.670666,-168.243804,Benthos,"Plumb-staff beam trawl,  2.26m opening, 7-mm mesh net, 4-mm cod end liner",Hyas coarctatus,Species,urn:lsid:marinespecies.org:taxname:107323,"Leach, 1815",Animalia,Arthropoda,Malacostraca,Decapoda,Oregoniidae,Hyas,abundance,Individuals per 1000 square meter,45.64224171
SKQ202412S-DBO2.3,SKQ202412S-DBO2.3-Hydroidea,8/11/2024,4:11:00,64.670666,-168.243804,Benthos,"Plumb-staff beam trawl,  2.26m opening, 7-mm mesh net, 4-mm cod end liner",Hydrozoa,Class,urn:lsid:marinespecies.org:taxname:1337,"Owen, 1843",Animalia,Cnidaria,Hydrozoa,n/a,n/a,n/a,abundance,Individuals per 1000 square meter,n/a
SKQ202412S-DBO2.3,SKQ202412S-DBO2.3-Lepidepecreum eoum,8/11/2024,4:11:00,64.670666,-168.243804,Benthos,"Plumb-staff beam trawl,  2.26m opening, 7-mm mesh net, 4-mm cod end liner",Lepidepecreum eoum,Species,urn:lsid:marinespecies.org:taxname:526370,"Gurjanova, 1938",Animalia,Arthropoda,Malacostraca,Amphipoda,Tryphosidae,Lepidepecreum,abundance,Individuals per 1000 square meter,10.53282501
SKQ202412S-DBO2.3,SKQ202412S-DBO2.3-Leptasterias polaris,8/11/2024,4:11:00,64.670666,-168.243804,Benthos,"Plumb-staff beam trawl,  2.26m opening, 7-mm mesh net, 4-mm cod end liner",Leptasterias (Hexasterias) polaris,Species,urn:lsid:marinespecies.org:taxname:125154,"Müller & Troschel, 1842",Animalia,Echinodermata,Asteroidea,Forcipulatida,Asteriidae,Leptasterias (Hexasterias),abundance,Individuals per 1000 square meter,5.266412505
SKQ202412S-DBO2.3,SKQ202412S-DBO2.3-Lethasterias nanimensis,8/11/2024,4:11:00,64.670666,-168.243804,Benthos,"Plumb-staff beam trawl,  2.26m opening, 7-mm mesh net, 4-mm cod end liner",Lethasterias nanimensis,Species,urn:lsid:marinespecies.org:taxname:254499,"Verrill, 1914",Animalia,Echinodermata,Asteroidea,Forcipulatida,Asteriidae,Lethasterias,abundance,Individuals per 1000 square meter,1.755470835
SKQ202412S-DBO2.3,SKQ202412S-DBO2.3-Margarites costalis,8/11/2024,4:11:00,64.670666,-168.243804,Benthos,"Plumb-staff beam trawl,  2.26m opening, 7-mm mesh net, 4-mm cod end liner",Margarites costalis,Species,urn:lsid:marinespecies.org:taxname:141819,"A. Gould, 1841",Animalia,Mollusca,Gastropoda,Trochida,Margaritidae,Margarites,abundance,Individuals per 1000 square meter,1.755470835
SKQ202412S-DBO2.3,SKQ202412S-DBO2.3-Nemertea,8/11/2024,4:11:00,64.670666,-168.243804,Benthos,"Plumb-staff beam trawl,  2.26m opening, 7-mm mesh net, 4-mm cod end liner",Nemertea,Phylum,urn:lsid:marinespecies.org:taxname:152391,n/a,Animalia,Nemertea,n/a,n/a,n/a,n/a,abundance,Individuals per 1000 square meter,10.53282501
SKQ202412S-DBO2.3,SKQ202412S-DBO2.3-Neptunea heros,8/11/2024,4:11:00,64.670666,-168.243804,Benthos,"Plumb-staff beam trawl,  2.26m opening, 7-mm mesh net, 4-mm cod end liner",Neptunea heros,Species,urn:lsid:marinespecies.org:taxname:254479,"J. E. Gray, 1850",Animalia,Mollusca,Gastropoda,Neogastropoda,Buccinidae,Neptunea,abundance,Individuals per 1000 square meter,1.755470835
SKQ202412S-DBO2.3,SKQ202412S-DBO2.3-Nymphon,8/11/2024,4:11:00,64.670666,-168.243804,Benthos,"Plumb-staff beam trawl,  2.26m opening, 7-mm mesh net, 4-mm cod end liner",Nymphon,Genus,urn:lsid:marinespecies.org:taxname:134591,"Fabricius, 1794",Animalia,Arthropoda,Pycnogonida,Pantopoda,Nymphonidae,Nymphon,abundance,Individuals per 1000 square meter,7.02188334
SKQ202412S-DBO2.3,SKQ202412S-DBO2.3-Obesotoma,8/11/2024,4:11:00,64.670666,-168.243804,Benthos,"Plumb-staff beam trawl,  2.26m opening, 7-mm mesh net, 4-mm cod end liner",Obesotoma,Genus,urn:lsid:marinespecies.org:taxname:137825,"Bartsch, 1941",Animalia,Mollusca,Gastropoda,Neogastropoda,Mangeliidae,Obesotoma,abundance,Individuals per 1000 square meter,1.755470835
SKQ202412S-DBO2.3,SKQ202412S-DBO2.3-Ophiocten sericeum,8/11/2024,4:11:00,64.670666,-168.243804,Benthos,"Plumb-staff beam trawl,  2.26m opening, 7-mm mesh net, 4-mm cod end liner",Ophiocten sericeum,Species,urn:lsid:marinespecies.org:taxname:124860,"Forbes, 1852",Animalia,Echinodermata,Ophiuroidea,Ophiurida,Ophiuridae,Ophiocten,abundance,Individuals per 1000 square meter,145.7040793
SKQ202412S-DBO2.3,SKQ202412S-DBO2.3-Ophiura sarsiii,8/11/2024,4:11:00,64.670666,-168.243804,Benthos,"Plumb-staff beam trawl,  2.26m opening, 7-mm mesh net, 4-mm cod end liner",Ophiura sarsiii,Species,urn:lsid:marinespecies.org:taxname:124934,"Lütken, 1855",Animalia,Echinodermata,Ophiuroidea,Ophiurida,Ophiuridae,Ophiura,abundance,Individuals per 1000 square meter,8.777354175
SKQ202412S-DBO2.3,SKQ202412S-DBO2.3-Pagurus trigonocheirus,8/11/2024,4:11:00,64.670666,-168.243804,Benthos,"Plumb-staff beam trawl,  2.26m opening, 7-mm mesh net, 4-mm cod end liner",Pagurus trigonocheirus,Species,urn:lsid:marinespecies.org:taxname:254490,"Stimpson, 1858",Animalia,Arthropoda,Malacostraca,Decapoda,Paguridae,Pagurus,abundance,Individuals per 1000 square meter,3.51094167
SKQ202412S-DBO2.3,SKQ202412S-DBO2.3-Pandalus borealis eous,8/11/2024,4:11:00,64.670666,-168.243804,Benthos,"Plumb-staff beam trawl,  2.26m opening, 7-mm mesh net, 4-mm cod end liner",Pandalus borealis eous,Species,urn:lsid:marinespecies.org:taxname:515463,"Makarov, 1935",Animalia,Arthropoda,Malacostraca,Decapoda,Pandalidae,Pandalus,abundance,Individuals per 1000 square meter,38.62035837
SKQ202412S-DBO2.3,SKQ202412S-DBO2.3-Polynoidae,8/11/2024,4:11:00,64.670666,-168.243804,Benthos,"Plumb-staff beam trawl,  2.26m opening, 7-mm mesh net, 4-mm cod end liner",Polynoidae,Family,urn:lsid:marinespecies.org:taxname:939,"Kinberg, 1856",Animalia,Annelida,Polychaeta,Phyllodocida,Polynoidae,n/a,abundance,Individuals per 1000 square meter,5.266412505
SKQ202412S-DBO2.3,SKQ202412S-DBO2.3-Sertularia robusta,8/11/2024,4:11:00,64.670666,-168.243804,Benthos,"Plumb-staff beam trawl,  2.26m opening, 7-mm mesh net, 4-mm cod end liner",Sertularia robusta,Species,urn:lsid:marinespecies.org:taxname:117923,"Clark, 1877",Animalia,Cnidaria,Hydrozoa,Leptothecata,Sertulariidae,Sertularia,abundance,Individuals per 1000 square meter,1.755470835
SKQ202412S-DBO2.3,SKQ202412S-DBO2.3-Spirontocaris,8/11/2024,4:11:00,64.670666,-168.243804,Benthos,"Plumb-staff beam trawl,  2.26m opening, 7-mm mesh net, 4-mm cod end liner",Spirontocaris,Genus,urn:lsid:marinespecies.org:taxname:106994,"Spence Bate, 1888",Animalia,Arthropoda,Malacostraca,Decapoda,Thoridae,Spirontocaris,abundance,Individuals per 1000 square meter,1.755470835
SKQ202412S-DBO2.3,SKQ202412S-DBO2.3-Stomphia,8/11/2024,4:11:00,64.670666,-168.243804,Benthos,"Plumb-staff beam trawl,  2.26m opening, 7-mm mesh net, 4-mm cod end liner",Stomphia,Genus,urn:lsid:marinespecies.org:taxname:100716,"Gosse, 1859",Animalia,Cnidaria,Hexacorallia,Actiniaria,Actinostolidae,Stomphia,abundance,Individuals per 1000 square meter,17.55470835
SKQ202412S-DBO2.3,SKQ202412S-DBO2.3-Styela rustica,8/11/2024,4:11:00,64.670666,-168.243804,Benthos,"Plumb-staff beam trawl,  2.26m opening, 7-mm mesh net, 4-mm cod end liner",Styela rustica,Species,urn:lsid:marinespecies.org:taxname:103937,"Linnaeus, 1767",Animalia,Chordata,Ascidiacea,Stolidobranchia,Styelidae,Styela,abundance,Individuals per 1000 square meter,5.266412505
SKQ202412S-DBO2.3,SKQ202412S-DBO2.3-Synoicum pulmonaria,8/11/2024,4:11:00,64.670666,-168.243804,Benthos,"Plumb-staff beam trawl,  2.26m opening, 7-mm mesh net, 4-mm cod end liner",Synoicum pulmonaria,Species,urn:lsid:marinespecies.org:taxname:103692,"Ellis & Solander, 1786",Animalia,Chordata,Ascidiacea,Aplousobranchia,Polyclinidae,Synoicum,abundance,Individuals per 1000 square meter,n/a
SKQ202412S-DBO2.3,SKQ202412S-DBO2.3-Synidotea,8/11/2024,4:11:00,64.670666,-168.243804,Benthos,"Plumb-staff beam trawl,  2.26m opening, 7-mm mesh net, 4-mm cod end liner",Synidotea,Genus,urn:lsid:marinespecies.org:taxname:118456,"Harger, 1878",Animalia,Arthropoda,Malacostraca,Isopoda,Idoteidae,Synidotea,abundance,Individuals per 1000 square meter,1.755470835
SKQ202412S-DBO2.3,SKQ202412S-DBO2.3-Tubularia,8/11/2024,4:11:00,64.670666,-168.243804,Benthos,"Plumb-staff beam trawl,  2.26m opening, 7-mm mesh net, 4-mm cod end liner",Tubularia,Genus,urn:lsid:marinespecies.org:taxname:117258,"Linnaeus, 1758",Animalia,Cnidaria,Hydrozoa,Anthoathecata,Tubulariidae,Tubularia,abundance,Individuals per 1000 square meter,10.53282501
SKQ202412S-DBO2.2,SKQ202412S-DBO2.2-Alcyonidium gelatinosum,8/11/2024,9:24:00,64.680353,-169.110484,Benthos,"Plumb-staff beam trawl,  2.26m opening, 7-mm mesh net, 4-mm cod end liner",Alcyonidium gelatinosum,Species,urn:lsid:marinespecies.org:taxname:111600,"Linnaeus, 1761",Animalia,Bryozoa,Gymnolaemata,Ctenostomatida,Alcyonidiidae,Alcyonidium,abundance,Individuals per 1000 square meter,n/a
SKQ202412S-DBO2.2,SKQ202412S-DBO2.2-Actiniaria,8/11/2024,9:24:00,64.680353,-169.110484,Benthos,"Plumb-staff beam trawl,  2.26m opening, 7-mm mesh net, 4-mm cod end liner",Actiniaria,Order,urn:lsid:marinespecies.org:taxname:1360,"Hertwig, 1882",Animalia,Cnidaria,Hexacorallia,Actiniaria,n/a,n/a,abundance,Individuals per 1000 square meter,110.4739329
SKQ202412S-DBO2.2,SKQ202412S-DBO2.2-Arctolembos arcticus,8/11/2024,9:24:00,64.680353,-169.110484,Benthos,"Plumb-staff beam trawl,  2.26m opening, 7-mm mesh net, 4-mm cod end liner",Arctolembos arcticus,Species,urn:lsid:marinespecies.org:taxname:102014,"Hansen, 1888",Animalia,Arthropoda,Malacostraca,Amphipoda,Aoridae,Arctolembos,abundance,Individuals per 1000 square meter,4.909952573
SKQ202412S-DBO2.2,SKQ202412S-DBO2.2-Argis,8/11/2024,9:24:00,64.680353,-169.110484,Benthos,"Plumb-staff beam trawl,  2.26m opening, 7-mm mesh net, 4-mm cod end liner",Argis,Genus,urn:lsid:marinespecies.org:taxname:107006,"Krøyer, 1843",Animalia,Arthropoda,Malacostraca,Decapoda,Crangonidae,Argis,abundance,Individuals per 1000 square meter,17.184834
SKQ202412S-DBO2.2,SKQ202412S-DBO2.2-Balanus crenatus,8/11/2024,9:24:00,64.680353,-169.110484,Benthos,"Plumb-staff beam trawl,  2.26m opening, 7-mm mesh net, 4-mm cod end liner",Balanus crenatus,Species,urn:lsid:marinespecies.org:taxname:106215,"Bruguière, 1789",Animalia,Arthropoda,Thecostraca,Balanomorpha,Balanidae,Balanus,abundance,Individuals per 1000 square meter,n/a
SKQ202412S-DBO2.2,SKQ202412S-DBO2.2-Bryozoa,8/11/2024,9:24:00,64.680353,-169.110484,Benthos,"Plumb-staff beam trawl,  2.26m opening, 7-mm mesh net, 4-mm cod end liner",Bryozoa,Phylum,urn:lsid:marinespecies.org:taxname:146142,n/a,Animalia,Bryozoa,n/a,n/a,n/a,n/a,abundance,Individuals per 1000 square meter,n/a
SKQ202412S-DBO2.2,SKQ202412S-DBO2.2-Buccinum scalariforme,8/11/2024,9:24:00,64.680353,-169.110484,Benthos,"Plumb-staff beam trawl,  2.26m opening, 7-mm mesh net, 4-mm cod end liner",Buccinum scalariforme,Species,urn:lsid:marinespecies.org:taxname:138875,"Møller, 1842",Animalia,Mollusca,Gastropoda,Neogastropoda,Buccinidae,Buccinum,abundance,Individuals per 1000 square meter,2.454976286
SKQ202412S-DBO2.2,SKQ202412S-DBO2.2-Buccinum solenum,8/11/2024,9:24:00,64.680353,-169.110484,Benthos,"Plumb-staff beam trawl,  2.26m opening, 7-mm mesh net, 4-mm cod end liner",Buccinum terraenovae,Species,urn:lsid:marinespecies.org:taxname:490864,"Mörch, 1869",Animalia,Mollusca,Gastropoda,Neogastropoda,Buccinidae,Buccinum,abundance,Individuals per 1000 square meter,7.364928859
SKQ202412S-DBO2.2,SKQ202412S-DBO2.2-Chionoecetes opilio,8/11/2024,9:24:00,64.680353,-169.110484,Benthos,"Plumb-staff beam trawl,  2.26m opening, 7-mm mesh net, 4-mm cod end liner",Chionoecetes opilio,Species,urn:lsid:marinespecies.org:taxname:107315,"Fabricius, 1788",Animalia,Arthropoda,Malacostraca,Decapoda,Oregoniidae,Chionoecetes,abundance,Individuals per 1000 square meter,51.55450201
SKQ202412S-DBO2.2,SKQ202412S-DBO2.2-Crangon dalli,8/11/2024,9:24:00,64.680353,-169.110484,Benthos,"Plumb-staff beam trawl,  2.26m opening, 7-mm mesh net, 4-mm cod end liner",Crangon dalli,Species,urn:lsid:marinespecies.org:taxname:254486,"Rathbun, 1902",Animalia,Arthropoda,Malacostraca,Decapoda,Crangonidae,Crangon,abundance,Individuals per 1000 square meter,7.364928859
SKQ202412S-DBO2.2,SKQ202412S-DBO2.2-Distaplia alaskensis,8/11/2024,9:24:00,64.680353,-169.110484,Benthos,"Plumb-staff beam trawl,  2.26m opening, 7-mm mesh net, 4-mm cod end liner",Distaplia alaskensis,Species,urn:lsid:marinespecies.org:taxname:250424,"Lambert & Sanamyan, 2001",Animalia,Chordata,Ascidiacea,Aplousobranchia,Holozoidae,Distaplia,abundance,Individuals per 1000 square meter,n/a
SKQ202412S-DBO2.2,SKQ202412S-DBO2.2-Eualus gaimardii ,8/11/2024,9:24:00,64.680353,-169.110484,Benthos,"Plumb-staff beam trawl,  2.26m opening, 7-mm mesh net, 4-mm cod end liner",Eualus gaimardii ,Species,urn:lsid:marinespecies.org:taxname:107504,"H. Milne Edwards, 1837",Animalia,Arthropoda,Malacostraca,Decapoda,Thoridae,Eualus,abundance,Individuals per 1000 square meter,284.7772492
SKQ202412S-DBO2.2,SKQ202412S-DBO2.2-Eualus macilentus,8/11/2024,9:24:00,64.680353,-169.110484,Benthos,"Plumb-staff beam trawl,  2.26m opening, 7-mm mesh net, 4-mm cod end liner",Eualus macilentus,Species,urn:lsid:marinespecies.org:taxname:158359,"Krøyer, 1841",Animalia,Arthropoda,Malacostraca,Decapoda,Thoridae,Eualus,abundance,Individuals per 1000 square meter,31.91469172
SKQ202412S-DBO2.2,SKQ202412S-DBO2.2-Harmothoe imbricata,8/11/2024,9:24:00,64.680353,-169.110484,Benthos,"Plumb-staff beam trawl,  2.26m opening, 7-mm mesh net, 4-mm cod end liner",Harmothoe imbricata,Species,urn:lsid:marinespecies.org:taxname:130769,"Linnaeus, 1767",Animalia,Annelida,Polychaeta,Phyllodocida,Polynoidae,Harmothoe,abundance,Individuals per 1000 square meter,12.27488143
SKQ202412S-DBO2.2,SKQ202412S-DBO2.2-Hyas coarctatus,8/11/2024,9:24:00,64.680353,-169.110484,Benthos,"Plumb-staff beam trawl,  2.26m opening, 7-mm mesh net, 4-mm cod end liner",Hyas coarctatus,Species,urn:lsid:marinespecies.org:taxname:107323,"Leach, 1815",Animalia,Arthropoda,Malacostraca,Decapoda,Oregoniidae,Hyas,abundance,Individuals per 1000 square meter,115.3838855
SKQ202412S-DBO2.2,SKQ202412S-DBO2.2-Hydroidea,8/11/2024,9:24:00,64.680353,-169.110484,Benthos,"Plumb-staff beam trawl,  2.26m opening, 7-mm mesh net, 4-mm cod end liner",Hydrozoa,Class,urn:lsid:marinespecies.org:taxname:1337,"Owen, 1843",Animalia,Cnidaria,Hydrozoa,n/a,n/a,n/a,abundance,Individuals per 1000 square meter,n/a
SKQ202412S-DBO2.2,SKQ202412S-DBO2.2-Lepidepecreum eoum,8/11/2024,9:24:00,64.680353,-169.110484,Benthos,"Plumb-staff beam trawl,  2.26m opening, 7-mm mesh net, 4-mm cod end liner",Lepidepecreum eoum,Species,urn:lsid:marinespecies.org:taxname:526370,"Gurjanova, 1938",Animalia,Arthropoda,Malacostraca,Amphipoda,Tryphosidae,Lepidepecreum,abundance,Individuals per 1000 square meter,4.909952573
SKQ202412S-DBO2.2,SKQ202412S-DBO2.2-Leptasterias polaris,8/11/2024,9:24:00,64.680353,-169.110484,Benthos,"Plumb-staff beam trawl,  2.26m opening, 7-mm mesh net, 4-mm cod end liner",Leptasterias (Hexasterias) polaris,Species,urn:lsid:marinespecies.org:taxname:125154,"Müller & Troschel, 1842",Animalia,Echinodermata,Asteroidea,Forcipulatida,Asteriidae,Leptasterias (Hexasterias),abundance,Individuals per 1000 square meter,46.64454944
SKQ202412S-DBO2.2,SKQ202412S-DBO2.2-Melaenia loveni,8/11/2024,9:24:00,64.680353,-169.110484,Benthos,"Plumb-staff beam trawl,  2.26m opening, 7-mm mesh net, 4-mm cod end liner",Melaenia loveni,Species,urn:lsid:marinespecies.org:taxname:130819,"Malmgren, 1865",Animalia,Annelida,Polychaeta  ,Phyllodocida,Polynoidae,Melaenis,abundance,Individuals per 1000 square meter,4.909952573
SKQ202412S-DBO2.2,SKQ202412S-DBO2.2-Molgula griffthsii,8/11/2024,9:24:00,64.680353,-169.110484,Benthos,"Plumb-staff beam trawl,  2.26m opening, 7-mm mesh net, 4-mm cod end liner",Molgula griffthsii,Species,urn:lsid:marinespecies.org:taxname:250885,"MacLeay, 1825",Animalia,Chordata,Ascidiacea,Stolidobranchia,Molgulidae,Molgula,abundance,Individuals per 1000 square meter,2.454976286
SKQ202412S-DBO2.2,SKQ202412S-DBO2.2-Neptunea,8/11/2024,9:24:00,64.680353,-169.110484,Benthos,"Plumb-staff beam trawl,  2.26m opening, 7-mm mesh net, 4-mm cod end liner",Neptunea,Genus,urn:lsid:marinespecies.org:taxname:137710,"Röding, 1798",Animalia,Mollusca,Gastropoda,Neogastropoda,Buccinidae,Neptunea,abundance,Individuals per 1000 square meter,2.454976286
SKQ202412S-DBO2.2,SKQ202412S-DBO2.2-Pagurus capillatus,8/11/2024,9:24:00,64.680353,-169.110484,Benthos,"Plumb-staff beam trawl,  2.26m opening, 7-mm mesh net, 4-mm cod end liner",Pagurus capillatus,Species,urn:lsid:marinespecies.org:taxname:254489,"Benedict, 1892",Animalia,Arthropoda,Malacostraca,Decapoda,Paguridae,Pagurus,abundance,Individuals per 1000 square meter,4.909952573
SKQ202412S-DBO2.2,SKQ202412S-DBO2.2-Pagurus trigonocheirus,8/11/2024,9:24:00,64.680353,-169.110484,Benthos,"Plumb-staff beam trawl,  2.26m opening, 7-mm mesh net, 4-mm cod end liner",Pagurus trigonocheirus,Species,urn:lsid:marinespecies.org:taxname:254490,"Stimpson, 1858",Animalia,Arthropoda,Malacostraca,Decapoda,Paguridae,Pagurus,abundance,Individuals per 1000 square meter,29.45971544
SKQ202412S-DBO2.2,SKQ202412S-DBO2.2-Rhachotropis occulta,8/11/2024,9:24:00,64.680353,-169.110484,Benthos,"Plumb-staff beam trawl,  2.26m opening, 7-mm mesh net, 4-mm cod end liner",Rhachotropis occulta,Species,urn:lsid:marinespecies.org:taxname:102240,"Hansen, 1888",Animalia,Arthropoda,Malacostraca,Amphipoda,Eusiridae,Rhachotropis,abundance,Individuals per 1000 square meter,4.909952573
SKQ202412S-DBO2.2,SKQ202412S-DBO2.2-Serripes groenlandica,8/11/2024,9:24:00,64.680353,-169.110484,Benthos,"Plumb-staff beam trawl,  2.26m opening, 7-mm mesh net, 4-mm cod end liner",Serripes groenlandica,Species,urn:lsid:marinespecies.org:taxname:582749,"Mohr, 1786",Animalia,Mollusca,Bivalvia,Cardiida,Cardiidae,Serripes,abundance,Individuals per 1000 square meter,4.909952573
SKQ202412S-DBO2.2,SKQ202412S-DBO2.2-Spirontocaris,8/11/2024,9:24:00,64.680353,-169.110484,Benthos,"Plumb-staff beam trawl,  2.26m opening, 7-mm mesh net, 4-mm cod end liner",Spirontocaris,Genus,urn:lsid:marinespecies.org:taxname:106994,"Spence Bate, 1888",Animalia,Arthropoda,Malacostraca,Decapoda,Thoridae,Spirontocaris,abundance,Individuals per 1000 square meter,2.454976286
SKQ202412S-DBO2.2,SKQ202412S-DBO2.2-Stegophiura nodosa,8/11/2024,9:24:00,64.680353,-169.110484,Benthos,"Plumb-staff beam trawl,  2.26m opening, 7-mm mesh net, 4-mm cod end liner",Stegophiura nodosa,Species,urn:lsid:marinespecies.org:taxname:124943,"Lütken, 1855",Animalia,Echinodermata,Ophiuroidea,Ophiurida,Ophiopyrgidae,Stegophiura,abundance,Individuals per 1000 square meter,2.454976286
SKQ202412S-DBO2.2,SKQ202412S-DBO2.2-Stomphia,8/11/2024,9:24:00,64.680353,-169.110484,Benthos,"Plumb-staff beam trawl,  2.26m opening, 7-mm mesh net, 4-mm cod end liner",Stomphia,Genus,urn:lsid:marinespecies.org:taxname:100716,"Gosse, 1859",Animalia,Cnidaria,Hexacorallia,Actiniaria,Actinostolidae,Stomphia,abundance,Individuals per 1000 square meter,24.54976286
SKQ202412S-DBO2.2,SKQ202412S-DBO2.2-Styela rustica,8/11/2024,9:24:00,64.680353,-169.110484,Benthos,"Plumb-staff beam trawl,  2.26m opening, 7-mm mesh net, 4-mm cod end liner",Styela rustica,Species,urn:lsid:marinespecies.org:taxname:103937,"Linnaeus, 1767",Animalia,Chordata,Ascidiacea,Stolidobranchia,Styelidae,Styela,abundance,Individuals per 1000 square meter,31.91469172
SKQ202412S-DBO2.2,SKQ202412S-DBO2.2-Synidotea bicuspida,8/11/2024,9:24:00,64.680353,-169.110484,Benthos,"Plumb-staff beam trawl,  2.26m opening, 7-mm mesh net, 4-mm cod end liner",Synidotea bicuspida,Species,urn:lsid:marinespecies.org:taxname:156445,"Owen, 1839",Animalia,Arthropoda,Malacostraca,Isopoda,Idoteidae,Synidotea,abundance,Individuals per 1000 square meter,7.364928859
SKQ202412S-DBO2.4,SKQ202412S-DBO2.4-Actiniaria,8/11/2024,22:21:27,64.957885,-169.890228,Benthos,"Plumb-staff beam trawl,  2.26m opening, 7-mm mesh net, 4-mm cod end liner",Actiniaria,Order,urn:lsid:marinespecies.org:taxname:1360,"Hertwig, 1882",Animalia,Cnidaria,Hexacorallia,Actiniaria,n/a,n/a,abundance,Individuals per 1000 square meter,1.865217722
SKQ202412S-DBO2.4,SKQ202412S-DBO2.4-Arcteobia anticostiensis,8/11/2024,22:21:27,64.957885,-169.890228,Benthos,"Plumb-staff beam trawl,  2.26m opening, 7-mm mesh net, 4-mm cod end liner",Arcteobia anticostiensis,Species,urn:lsid:marinespecies.org:taxname:157214,"Mcintosh, 1874",Animalia,Annelida,Polychaeta,Phyllodocida,Polynoidae,Arcteobia,abundance,Individuals per 1000 square meter,1.865217722
SKQ202412S-DBO2.4,SKQ202412S-DBO2.4-Arctonoe fragilis,8/11/2024,22:21:27,64.957885,-169.890228,Benthos,"Plumb-staff beam trawl,  2.26m opening, 7-mm mesh net, 4-mm cod end liner",Arctonoe fragilis,Species,urn:lsid:marinespecies.org:taxname:333029,"Baird, 1863",Animalia,Annelida,Polychaeta,Phyllodocida,Polynoidae,Arctonoe,abundance,Individuals per 1000 square meter,1.865217722
SKQ202412S-DBO2.4,SKQ202412S-DBO2.4-Arctonoe vittata,8/11/2024,22:21:27,64.957885,-169.890228,Benthos,"Plumb-staff beam trawl,  2.26m opening, 7-mm mesh net, 4-mm cod end liner",Arctonoe vittata,Species,urn:lsid:marinespecies.org:taxname:254301,"Grube, 1855",Animalia,Annelida,Polychaeta,Phyllodocida,Polynoidae,Arctonoe,abundance,Individuals per 1000 square meter,1.865217722
SKQ202412S-DBO2.4,SKQ202412S-DBO2.4-Argis,8/11/2024,22:21:27,64.957885,-169.890228,Benthos,"Plumb-staff beam trawl,  2.26m opening, 7-mm mesh net, 4-mm cod end liner",Argis,Genus,urn:lsid:marinespecies.org:taxname:107006,"Krøyer, 1843",Animalia,Arthropoda,Malacostraca,Decapoda,Crangonidae,Argis,abundance,Individuals per 1000 square meter,13.05652405
SKQ202412S-DBO2.4,SKQ202412S-DBO2.4-Balanus crenatus,8/11/2024,22:21:27,64.957885,-169.890228,Benthos,"Plumb-staff beam trawl,  2.26m opening, 7-mm mesh net, 4-mm cod end liner",Balanus crenatus,Species,urn:lsid:marinespecies.org:taxname:106215,"Bruguière, 1789",Animalia,Arthropoda,Thecostraca,Balanomorpha,Balanidae,Balanus,abundance,Individuals per 1000 square meter,n/a
SKQ202412S-DBO2.4,SKQ202412S-DBO2.4-Bryozoa soft lobed,8/11/2024,22:21:27,64.957885,-169.890228,Benthos,"Plumb-staff beam trawl,  2.26m opening, 7-mm mesh net, 4-mm cod end liner",Bryozoa soft lobed,Phylum,urn:lsid:marinespecies.org:taxname:146142,n/a,Animalia,Bryozoa,n/a,n/a,n/a,n/a,abundance,Individuals per 1000 square meter,n/a
SKQ202412S-DBO2.4,SKQ202412S-DBO2.4-Buccinum plectrum,8/11/2024,22:21:27,64.957885,-169.890228,Benthos,"Plumb-staff beam trawl,  2.26m opening, 7-mm mesh net, 4-mm cod end liner",Buccinum plectrum,Species,urn:lsid:marinespecies.org:taxname:160127,"W. Stimpson, 1865",Animalia,Mollusca,Gastropoda,Neogastropoda,Buccinidae,Buccinum,abundance,Individuals per 1000 square meter,1.865217722
SKQ202412S-DBO2.4,SKQ202412S-DBO2.4-Chionoecetes opilio,8/11/2024,22:21:27,64.957885,-169.890228,Benthos,"Plumb-staff beam trawl,  2.26m opening, 7-mm mesh net, 4-mm cod end liner",Chionoecetes opilio,Species,urn:lsid:marinespecies.org:taxname:107315,"Fabricius, 1788",Animalia,Arthropoda,Malacostraca,Decapoda,Oregoniidae,Chionoecetes,abundance,Individuals per 1000 square meter,42.90000761
SKQ202412S-DBO2.4,SKQ202412S-DBO2.4-Crangon dalli,8/11/2024,22:21:27,64.957885,-169.890228,Benthos,"Plumb-staff beam trawl,  2.26m opening, 7-mm mesh net, 4-mm cod end liner",Crangon dalli,Species,urn:lsid:marinespecies.org:taxname:254486,"Rathbun, 1902",Animalia,Arthropoda,Malacostraca,Decapoda,Crangonidae,Crangon,abundance,Individuals per 1000 square meter,3.730435444
SKQ202412S-DBO2.4,SKQ202412S-DBO2.4-Eualus gaimardii ,8/11/2024,22:21:27,64.957885,-169.890228,Benthos,"Plumb-staff beam trawl,  2.26m opening, 7-mm mesh net, 4-mm cod end liner",Eualus gaimardii ,Species,urn:lsid:marinespecies.org:taxname:107504,"H. Milne Edwards, 1837",Animalia,Arthropoda,Malacostraca,Decapoda,Thoridae,Eualus,abundance,Individuals per 1000 square meter,16.7869595
SKQ202412S-DBO2.4,SKQ202412S-DBO2.4-Eualus macilentus,8/11/2024,22:21:27,64.957885,-169.890228,Benthos,"Plumb-staff beam trawl,  2.26m opening, 7-mm mesh net, 4-mm cod end liner",Eualus macilentus,Species,urn:lsid:marinespecies.org:taxname:158359,"Krøyer, 1841",Animalia,Arthropoda,Malacostraca,Decapoda,Thoridae,Eualus,abundance,Individuals per 1000 square meter,44.76522533
SKQ202412S-DBO2.4,SKQ202412S-DBO2.4-Harmothoe imbricata,8/11/2024,22:21:27,64.957885,-169.890228,Benthos,"Plumb-staff beam trawl,  2.26m opening, 7-mm mesh net, 4-mm cod end liner",Harmothoe imbricata,Species,urn:lsid:marinespecies.org:taxname:130769,"Linnaeus, 1767",Animalia,Annelida,Polychaeta,Phyllodocida,Polynoidae,Harmothoe,abundance,Individuals per 1000 square meter,5.595653166
SKQ202412S-DBO2.4,SKQ202412S-DBO2.4-Hyas coarctatus,8/11/2024,22:21:27,64.957885,-169.890228,Benthos,"Plumb-staff beam trawl,  2.26m opening, 7-mm mesh net, 4-mm cod end liner",Hyas coarctatus,Species,urn:lsid:marinespecies.org:taxname:107323,"Leach, 1815",Animalia,Arthropoda,Malacostraca,Decapoda,Oregoniidae,Hyas,abundance,Individuals per 1000 square meter,22.38261266
SKQ202412S-DBO2.4,SKQ202412S-DBO2.4-Leptasterias arctica,8/11/2024,22:21:27,64.957885,-169.890228,Benthos,"Plumb-staff beam trawl,  2.26m opening, 7-mm mesh net, 4-mm cod end liner",Leptasterias arctica,Species,urn:lsid:marinespecies.org:taxname:369158,"Murdoch, 1885",Animalia,Echinodermata,Asteroidea,Forcipulatida,Asteriidae,Leptasterias,abundance,Individuals per 1000 square meter,3.730435444
SKQ202412S-DBO2.4,SKQ202412S-DBO2.4-Leptasterias polaris,8/11/2024,22:21:27,64.957885,-169.890228,Benthos,"Plumb-staff beam trawl,  2.26m opening, 7-mm mesh net, 4-mm cod end liner",Leptasterias (Hexasterias) polaris,Species,urn:lsid:marinespecies.org:taxname:125154,"Müller & Troschel, 1842",Animalia,Echinodermata,Asteroidea,Forcipulatida,Asteriidae,Leptasterias (Hexasterias),abundance,Individuals per 1000 square meter,14.92174178
SKQ202412S-DBO2.4,SKQ202412S-DBO2.4-Melita formosa,8/11/2024,22:21:27,64.957885,-169.890228,Benthos,"Plumb-staff beam trawl,  2.26m opening, 7-mm mesh net, 4-mm cod end liner",Quasimelita formosa,Species,urn:lsid:marinespecies.org:taxname:423709,"Murdoch, 1885",Animalia,Arthropoda,Malacostraca,Amphipoda,Melitidae,Quasimelita,abundance,Individuals per 1000 square meter,1.865217722
SKQ202412S-DBO2.4,SKQ202412S-DBO2.4-Neptunea,8/11/2024,22:21:27,64.957885,-169.890228,Benthos,"Plumb-staff beam trawl,  2.26m opening, 7-mm mesh net, 4-mm cod end liner",Neptunea,Genus,urn:lsid:marinespecies.org:taxname:137710,"Röding, 1798",Animalia,Mollusca,Gastropoda,Neogastropoda,Buccinidae,Neptunea,abundance,Individuals per 1000 square meter,1.865217722
SKQ202412S-DBO2.4,SKQ202412S-DBO2.4-Pagurus capillatus,8/11/2024,22:21:27,64.957885,-169.890228,Benthos,"Plumb-staff beam trawl,  2.26m opening, 7-mm mesh net, 4-mm cod end liner",Pagurus capillatus,Species,urn:lsid:marinespecies.org:taxname:254489,"Benedict, 1892",Animalia,Arthropoda,Malacostraca,Decapoda,Paguridae,Pagurus,abundance,Individuals per 1000 square meter,9.32608861
SKQ202412S-DBO2.4,SKQ202412S-DBO2.4-Pagurus trigonocheirus,8/11/2024,22:21:27,64.957885,-169.890228,Benthos,"Plumb-staff beam trawl,  2.26m opening, 7-mm mesh net, 4-mm cod end liner",Pagurus trigonocheirus,Species,urn:lsid:marinespecies.org:taxname:254490,"Stimpson, 1858",Animalia,Arthropoda,Malacostraca,Decapoda,Paguridae,Pagurus,abundance,Individuals per 1000 square meter,18.65217722
SKQ202412S-DBO2.4,SKQ202412S-DBO2.4-Pandalus borealis eous,8/11/2024,22:21:27,64.957885,-169.890228,Benthos,"Plumb-staff beam trawl,  2.26m opening, 7-mm mesh net, 4-mm cod end liner",Pandalus borealis eous,Species,urn:lsid:marinespecies.org:taxname:515463,"Makarov, 1935",Animalia,Arthropoda,Malacostraca,Decapoda,Pandalidae,Pandalus,abundance,Individuals per 1000 square meter,5.595653166
SKQ202412S-DBO2.4,SKQ202412S-DBO2.4-Rhachotropis occulta,8/11/2024,22:21:27,64.957885,-169.890228,Benthos,"Plumb-staff beam trawl,  2.26m opening, 7-mm mesh net, 4-mm cod end liner",Rhachotropis occulta,Species,urn:lsid:marinespecies.org:taxname:102240,"Hansen, 1888",Animalia,Arthropoda,Malacostraca,Amphipoda,Eusiridae,Rhachotropis,abundance,Individuals per 1000 square meter,3.730435444
SKQ202412S-DBO2.4,SKQ202412S-DBO2.4-Sabinea septemcarinata,8/11/2024,22:21:27,64.957885,-169.890228,Benthos,"Plumb-staff beam trawl,  2.26m opening, 7-mm mesh net, 4-mm cod end liner",Sabinea septemcarinata,Species,urn:lsid:marinespecies.org:taxname:107567,"Sabine, 1824",Animalia,Arthropoda,Malacostraca,Decapoda,Crangonidae,Sabinea,abundance,Individuals per 1000 square meter,1.865217722
SKQ202412S-DBO2.4,SKQ202412S-DBO2.4-Spirontocaris,8/11/2024,22:21:27,64.957885,-169.890228,Benthos,"Plumb-staff beam trawl,  2.26m opening, 7-mm mesh net, 4-mm cod end liner",Spirontocaris,Genus,urn:lsid:marinespecies.org:taxname:106994,"Spence Bate, 1888",Animalia,Arthropoda,Malacostraca,Decapoda,Thoridae,Spirontocaris,abundance,Individuals per 1000 square meter,9.32608861
SKQ202412S-DBO2.4,SKQ202412S-DBO2.4-Styela rustica,8/11/2024,22:21:27,64.957885,-169.890228,Benthos,"Plumb-staff beam trawl,  2.26m opening, 7-mm mesh net, 4-mm cod end liner",Styela rustica,Species,urn:lsid:marinespecies.org:taxname:103937,"Linnaeus, 1767",Animalia,Chordata,Ascidiacea,Stolidobranchia,Styelidae,Styela,abundance,Individuals per 1000 square meter,1.865217722
SKQ202412S-DBO2.4,SKQ202412S-DBO2.4-Tubularia,8/11/2024,22:21:27,64.957885,-169.890228,Benthos,"Plumb-staff beam trawl,  2.26m opening, 7-mm mesh net, 4-mm cod end liner",Tubularia,Genus,urn:lsid:marinespecies.org:taxname:117258,"Linnaeus, 1758",Animalia,Cnidaria,Hydrozoa,Anthoathecata,Tubulariidae,Tubularia,abundance,Individuals per 1000 square meter,5.595653166
SKQ202412S-DBO2.5,SKQ202412S-DBO2.5-Alcyonidium gelatinosum,8/12/2024,3:05:16,64.991885,-169.125173,Benthos,"Plumb-staff beam trawl,  2.26m opening, 7-mm mesh net, 4-mm cod end liner",Alcyonidium gelatinosum,Species,urn:lsid:marinespecies.org:taxname:111600,"Linnaeus, 1761",Animalia,Bryozoa,Gymnolaemata,Ctenostomatida,Alcyonidiidae,Alcyonidium,abundance,Individuals per 1000 square meter,n/a
SKQ202412S-DBO2.5,SKQ202412S-DBO2.5-Actiniaria,8/12/2024,3:05:16,64.991885,-169.125173,Benthos,"Plumb-staff beam trawl,  2.26m opening, 7-mm mesh net, 4-mm cod end liner",Actiniaria,Order,urn:lsid:marinespecies.org:taxname:1360,"Hertwig, 1882",Animalia,Cnidaria,Hexacorallia,Actiniaria,n/a,n/a,abundance,Individuals per 1000 square meter,280.9859244
SKQ202412S-DBO2.5,SKQ202412S-DBO2.5-Anomalisipho martensi,8/12/2024,3:05:16,64.991885,-169.125173,Benthos,"Plumb-staff beam trawl,  2.26m opening, 7-mm mesh net, 4-mm cod end liner",Anomalisipho martensi,Species,urn:lsid:marinespecies.org:taxname:821662,"A. Krause, 1885",Animalia,Mollusca,Gastropoda,Neogastropoda,Buccinidae,Anomalisipho,abundance,Individuals per 1000 square meter,2.195202534
SKQ202412S-DBO2.5,SKQ202412S-DBO2.5-Arctolembos arcticus,8/12/2024,3:05:16,64.991885,-169.125173,Benthos,"Plumb-staff beam trawl,  2.26m opening, 7-mm mesh net, 4-mm cod end liner",Arctolembos arcticus,Species,urn:lsid:marinespecies.org:taxname:102014,"Hansen, 1888",Animalia,Arthropoda,Malacostraca,Amphipoda,Aoridae,Arctolembos,abundance,Individuals per 1000 square meter,2.195202534
SKQ202412S-DBO2.5,SKQ202412S-DBO2.5-Argis,8/12/2024,3:05:16,64.991885,-169.125173,Benthos,"Plumb-staff beam trawl,  2.26m opening, 7-mm mesh net, 4-mm cod end liner",Argis,Genus,urn:lsid:marinespecies.org:taxname:107006,"Krøyer, 1843",Animalia,Arthropoda,Malacostraca,Decapoda,Crangonidae,Argis,abundance,Individuals per 1000 square meter,28.53763294
SKQ202412S-DBO2.5,SKQ202412S-DBO2.5-Balanus crenatus,8/12/2024,3:05:16,64.991885,-169.125173,Benthos,"Plumb-staff beam trawl,  2.26m opening, 7-mm mesh net, 4-mm cod end liner",Balanus crenatus,Species,urn:lsid:marinespecies.org:taxname:106215,"Bruguière, 1789",Animalia,Arthropoda,Thecostraca,Balanomorpha,Balanidae,Balanus,abundance,Individuals per 1000 square meter,n/a
SKQ202412S-DBO2.5,SKQ202412S-DBO2.5-Bryozoa,8/12/2024,3:05:16,64.991885,-169.125173,Benthos,"Plumb-staff beam trawl,  2.26m opening, 7-mm mesh net, 4-mm cod end liner",Bryozoa,Phylum,urn:lsid:marinespecies.org:taxname:146142,n/a,Animalia,Bryozoa,n/a,n/a,n/a,n/a,abundance,Individuals per 1000 square meter,n/a
SKQ202412S-DBO2.5,SKQ202412S-DBO2.5-Buccinum angulosum,8/12/2024,3:05:16,64.991885,-169.125173,Benthos,"Plumb-staff beam trawl,  2.26m opening, 7-mm mesh net, 4-mm cod end liner",Buccinum angulosum,Species,urn:lsid:marinespecies.org:taxname:138858,"Gray, 1839",Animalia,Mollusca,Gastropoda,Neogastropoda,Buccinidae,Buccinum,abundance,Individuals per 1000 square meter,2.195202534
SKQ202412S-DBO2.5,SKQ202412S-DBO2.5-Buccinum scalariforme,8/12/2024,3:05:16,64.991885,-169.125173,Benthos,"Plumb-staff beam trawl,  2.26m opening, 7-mm mesh net, 4-mm cod end liner",Buccinum scalariforme,Species,urn:lsid:marinespecies.org:taxname:138875,"Møller, 1842",Animalia,Mollusca,Gastropoda,Neogastropoda,Buccinidae,Buccinum,abundance,Individuals per 1000 square meter,8.780810137
SKQ202412S-DBO2.5,SKQ202412S-DBO2.5-Buccinum solenum,8/12/2024,3:05:16,64.991885,-169.125173,Benthos,"Plumb-staff beam trawl,  2.26m opening, 7-mm mesh net, 4-mm cod end liner",Buccinum terraenovae,Species,urn:lsid:marinespecies.org:taxname:490864,"Mörch, 1869",Animalia,Mollusca,Gastropoda,Neogastropoda,Buccinidae,Buccinum,abundance,Individuals per 1000 square meter,17.56162027
SKQ202412S-DBO2.5,SKQ202412S-DBO2.5-Chionoecetes opilio,8/12/2024,3:05:16,64.991885,-169.125173,Benthos,"Plumb-staff beam trawl,  2.26m opening, 7-mm mesh net, 4-mm cod end liner",Chionoecetes opilio,Species,urn:lsid:marinespecies.org:taxname:107315,"Fabricius, 1788",Animalia,Arthropoda,Malacostraca,Decapoda,Oregoniidae,Chionoecetes,abundance,Individuals per 1000 square meter,272.2051142
SKQ202412S-DBO2.5,SKQ202412S-DBO2.5-Crangon dalli,8/12/2024,3:05:16,64.991885,-169.125173,Benthos,"Plumb-staff beam trawl,  2.26m opening, 7-mm mesh net, 4-mm cod end liner",Crangon dalli,Species,urn:lsid:marinespecies.org:taxname:254486,"Rathbun, 1902",Animalia,Arthropoda,Malacostraca,Decapoda,Crangonidae,Crangon,abundance,Individuals per 1000 square meter,6.585607602
SKQ202412S-DBO2.5,SKQ202412S-DBO2.5-Erichthonius,8/12/2024,3:05:16,64.991885,-169.125173,Benthos,"Plumb-staff beam trawl,  2.26m opening, 7-mm mesh net, 4-mm cod end liner",Erichthonius,Species,urn:lsid:marinespecies.org:taxname:101567,"H. Milne Edwards, 1830",Animalia,Arthropoda,Malacostraca,Amphipoda,Ischyroceridae,Erichthonius,abundance,Individuals per 1000 square meter,4.390405068
SKQ202412S-DBO2.5,SKQ202412S-DBO2.5-Eualus gaimardii ,8/12/2024,3:05:16,64.991885,-169.125173,Benthos,"Plumb-staff beam trawl,  2.26m opening, 7-mm mesh net, 4-mm cod end liner",Eualus gaimardii ,Species,urn:lsid:marinespecies.org:taxname:107504,"H. Milne Edwards, 1837",Animalia,Arthropoda,Malacostraca,Decapoda,Thoridae,Eualus,abundance,Individuals per 1000 square meter,250.2530889
SKQ202412S-DBO2.5,SKQ202412S-DBO2.5-Eualus macilentus,8/12/2024,3:05:16,64.991885,-169.125173,Benthos,"Plumb-staff beam trawl,  2.26m opening, 7-mm mesh net, 4-mm cod end liner",Eualus macilentus,Species,urn:lsid:marinespecies.org:taxname:158359,"Krøyer, 1841",Animalia,Arthropoda,Malacostraca,Decapoda,Thoridae,Eualus,abundance,Individuals per 1000 square meter,129.5169495
SKQ202412S-DBO2.5,SKQ202412S-DBO2.5-Harmothoe imbricata,8/12/2024,3:05:16,64.991885,-169.125173,Benthos,"Plumb-staff beam trawl,  2.26m opening, 7-mm mesh net, 4-mm cod end liner",Harmothoe imbricata,Species,urn:lsid:marinespecies.org:taxname:130769,"Linnaeus, 1767",Animalia,Annelida,Polychaeta,Phyllodocida,Polynoidae,Harmothoe,abundance,Individuals per 1000 square meter,2.195202534
SKQ202412S-DBO2.5,SKQ202412S-DBO2.5-Hyas coarctatus,8/12/2024,3:05:16,64.991885,-169.125173,Benthos,"Plumb-staff beam trawl,  2.26m opening, 7-mm mesh net, 4-mm cod end liner",Hyas coarctatus,Species,urn:lsid:marinespecies.org:taxname:107323,"Leach, 1815",Animalia,Arthropoda,Malacostraca,Decapoda,Oregoniidae,Hyas,abundance,Individuals per 1000 square meter,43.90405068
SKQ202412S-DBO2.5,SKQ202412S-DBO2.5-Hydroidea,8/12/2024,3:05:16,64.991885,-169.125173,Benthos,"Plumb-staff beam trawl,  2.26m opening, 7-mm mesh net, 4-mm cod end liner",Hydrozoa,Class,urn:lsid:marinespecies.org:taxname:1337,"Owen, 1843",Animalia,Cnidaria,Hydrozoa,n/a,n/a,n/a,abundance,Individuals per 1000 square meter,n/a
SKQ202412S-DBO2.5,SKQ202412S-DBO2.5-Labidochirus splendescens,8/12/2024,3:05:16,64.991885,-169.125173,Benthos,"Plumb-staff beam trawl,  2.26m opening, 7-mm mesh net, 4-mm cod end liner",Labidochirus splendescens,Species,urn:lsid:marinespecies.org:taxname:248348,"Owen, 1839",Animalia,Arthropoda,Malacostraca,Decapoda,Paguridae,Labidochirus,abundance,Individuals per 1000 square meter,2.195202534
SKQ202412S-DBO2.5,SKQ202412S-DBO2.5-Lepidepecreum eoum,8/12/2024,3:05:16,64.991885,-169.125173,Benthos,"Plumb-staff beam trawl,  2.26m opening, 7-mm mesh net, 4-mm cod end liner",Lepidepecreum eoum,Species,urn:lsid:marinespecies.org:taxname:526370,"Gurjanova, 1938",Animalia,Arthropoda,Malacostraca,Amphipoda,Tryphosidae,Lepidepecreum,abundance,Individuals per 1000 square meter,2.195202534
SKQ202412S-DBO2.5,SKQ202412S-DBO2.5-Leptasterias polaris,8/12/2024,3:05:16,64.991885,-169.125173,Benthos,"Plumb-staff beam trawl,  2.26m opening, 7-mm mesh net, 4-mm cod end liner",Leptasterias (Hexasterias) polaris,Species,urn:lsid:marinespecies.org:taxname:125154,"Müller & Troschel, 1842",Animalia,Echinodermata,Asteroidea,Forcipulatida,Asteriidae,Leptasterias (Hexasterias),abundance,Individuals per 1000 square meter,28.53763294
SKQ202412S-DBO2.5,SKQ202412S-DBO2.5-Maera,8/12/2024,3:05:16,64.991885,-169.125173,Benthos,"Plumb-staff beam trawl,  2.26m opening, 7-mm mesh net, 4-mm cod end liner",Maera,Genus,urn:lsid:marinespecies.org:taxname:101675,"Leach, 1814",Animalia,Arthropoda,Malacostraca,Amphipoda,Maeridae,Maera,abundance,Individuals per 1000 square meter,15.36641774
SKQ202412S-DBO2.5,SKQ202412S-DBO2.5-Melita formosa,8/12/2024,3:05:16,64.991885,-169.125173,Benthos,"Plumb-staff beam trawl,  2.26m opening, 7-mm mesh net, 4-mm cod end liner",Quasimelita formosa,Species,urn:lsid:marinespecies.org:taxname:423709,"Murdoch, 1885",Animalia,Arthropoda,Malacostraca,Amphipoda,Melitidae,Quasimelita,abundance,Individuals per 1000 square meter,2.195202534
SKQ202412S-DBO2.5,SKQ202412S-DBO2.5-Neptunea communis,8/12/2024,3:05:16,64.991885,-169.125173,Benthos,"Plumb-staff beam trawl,  2.26m opening, 7-mm mesh net, 4-mm cod end liner",Neptunea communis,Species,urn:lsid:marinespecies.org:taxname:254656,"Middendorff, 1849",Animalia,Mollusca,Gastropoda,Neogastropoda,Buccinidae,Neptunea,abundance,Individuals per 1000 square meter,4.390405068
SKQ202412S-DBO2.5,SKQ202412S-DBO2.5-Neptunea heros,8/12/2024,3:05:16,64.991885,-169.125173,Benthos,"Plumb-staff beam trawl,  2.26m opening, 7-mm mesh net, 4-mm cod end liner",Neptunea heros,Species,urn:lsid:marinespecies.org:taxname:254479,"J. E. Gray, 1850",Animalia,Mollusca,Gastropoda,Neogastropoda,Buccinidae,Neptunea,abundance,Individuals per 1000 square meter,4.390405068
SKQ202412S-DBO2.5,SKQ202412S-DBO2.5-Pagurus capillatus,8/12/2024,3:05:16,64.991885,-169.125173,Benthos,"Plumb-staff beam trawl,  2.26m opening, 7-mm mesh net, 4-mm cod end liner",Pagurus capillatus,Species,urn:lsid:marinespecies.org:taxname:254489,"Benedict, 1892",Animalia,Arthropoda,Malacostraca,Decapoda,Paguridae,Pagurus,abundance,Individuals per 1000 square meter,2.195202534
SKQ202412S-DBO2.5,SKQ202412S-DBO2.5-Pagurus trigonocheirus,8/12/2024,3:05:16,64.991885,-169.125173,Benthos,"Plumb-staff beam trawl,  2.26m opening, 7-mm mesh net, 4-mm cod end liner",Pagurus trigonocheirus,Species,urn:lsid:marinespecies.org:taxname:254490,"Stimpson, 1858",Animalia,Arthropoda,Malacostraca,Decapoda,Paguridae,Pagurus,abundance,Individuals per 1000 square meter,17.56162027
SKQ202412S-DBO2.5,SKQ202412S-DBO2.5-Pandalus goniurus,8/12/2024,3:05:16,64.991885,-169.125173,Benthos,"Plumb-staff beam trawl,  2.26m opening, 7-mm mesh net, 4-mm cod end liner",Pandalus goniurus,Species,urn:lsid:marinespecies.org:taxname:254483,"Stimpson, 1860",Animalia,Arthropoda,Malacostraca,Decapoda,Pandalidae,Pandalus,abundance,Individuals per 1000 square meter,4.390405068
SKQ202412S-DBO2.5,SKQ202412S-DBO2.5-Ampharetidae,8/12/2024,3:05:16,64.991885,-169.125173,Benthos,"Plumb-staff beam trawl,  2.26m opening, 7-mm mesh net, 4-mm cod end liner",Ampharetidae,Family,urn:lsid:marinespecies.org:taxname:981,"Malmgren, 1866",Animalia,Annelida,Polychaeta,Terebellida,Ampharetidae,n/a,abundance,Individuals per 1000 square meter,2.195202534
SKQ202412S-DBO2.5,SKQ202412S-DBO2.5-Serripes laperousii,8/12/2024,3:05:16,64.991885,-169.125173,Benthos,"Plumb-staff beam trawl,  2.26m opening, 7-mm mesh net, 4-mm cod end liner",Serripes laperousii,Species,urn:lsid:marinespecies.org:taxname:582750,"Deshayes, 1839",Animalia,Mollusca,Bivalvia,Cardiida,Cardiidae,Serripes,abundance,Individuals per 1000 square meter,2.195202534
SKQ202412S-DBO2.5,SKQ202412S-DBO2.5-Sertularia robusta,8/12/2024,3:05:16,64.991885,-169.125173,Benthos,"Plumb-staff beam trawl,  2.26m opening, 7-mm mesh net, 4-mm cod end liner",Sertularia robusta,Species,urn:lsid:marinespecies.org:taxname:117923,"Clark, 1877",Animalia,Cnidaria,Hydrozoa,Leptothecata,Sertulariidae,Sertularia,abundance,Individuals per 1000 square meter,2.195202534
SKQ202412S-DBO2.5,SKQ202412S-DBO2.5-Spirontocaris,8/12/2024,3:05:16,64.991885,-169.125173,Benthos,"Plumb-staff beam trawl,  2.26m opening, 7-mm mesh net, 4-mm cod end liner",Spirontocaris,Genus,urn:lsid:marinespecies.org:taxname:106994,"Spence Bate, 1888",Animalia,Arthropoda,Malacostraca,Decapoda,Thoridae,Spirontocaris,abundance,Individuals per 1000 square meter,2.195202534
SKQ202412S-DBO2.5,SKQ202412S-DBO2.5-Stomphia,8/12/2024,3:05:16,64.991885,-169.125173,Benthos,"Plumb-staff beam trawl,  2.26m opening, 7-mm mesh net, 4-mm cod end liner",Stomphia,Genus,urn:lsid:marinespecies.org:taxname:100716,"Gosse, 1859",Animalia,Cnidaria,Hexacorallia,Actiniaria,Actinostolidae,Stomphia,abundance,Individuals per 1000 square meter,118.5409368
SKQ202412S-DBO3.8,SKQ202412S-DBO3.8-Actiniaria,8/13/2024,8:33:42,67.67534,-168.944162,Benthos,"Plumb-staff beam trawl,  2.26m opening, 7-mm mesh net, 4-mm cod end liner",Actiniaria,Order,urn:lsid:marinespecies.org:taxname:1360,"Hertwig, 1882",Animalia,Cnidaria,Hexacorallia,Actiniaria,n/a,n/a,abundance,Individuals per 1000 square meter,1434.684982
SKQ202412S-DBO3.8,SKQ202412S-DBO3.8-Anonyx,8/13/2024,8:33:42,67.67534,-168.944162,Benthos,"Plumb-staff beam trawl,  2.26m opening, 7-mm mesh net, 4-mm cod end liner",Anonyx,Genus,urn:lsid:marinespecies.org:taxname:101592,"Krøyer, 1838",Animalia,Arthropoda,Malacostraca,Amphipoda,Uristidae,Anonyx,abundance,Individuals per 1000 square meter,36.78679442
SKQ202412S-DBO3.8,SKQ202412S-DBO3.8-Arctonoe fragilis,8/13/2024,8:33:42,67.67534,-168.944162,Benthos,"Plumb-staff beam trawl,  2.26m opening, 7-mm mesh net, 4-mm cod end liner",Arctonoe fragilis,Species,urn:lsid:marinespecies.org:taxname:333029,"Baird, 1863",Animalia,Annelida,Polychaeta,Phyllodocida,Polynoidae,Arctonoe,abundance,Individuals per 1000 square meter,5.255256346
SKQ202412S-DBO3.8,SKQ202412S-DBO3.8-Argis,8/13/2024,8:33:42,67.67534,-168.944162,Benthos,"Plumb-staff beam trawl,  2.26m opening, 7-mm mesh net, 4-mm cod end liner",Argis,Genus,urn:lsid:marinespecies.org:taxname:107006,"Krøyer, 1843",Animalia,Arthropoda,Malacostraca,Decapoda,Crangonidae,Argis,abundance,Individuals per 1000 square meter,2.627628173
SKQ202412S-DBO3.8,SKQ202412S-DBO3.8-Arrhys luthkei,8/13/2024,8:33:42,67.67534,-168.944162,Benthos,"Plumb-staff beam trawl,  2.26m opening, 7-mm mesh net, 4-mm cod end liner",Arrhys luthkei,Species,urn:lsid:marinespecies.org:taxname:423163,"Gurjanova, 1936",Animalia,Arthropoda,Malacostraca,Amphipoda,Oedicerotidae,Arrhis,abundance,Individuals per 1000 square meter,78.82884519
SKQ202412S-DBO3.8,SKQ202412S-DBO3.8-Ascidiacea,8/13/2024,8:33:42,67.67534,-168.944162,Benthos,"Plumb-staff beam trawl,  2.26m opening, 7-mm mesh net, 4-mm cod end liner",Ascidiacea,Class,urn:lsid:marinespecies.org:taxname:1839,"Blainville, 1824",Animalia,Chordata,Ascidiacea,n/a,n/a,n/a,abundance,Individuals per 1000 square meter,n/a
SKQ202412S-DBO3.8,SKQ202412S-DBO3.8-Brada villosa,8/13/2024,8:33:42,67.67534,-168.944162,Benthos,"Plumb-staff beam trawl,  2.26m opening, 7-mm mesh net, 4-mm cod end liner",Bradabyssa villosa,Species,urn:lsid:marinespecies.org:taxname:1355594,"Rathke, 1843",Animalia,Annelida,Polychaeta,Terebellida,Flabelligeridae,Bradabyssa,abundance,Individuals per 1000 square meter,204.954
SKQ202412S-DBO3.8,SKQ202412S-DBO3.8-Buccinum polare,8/13/2024,8:33:42,67.67534,-168.944162,Benthos,"Plumb-staff beam trawl,  2.26m opening, 7-mm mesh net, 4-mm cod end liner",Buccinum polare,Species,urn:lsid:marinespecies.org:taxname:138873,"Gray, 1839",Animalia,Mollusca,Gastropoda,Neogastropoda,Buccinidae,Buccinum,abundance,Individuals per 1000 square meter,15.76576904
SKQ202412S-DBO3.8,SKQ202412S-DBO3.8-Buccinum scalariforme,8/13/2024,8:33:42,67.67534,-168.944162,Benthos,"Plumb-staff beam trawl,  2.26m opening, 7-mm mesh net, 4-mm cod end liner",Buccinum scalariforme,Species,urn:lsid:marinespecies.org:taxname:138875,"Møller, 1842",Animalia,Mollusca,Gastropoda,Neogastropoda,Buccinidae,Buccinum,abundance,Individuals per 1000 square meter,15.76576904
SKQ202412S-DBO3.8,SKQ202412S-DBO3.8-Chionoecetes opilio,8/13/2024,8:33:42,67.67534,-168.944162,Benthos,"Plumb-staff beam trawl,  2.26m opening, 7-mm mesh net, 4-mm cod end liner",Chionoecetes opilio,Species,urn:lsid:marinespecies.org:taxname:107315,"Fabricius, 1788",Animalia,Arthropoda,Malacostraca,Decapoda,Oregoniidae,Chionoecetes,abundance,Individuals per 1000 square meter,254.8799328
SKQ202412S-DBO3.8,SKQ202412S-DBO3.8-Cistenides hyperborea,8/13/2024,8:33:42,67.67534,-168.944162,Benthos,"Plumb-staff beam trawl,  2.26m opening, 7-mm mesh net, 4-mm cod end liner",Cistenides hyperborea,Species,urn:lsid:marinespecies.org:taxname:157317,"Malmgren, 1866",Animalia,Annelida,Polychaeta,Terebellida,Pectinariidae,Cistenides,abundance,Individuals per 1000 square meter,26.27628173
SKQ202412S-DBO3.8,SKQ202412S-DBO3.8-Crangon dalli,8/13/2024,8:33:42,67.67534,-168.944162,Benthos,"Plumb-staff beam trawl,  2.26m opening, 7-mm mesh net, 4-mm cod end liner",Crangon dalli,Species,urn:lsid:marinespecies.org:taxname:254486,"Rathbun, 1902",Animalia,Arthropoda,Malacostraca,Decapoda,Crangonidae,Crangon,abundance,Individuals per 1000 square meter,2.627628173
SKQ202412S-DBO3.8,SKQ202412S-DBO3.8-Cryptonatica affinis,8/13/2024,8:33:42,67.67534,-168.944162,Benthos,"Plumb-staff beam trawl,  2.26m opening, 7-mm mesh net, 4-mm cod end liner",Cryptonatica affinis,Species,urn:lsid:marinespecies.org:taxname:140525,"Gmelin, 1791",Animalia,Mollusca,Gastropoda,Littorinimorpha,Naticidae,Cryptonatica,abundance,Individuals per 1000 square meter,141.8919213
SKQ202412S-DBO3.8,SKQ202412S-DBO3.8-Erichthonius,8/13/2024,8:33:42,67.67534,-168.944162,Benthos,"Plumb-staff beam trawl,  2.26m opening, 7-mm mesh net, 4-mm cod end liner",Erichthonius,Species,urn:lsid:marinespecies.org:taxname:101567,"H. Milne Edwards, 1830",Animalia,Arthropoda,Malacostraca,Amphipoda,Ischyroceridae,Erichthonius,abundance,Individuals per 1000 square meter,5.255256346
SKQ202412S-DBO3.8,SKQ202412S-DBO3.8-Eualus gaimardii ,8/13/2024,8:33:42,67.67534,-168.944162,Benthos,"Plumb-staff beam trawl,  2.26m opening, 7-mm mesh net, 4-mm cod end liner",Eualus gaimardii ,Species,urn:lsid:marinespecies.org:taxname:107504,"H. Milne Edwards, 1837",Animalia,Arthropoda,Malacostraca,Decapoda,Thoridae,Eualus,abundance,Individuals per 1000 square meter,10.51051269
SKQ202412S-DBO3.8,SKQ202412S-DBO3.8-Eualus macilentus,8/13/2024,8:33:42,67.67534,-168.944162,Benthos,"Plumb-staff beam trawl,  2.26m opening, 7-mm mesh net, 4-mm cod end liner",Eualus macilentus,Species,urn:lsid:marinespecies.org:taxname:158359,"Krøyer, 1841",Animalia,Arthropoda,Malacostraca,Decapoda,Thoridae,Eualus,abundance,Individuals per 1000 square meter,28.9039099
SKQ202412S-DBO3.8,SKQ202412S-DBO3.8-Hyas coarctatus,8/13/2024,8:33:42,67.67534,-168.944162,Benthos,"Plumb-staff beam trawl,  2.26m opening, 7-mm mesh net, 4-mm cod end liner",Hyas coarctatus,Species,urn:lsid:marinespecies.org:taxname:107323,"Leach, 1815",Animalia,Arthropoda,Malacostraca,Decapoda,Oregoniidae,Hyas,abundance,Individuals per 1000 square meter,5.255256346
SKQ202412S-DBO3.8,SKQ202412S-DBO3.8-Labidochirus splendescens,8/13/2024,8:33:42,67.67534,-168.944162,Benthos,"Plumb-staff beam trawl,  2.26m opening, 7-mm mesh net, 4-mm cod end liner",Labidochirus splendescens,Species,urn:lsid:marinespecies.org:taxname:248348,"Owen, 1839",Animalia,Arthropoda,Malacostraca,Decapoda,Paguridae,Labidochirus,abundance,Individuals per 1000 square meter,10.51051269
SKQ202412S-DBO3.8,SKQ202412S-DBO3.8-Latisipho hypolispus,8/13/2024,8:33:42,67.67534,-168.944162,Benthos,"Plumb-staff beam trawl,  2.26m opening, 7-mm mesh net, 4-mm cod end liner",Latisipho hypolispus,Species,urn:lsid:marinespecies.org:taxname:491062,"Dall, 1891",Animalia,Mollusca,Gastropoda,Neogastropoda,Buccinidae,Latisipho,abundance,Individuals per 1000 square meter,5.255256346
SKQ202412S-DBO3.8,SKQ202412S-DBO3.8-Leptasterias groenlandica,8/13/2024,8:33:42,67.67534,-168.944162,Benthos,"Plumb-staff beam trawl,  2.26m opening, 7-mm mesh net, 4-mm cod end liner",Leptasterias groenlandica,Species,urn:lsid:marinespecies.org:taxname:369176,"Steenstrup in Lutken, 1857",Animalia,Echinodermata,Asteroidea,Forcipulatida,Asteriidae,Leptasterias,abundance,Individuals per 1000 square meter,39.41442259
SKQ202412S-DBO3.8,SKQ202412S-DBO3.8-Leptasterias polaris,8/13/2024,8:33:42,67.67534,-168.944162,Benthos,"Plumb-staff beam trawl,  2.26m opening, 7-mm mesh net, 4-mm cod end liner",Leptasterias (Hexasterias) polaris,Species,urn:lsid:marinespecies.org:taxname:125154,"Müller & Troschel, 1842",Animalia,Echinodermata,Asteroidea,Forcipulatida,Asteriidae,Leptasterias (Hexasterias),abundance,Individuals per 1000 square meter,63.06307615
SKQ202412S-DBO3.8,SKQ202412S-DBO3.8-Melita formosa,8/13/2024,8:33:42,67.67534,-168.944162,Benthos,"Plumb-staff beam trawl,  2.26m opening, 7-mm mesh net, 4-mm cod end liner",Quasimelita formosa,Species,urn:lsid:marinespecies.org:taxname:423709,"Murdoch, 1885",Animalia,Arthropoda,Malacostraca,Amphipoda,Melitidae,Quasimelita,abundance,Individuals per 1000 square meter,105.1051269
SKQ202412S-DBO3.8,SKQ202412S-DBO3.8-Myriotrochus rinkii,8/13/2024,8:33:42,67.67534,-168.944162,Benthos,"Plumb-staff beam trawl,  2.26m opening, 7-mm mesh net, 4-mm cod end liner",Myriotrochus rinkii,Species,urn:lsid:marinespecies.org:taxname:124446,"Steenstrup, 1851",Animalia,Echinodermata,Holothuroidea,Apodida,Myriotrochidae,Myriotrochus,abundance,Individuals per 1000 square meter,3331.832523
SKQ202412S-DBO3.8,SKQ202412S-DBO3.8-Ophiura robusta,8/13/2024,8:33:42,67.67534,-168.944162,Benthos,"Plumb-staff beam trawl,  2.26m opening, 7-mm mesh net, 4-mm cod end liner",Ophiura robusta,Species,urn:lsid:marinespecies.org:taxname:124933,"Ayres, 1852",Animalia,Echinodermata,Ophiuroidea,Ophiurida,Ophiuridae,Ophiura,abundance,Individuals per 1000 square meter,42.04205077
SKQ202412S-DBO3.8,SKQ202412S-DBO3.8-Pagurus capillatus,8/13/2024,8:33:42,67.67534,-168.944162,Benthos,"Plumb-staff beam trawl,  2.26m opening, 7-mm mesh net, 4-mm cod end liner",Pagurus capillatus,Species,urn:lsid:marinespecies.org:taxname:254489,"Benedict, 1892",Animalia,Arthropoda,Malacostraca,Decapoda,Paguridae,Pagurus,abundance,Individuals per 1000 square meter,26.27628173
SKQ202412S-DBO3.8,SKQ202412S-DBO3.8-Phyllodoce groenlandica,8/13/2024,8:33:42,67.67534,-168.944162,Benthos,"Plumb-staff beam trawl,  2.26m opening, 7-mm mesh net, 4-mm cod end liner",Phyllodoce groenlandica,Species,urn:lsid:marinespecies.org:taxname:334506,"Örsted, 1842",Animalia,Annelida,Polychaeta,Phyllodocida,Phyllodocidae,Phyllodoce,abundance,Individuals per 1000 square meter,5.255256346
SKQ202412S-DBO3.8,SKQ202412S-DBO3.8-Ampharetidae,8/13/2024,8:33:42,67.67534,-168.944162,Benthos,"Plumb-staff beam trawl,  2.26m opening, 7-mm mesh net, 4-mm cod end liner",Ampharetidae,Family,urn:lsid:marinespecies.org:taxname:981,"Malmgren, 1866",Animalia,Annelida,Polychaeta,Terebellida,Ampharetidae,n/a,abundance,Individuals per 1000 square meter,10.51051269
SKQ202412S-DBO3.8,SKQ202412S-DBO3.8-Serripes groenlandica,8/13/2024,8:33:42,67.67534,-168.944162,Benthos,"Plumb-staff beam trawl,  2.26m opening, 7-mm mesh net, 4-mm cod end liner",Serripes groenlandica,Species,urn:lsid:marinespecies.org:taxname:582749,"Mohr, 1786",Animalia,Mollusca,Bivalvia,Cardiida,Cardiidae,Serripes,abundance,Individuals per 1000 square meter,15.76576904
SKQ202412S-DBO3.8,SKQ202412S-DBO3.8-Stomphia,8/13/2024,8:33:42,67.67534,-168.944162,Benthos,"Plumb-staff beam trawl,  2.26m opening, 7-mm mesh net, 4-mm cod end liner",Stomphia,Genus,urn:lsid:marinespecies.org:taxname:100716,"Gosse, 1859",Animalia,Cnidaria,Hexacorallia,Actiniaria,Actinostolidae,Stomphia,abundance,Individuals per 1000 square meter,68.31833249
SKQ202412S-DBO3.8,SKQ202412S-DBO3.8-Tachyrhynchus erosus,8/13/2024,8:33:42,67.67534,-168.944162,Benthos,"Plumb-staff beam trawl,  2.26m opening, 7-mm mesh net, 4-mm cod end liner",Tachyrhynchus erosus,Species,urn:lsid:marinespecies.org:taxname:196391,"Couthouy, 1838",Animalia,Mollusca,Gastropoda,Caenogastropoda incertae sedis,Turritellidae,Tachyrhynchus,abundance,Individuals per 1000 square meter,10.51051269
SKQ202412S-DBO3.8,SKQ202412S-DBO3.8-Tritonia,8/13/2024,8:33:42,67.67534,-168.944162,Benthos,"Plumb-staff beam trawl,  2.26m opening, 7-mm mesh net, 4-mm cod end liner",Tritonia,Genus,urn:lsid:marinespecies.org:taxname:138580,"Cuvier, 1797",Animalia,Mollusca,Gastropoda,Nudibranchia,Tritoniidae,Tritonia,abundance,Individuals per 1000 square meter,5.255256346
SKQ202412S-DBO3.6,SKQ202412S-DBO3.6-Actiniaria,8/13/2024,14:57:01,67.896156,-168.247056,Benthos,"Plumb-staff beam trawl,  2.26m opening, 7-mm mesh net, 4-mm cod end liner",Actiniaria,Order,urn:lsid:marinespecies.org:taxname:1360,"Hertwig, 1882",Animalia,Cnidaria,Hexacorallia,Actiniaria,n/a,n/a,abundance,Individuals per 1000 square meter,791.2817587
SKQ202412S-DBO3.6,SKQ202412S-DBO3.6-Anonyx,8/13/2024,14:57:01,67.896156,-168.247056,Benthos,"Plumb-staff beam trawl,  2.26m opening, 7-mm mesh net, 4-mm cod end liner",Anonyx,Genus,urn:lsid:marinespecies.org:taxname:101592,"Krøyer, 1838",Animalia,Arthropoda,Malacostraca,Amphipoda,Uristidae,Anonyx,abundance,Individuals per 1000 square meter,24.72755496
SKQ202412S-DBO3.6,SKQ202412S-DBO3.6-Argis,8/13/2024,14:57:01,67.896156,-168.247056,Benthos,"Plumb-staff beam trawl,  2.26m opening, 7-mm mesh net, 4-mm cod end liner",Argis,Genus,urn:lsid:marinespecies.org:taxname:107006,"Krøyer, 1843",Animalia,Arthropoda,Malacostraca,Decapoda,Crangonidae,Argis,abundance,Individuals per 1000 square meter,3.09094437
SKQ202412S-DBO3.6,SKQ202412S-DBO3.6-Arrhys luthkei,8/13/2024,14:57:01,67.896156,-168.247056,Benthos,"Plumb-staff beam trawl,  2.26m opening, 7-mm mesh net, 4-mm cod end liner",Arrhys luthkei,Species,urn:lsid:marinespecies.org:taxname:423163,"Gurjanova, 1936",Animalia,Arthropoda,Malacostraca,Amphipoda,Oedicerotidae,Arrhis,abundance,Individuals per 1000 square meter,37.09133244
SKQ202412S-DBO3.6,SKQ202412S-DBO3.6-Aulacofusus brevicauda,8/13/2024,14:57:01,67.896156,-168.247056,Benthos,"Plumb-staff beam trawl,  2.26m opening, 7-mm mesh net, 4-mm cod end liner",Aulacofusus brevicauda,Species,urn:lsid:marinespecies.org:taxname:490735,"Deshayes, 1832",Animalia,Mollusca,Gastropoda,Neogastropoda,Buccinidae,Aulacofusus,abundance,Individuals per 1000 square meter,12.36377748
SKQ202412S-DBO3.6,SKQ202412S-DBO3.6-Brada villosa,8/13/2024,14:57:01,67.896156,-168.247056,Benthos,"Plumb-staff beam trawl,  2.26m opening, 7-mm mesh net, 4-mm cod end liner",Bradabyssa villosa,Species,urn:lsid:marinespecies.org:taxname:1355594,"Rathke, 1843",Animalia,Annelida,Polychaeta,Terebellida,Flabelligeridae,Bradabyssa,abundance,Individuals per 1000 square meter,234.9117721
SKQ202412S-DBO3.6,SKQ202412S-DBO3.6-Buccinum polare,8/13/2024,14:57:01,67.896156,-168.247056,Benthos,"Plumb-staff beam trawl,  2.26m opening, 7-mm mesh net, 4-mm cod end liner",Buccinum polare,Species,urn:lsid:marinespecies.org:taxname:138873,"Gray, 1839",Animalia,Mollusca,Gastropoda,Neogastropoda,Buccinidae,Buccinum,abundance,Individuals per 1000 square meter,49.45510992
SKQ202412S-DBO3.6,SKQ202412S-DBO3.6-Buccinum scalariforme,8/13/2024,14:57:01,67.896156,-168.247056,Benthos,"Plumb-staff beam trawl,  2.26m opening, 7-mm mesh net, 4-mm cod end liner",Buccinum scalariforme,Species,urn:lsid:marinespecies.org:taxname:138875,"Møller, 1842",Animalia,Mollusca,Gastropoda,Neogastropoda,Buccinidae,Buccinum,abundance,Individuals per 1000 square meter,37.09133244
SKQ202412S-DBO3.6,SKQ202412S-DBO3.6-Buccinum solenum,8/13/2024,14:57:01,67.896156,-168.247056,Benthos,"Plumb-staff beam trawl,  2.26m opening, 7-mm mesh net, 4-mm cod end liner",Buccinum terraenovae,Species,urn:lsid:marinespecies.org:taxname:490864,"Mörch, 1869",Animalia,Mollusca,Gastropoda,Neogastropoda,Buccinidae,Buccinum,abundance,Individuals per 1000 square meter,12.36377748
SKQ202412S-DBO3.6,SKQ202412S-DBO3.6-Chionoecetes opilio,8/13/2024,14:57:01,67.896156,-168.247056,Benthos,"Plumb-staff beam trawl,  2.26m opening, 7-mm mesh net, 4-mm cod end liner",Chionoecetes opilio,Species,urn:lsid:marinespecies.org:taxname:107315,"Fabricius, 1788",Animalia,Arthropoda,Malacostraca,Decapoda,Oregoniidae,Chionoecetes,abundance,Individuals per 1000 square meter,216.3661059
SKQ202412S-DBO3.6,SKQ202412S-DBO3.6-Cistenides hyperborea,8/13/2024,14:57:01,67.896156,-168.247056,Benthos,"Plumb-staff beam trawl,  2.26m opening, 7-mm mesh net, 4-mm cod end liner",Cistenides hyperborea,Species,urn:lsid:marinespecies.org:taxname:157317,"Malmgren, 1866",Animalia,Annelida,Polychaeta,Terebellida,Pectinariidae,Cistenides,abundance,Individuals per 1000 square meter,1186.922638
SKQ202412S-DBO3.6,SKQ202412S-DBO3.6-Cryptonatica affinis,8/13/2024,14:57:01,67.896156,-168.247056,Benthos,"Plumb-staff beam trawl,  2.26m opening, 7-mm mesh net, 4-mm cod end liner",Cryptonatica affinis,Species,urn:lsid:marinespecies.org:taxname:140525,"Gmelin, 1791",Animalia,Mollusca,Gastropoda,Littorinimorpha,Naticidae,Cryptonatica,abundance,Individuals per 1000 square meter,136.0015523
SKQ202412S-DBO3.6,SKQ202412S-DBO3.6-Eualus gaimardii ,8/13/2024,14:57:01,67.896156,-168.247056,Benthos,"Plumb-staff beam trawl,  2.26m opening, 7-mm mesh net, 4-mm cod end liner",Eualus gaimardii ,Species,urn:lsid:marinespecies.org:taxname:107504,"H. Milne Edwards, 1837",Animalia,Arthropoda,Malacostraca,Decapoda,Thoridae,Eualus,abundance,Individuals per 1000 square meter,55.63699866
SKQ202412S-DBO3.6,SKQ202412S-DBO3.6-Eualus macilentus,8/13/2024,14:57:01,67.896156,-168.247056,Benthos,"Plumb-staff beam trawl,  2.26m opening, 7-mm mesh net, 4-mm cod end liner",Eualus macilentus,Species,urn:lsid:marinespecies.org:taxname:158359,"Krøyer, 1841",Animalia,Arthropoda,Malacostraca,Decapoda,Thoridae,Eualus,abundance,Individuals per 1000 square meter,34.00038807
SKQ202412S-DBO3.6,SKQ202412S-DBO3.6-Euspira pallida,8/13/2024,14:57:01,67.896156,-168.247056,Benthos,"Plumb-staff beam trawl,  2.26m opening, 7-mm mesh net, 4-mm cod end liner",Euspira pallida,Species,urn:lsid:marinespecies.org:taxname:140536,"Broderip & G. B. Sowerby I, 1829",Animalia,Mollusca,Gastropoda,Littorinimorpha,Naticidae,Euspira,abundance,Individuals per 1000 square meter,37.09133244
SKQ202412S-DBO3.6,SKQ202412S-DBO3.6-Latisipho hypolispus,8/13/2024,14:57:01,67.896156,-168.247056,Benthos,"Plumb-staff beam trawl,  2.26m opening, 7-mm mesh net, 4-mm cod end liner",Latisipho hypolispus,Species,urn:lsid:marinespecies.org:taxname:491062,"Dall, 1891",Animalia,Mollusca,Gastropoda,Neogastropoda,Buccinidae,Latisipho,abundance,Individuals per 1000 square meter,12.36377748
SKQ202412S-DBO3.6,SKQ202412S-DBO3.6-Leptasterias groenlandica,8/13/2024,14:57:01,67.896156,-168.247056,Benthos,"Plumb-staff beam trawl,  2.26m opening, 7-mm mesh net, 4-mm cod end liner",Leptasterias groenlandica,Species,urn:lsid:marinespecies.org:taxname:369176,"Steenstrup in Lutken, 1857",Animalia,Echinodermata,Asteroidea,Forcipulatida,Asteriidae,Leptasterias,abundance,Individuals per 1000 square meter,210.1842172
SKQ202412S-DBO3.6,SKQ202412S-DBO3.6-Leptasterias polaris,8/13/2024,14:57:01,67.896156,-168.247056,Benthos,"Plumb-staff beam trawl,  2.26m opening, 7-mm mesh net, 4-mm cod end liner",Leptasterias (Hexasterias) polaris,Species,urn:lsid:marinespecies.org:taxname:125154,"Müller & Troschel, 1842",Animalia,Echinodermata,Asteroidea,Forcipulatida,Asteriidae,Leptasterias (Hexasterias),abundance,Individuals per 1000 square meter,12.36377748
SKQ202412S-DBO3.6,SKQ202412S-DBO3.6-Melita formosa,8/13/2024,14:57:01,67.896156,-168.247056,Benthos,"Plumb-staff beam trawl,  2.26m opening, 7-mm mesh net, 4-mm cod end liner",Quasimelita formosa,Species,urn:lsid:marinespecies.org:taxname:423709,"Murdoch, 1885",Animalia,Arthropoda,Malacostraca,Amphipoda,Melitidae,Quasimelita,abundance,Individuals per 1000 square meter,61.8188874
SKQ202412S-DBO3.6,SKQ202412S-DBO3.6-Neptunea heros,8/13/2024,14:57:01,67.896156,-168.247056,Benthos,"Plumb-staff beam trawl,  2.26m opening, 7-mm mesh net, 4-mm cod end liner",Neptunea heros,Species,urn:lsid:marinespecies.org:taxname:254479,"J. E. Gray, 1850",Animalia,Mollusca,Gastropoda,Neogastropoda,Buccinidae,Neptunea,abundance,Individuals per 1000 square meter,49.45510992
SKQ202412S-DBO3.6,SKQ202412S-DBO3.6-Ophiura sarsiii,8/13/2024,14:57:01,67.896156,-168.247056,Benthos,"Plumb-staff beam trawl,  2.26m opening, 7-mm mesh net, 4-mm cod end liner",Ophiura sarsiii,Species,urn:lsid:marinespecies.org:taxname:124934,"Lütken, 1855",Animalia,Echinodermata,Ophiuroidea,Ophiurida,Ophiuridae,Ophiura,abundance,Individuals per 1000 square meter,1644.382405
SKQ202412S-DBO3.6,SKQ202412S-DBO3.6-Pagurus trigonocheirus,8/13/2024,14:57:01,67.896156,-168.247056,Benthos,"Plumb-staff beam trawl,  2.26m opening, 7-mm mesh net, 4-mm cod end liner",Pagurus trigonocheirus,Species,urn:lsid:marinespecies.org:taxname:254490,"Stimpson, 1858",Animalia,Arthropoda,Malacostraca,Decapoda,Paguridae,Pagurus,abundance,Individuals per 1000 square meter,74.18266488
SKQ202412S-DBO3.6,SKQ202412S-DBO3.6-Phyllodoce groenlandica,8/13/2024,14:57:01,67.896156,-168.247056,Benthos,"Plumb-staff beam trawl,  2.26m opening, 7-mm mesh net, 4-mm cod end liner",Phyllodoce groenlandica,Species,urn:lsid:marinespecies.org:taxname:334506,"Örsted, 1842",Animalia,Annelida,Polychaeta,Phyllodocida,Phyllodocidae,Phyllodoce,abundance,Individuals per 1000 square meter,12.36377748
SKQ202412S-DBO3.6,SKQ202412S-DBO3.6-Ampharetidae,8/13/2024,14:57:01,67.896156,-168.247056,Benthos,"Plumb-staff beam trawl,  2.26m opening, 7-mm mesh net, 4-mm cod end liner",Ampharetidae,Family,urn:lsid:marinespecies.org:taxname:981,"Malmgren, 1866",Animalia,Annelida,Polychaeta,Terebellida,Ampharetidae,n/a,abundance,Individuals per 1000 square meter,49.45510992
SKQ202412S-DBO3.6,SKQ202412S-DBO3.6-Stegocephalidae,8/13/2024,14:57:01,67.896156,-168.247056,Benthos,"Plumb-staff beam trawl,  2.26m opening, 7-mm mesh net, 4-mm cod end liner",Stegocephalidae,Family,urn:lsid:marinespecies.org:taxname:101408,"Dana, 1852",Animalia,Arthropoda,Malacostraca,Amphipoda,Stegocephalidae,n/a,abundance,Individuals per 1000 square meter,24.72755496
SKQ202412S-DBO3.6,SKQ202412S-DBO3.6-Stomphia,8/13/2024,14:57:01,67.896156,-168.247056,Benthos,"Plumb-staff beam trawl,  2.26m opening, 7-mm mesh net, 4-mm cod end liner",Stomphia,Genus,urn:lsid:marinespecies.org:taxname:100716,"Gosse, 1859",Animalia,Cnidaria,Hexacorallia,Actiniaria,Actinostolidae,Stomphia,abundance,Individuals per 1000 square meter,173.0928847
SKQ202412S-DBO3.4,SKQ202412S-DBO3.4-Amicula vestita,8/14/2024,3:13:36,68.127488,-167.488458,Benthos,"Plumb-staff beam trawl,  2.26m opening, 7-mm mesh net, 4-mm cod end liner",Amicula amiculata,Species,urn:lsid:marinespecies.org:taxname:386339,"Pallas, 1788",Animalia,Mollusca,Polyplacophora,Chitonida,Mopaliidae,Amicula,abundance,Individuals per 1000 square meter,2.347213599
SKQ202412S-DBO3.4,SKQ202412S-DBO3.4-Amphiura sundevalli,8/14/2024,3:13:36,68.127488,-167.488458,Benthos,"Plumb-staff beam trawl,  2.26m opening, 7-mm mesh net, 4-mm cod end liner",Amphiura sundevalli,Species,urn:lsid:marinespecies.org:taxname:125100,"Müller & Troschel, 1842",Animalia,Echinodermata,Ophiuroidea,Amphilepidida,Amphiuridae,Amphiura,abundance,Individuals per 1000 square meter,4.694427198
SKQ202412S-DBO3.4,SKQ202412S-DBO3.4-Actiniaria,8/14/2024,3:13:36,68.127488,-167.488458,Benthos,"Plumb-staff beam trawl,  2.26m opening, 7-mm mesh net, 4-mm cod end liner",Actiniaria,Order,urn:lsid:marinespecies.org:taxname:1360,"Hertwig, 1882",Animalia,Cnidaria,Hexacorallia,Actiniaria,n/a,n/a,abundance,Individuals per 1000 square meter,7.041640797
SKQ202412S-DBO3.4,SKQ202412S-DBO3.4-Argis,8/14/2024,3:13:36,68.127488,-167.488458,Benthos,"Plumb-staff beam trawl,  2.26m opening, 7-mm mesh net, 4-mm cod end liner",Argis,Genus,urn:lsid:marinespecies.org:taxname:107006,"Krøyer, 1843",Animalia,Arthropoda,Malacostraca,Decapoda,Crangonidae,Argis,abundance,Individuals per 1000 square meter,77.45804877
SKQ202412S-DBO3.4,SKQ202412S-DBO3.4-Balanus nubilis,8/14/2024,3:13:36,68.127488,-167.488458,Benthos,"Plumb-staff beam trawl,  2.26m opening, 7-mm mesh net, 4-mm cod end liner",Balanus nubilus,Species,urn:lsid:marinespecies.org:taxname:594745,"Darwin, 1854",Animalia,Arthropoda,Thecostraca,Balanomorpha,Balanidae,Balanus,abundance,Individuals per 1000 square meter,n/a
SKQ202412S-DBO3.4,SKQ202412S-DBO3.4-Beringius behringi,8/14/2024,3:13:36,68.127488,-167.488458,Benthos,"Plumb-staff beam trawl,  2.26m opening, 7-mm mesh net, 4-mm cod end liner",Beringius behringi,Species,urn:lsid:marinespecies.org:taxname:160112,"Middendorff, 1848",Animalia,Mollusca,Gastropoda,Neogastropoda,Buccinidae,Beringius,abundance,Individuals per 1000 square meter,2.347213599
SKQ202412S-DBO3.4,SKQ202412S-DBO3.4-Boltenia echinata,8/14/2024,3:13:36,68.127488,-167.488458,Benthos,"Plumb-staff beam trawl,  2.26m opening, 7-mm mesh net, 4-mm cod end liner",Boltenia echinata,Species,urn:lsid:marinespecies.org:taxname:103814,"Linnaeus, 1767",Animalia,Chordata,Ascidiacea,Stolidobranchia,Pyuridae,Boltenia,abundance,Individuals per 1000 square meter,35.20820399
SKQ202412S-DBO3.4,SKQ202412S-DBO3.4-Brachiopoda,8/14/2024,3:13:36,68.127488,-167.488458,Benthos,"Plumb-staff beam trawl,  2.26m opening, 7-mm mesh net, 4-mm cod end liner",Brachiopoda,Phylum,urn:lsid:marinespecies.org:taxname:1803,"Duméril, 1805",Animalia,Brachiopoda,n/a,n/a,n/a,n/a,abundance,Individuals per 1000 square meter,35.20820399
SKQ202412S-DBO3.4,SKQ202412S-DBO3.4-Bryozoa soft lobed,8/14/2024,3:13:36,68.127488,-167.488458,Benthos,"Plumb-staff beam trawl,  2.26m opening, 7-mm mesh net, 4-mm cod end liner",Bryozoa soft lobed,Phylum,urn:lsid:marinespecies.org:taxname:146142,n/a,Animalia,Bryozoa,n/a,n/a,n/a,n/a,abundance,Individuals per 1000 square meter,n/a
SKQ202412S-DBO3.4,SKQ202412S-DBO3.4-Chionoecetes opilio,8/14/2024,3:13:36,68.127488,-167.488458,Benthos,"Plumb-staff beam trawl,  2.26m opening, 7-mm mesh net, 4-mm cod end liner",Chionoecetes opilio,Species,urn:lsid:marinespecies.org:taxname:107315,"Fabricius, 1788",Animalia,Arthropoda,Malacostraca,Decapoda,Oregoniidae,Chionoecetes,abundance,Individuals per 1000 square meter,70.41640797
SKQ202412S-DBO3.4,SKQ202412S-DBO3.4-Chlamys behringiana,8/14/2024,3:13:36,68.127488,-167.488458,Benthos,"Plumb-staff beam trawl,  2.26m opening, 7-mm mesh net, 4-mm cod end liner",Chlamys behringiana,Species,urn:lsid:marinespecies.org:taxname:391825,"Middendorff, 1849",Animalia,Mollusca,Bivalvia,Pectinida,Pectinidae,Chlamys,abundance,Individuals per 1000 square meter,14.08328159
SKQ202412S-DBO3.4,SKQ202412S-DBO3.4-Cistenides hyperborea,8/14/2024,3:13:36,68.127488,-167.488458,Benthos,"Plumb-staff beam trawl,  2.26m opening, 7-mm mesh net, 4-mm cod end liner",Cistenides hyperborea,Species,urn:lsid:marinespecies.org:taxname:157317,"Malmgren, 1866",Animalia,Annelida,Polychaeta,Terebellida,Pectinariidae,Cistenides,abundance,Individuals per 1000 square meter,4.694427198
SKQ202412S-DBO3.4,SKQ202412S-DBO3.4-Dendrodoa lineata,8/14/2024,3:13:36,68.127488,-167.488458,Benthos,"Plumb-staff beam trawl,  2.26m opening, 7-mm mesh net, 4-mm cod end liner",Dendrodoa lineata,Species,urn:lsid:marinespecies.org:taxname:103883,"Traustedt, 1880",Animalia,Chordata,Ascidiacea,Stolidobranchia,Styelidae,Dendrodoa,abundance,Individuals per 1000 square meter,7.041640797
SKQ202412S-DBO3.4,SKQ202412S-DBO3.4-Diastylis alaskensis,8/14/2024,3:13:36,68.127488,-167.488458,Benthos,"Plumb-staff beam trawl,  2.26m opening, 7-mm mesh net, 4-mm cod end liner",Diastylis alaskensis,Species,urn:lsid:marinespecies.org:taxname:181923,"Calman, 1912",Animalia,Arthropoda,Malacostraca,Cumacea,Diastylidae,Diastylis,abundance,Individuals per 1000 square meter,9.388854396
SKQ202412S-DBO3.4,SKQ202412S-DBO3.4-Eualus gaimardii ,8/14/2024,3:13:36,68.127488,-167.488458,Benthos,"Plumb-staff beam trawl,  2.26m opening, 7-mm mesh net, 4-mm cod end liner",Eualus gaimardii ,Species,urn:lsid:marinespecies.org:taxname:107504,"H. Milne Edwards, 1837",Animalia,Arthropoda,Malacostraca,Decapoda,Thoridae,Eualus,abundance,Individuals per 1000 square meter,14.08328159
SKQ202412S-DBO3.4,SKQ202412S-DBO3.4-Eucratea loricata,8/14/2024,3:13:36,68.127488,-167.488458,Benthos,"Plumb-staff beam trawl,  2.26m opening, 7-mm mesh net, 4-mm cod end liner",Eucratea loricata,Species,urn:lsid:marinespecies.org:taxname:111361,"Linnaeus, 1758",Animalia,Bryozoa,Gymnolaemata,Cheilostomatida,Eucrateidae,Eucratea,abundance,Individuals per 1000 square meter,n/a
SKQ202412S-DBO3.4,SKQ202412S-DBO3.4-Gersemia rubiformis,8/14/2024,3:13:36,68.127488,-167.488458,Benthos,"Plumb-staff beam trawl,  2.26m opening, 7-mm mesh net, 4-mm cod end liner",Gersemia rubiformis,Species,urn:lsid:marinespecies.org:taxname:156103,"Ehrenberg, 1834",Animalia,Cnidaria,Octocorallia,Malacalcyonacea,Alcyoniidae,Gersemia,abundance,Individuals per 1000 square meter,n/a
SKQ202412S-DBO3.4,SKQ202412S-DBO3.4-Golfingia margaritacea,8/14/2024,3:13:36,68.127488,-167.488458,Benthos,"Plumb-staff beam trawl,  2.26m opening, 7-mm mesh net, 4-mm cod end liner",Golfingia margaritacea,Species,urn:lsid:marinespecies.org:taxname:175027,"Sars, 1851",Animalia,Annelida,n/a,Sipuncula,Golfingiidae,Golfingia,abundance,Individuals per 1000 square meter,32.86099039
SKQ202412S-DBO3.4,SKQ202412S-DBO3.4-Gorgonocephalus eucnemis,8/14/2024,3:13:36,68.127488,-167.488458,Benthos,"Plumb-staff beam trawl,  2.26m opening, 7-mm mesh net, 4-mm cod end liner",Gorgonocephalus eucnemis,Species,urn:lsid:marinespecies.org:taxname:124969,"Müller & Troschel, 1842",Animalia,Echinodermata,Ophiuroidea,Euryalida,Gorgonocephalidae,Gorgonocephalus,abundance,Individuals per 1000 square meter,7.041640797
SKQ202412S-DBO3.4,SKQ202412S-DBO3.4-Halichondria panicea,8/14/2024,3:13:36,68.127488,-167.488458,Benthos,"Plumb-staff beam trawl,  2.26m opening, 7-mm mesh net, 4-mm cod end liner",Halichondria panicea,Species,urn:lsid:marinespecies.org:taxname:165853,"Pallas, 1766",Animalia,Porifera,Demospongiae,Suberitida,Halichondriidae,Halichondria,abundance,Individuals per 1000 square meter,n/a
SKQ202412S-DBO3.4,SKQ202412S-DBO3.4-Halocynthia aurantium,8/14/2024,3:13:36,68.127488,-167.488458,Benthos,"Plumb-staff beam trawl,  2.26m opening, 7-mm mesh net, 4-mm cod end liner",Halocynthia aurantium,Species,urn:lsid:marinespecies.org:taxname:250674,"Pallas, 1787",Animalia,Chordata,Ascidiacea,Stolidobranchia,Pyuridae,Halocynthia,abundance,Individuals per 1000 square meter,72.76362157
SKQ202412S-DBO3.4,SKQ202412S-DBO3.4-Heteropora,8/14/2024,3:13:36,68.127488,-167.488458,Benthos,"Plumb-staff beam trawl,  2.26m opening, 7-mm mesh net, 4-mm cod end liner",Heteropora,Genus,urn:lsid:marinespecies.org:taxname:248342,"de Blainville, 1830",Animalia,Bryozoa,Stenolaemata,Cyclostomatida,Heteroporidae,Heteropora,abundance,Individuals per 1000 square meter,n/a
SKQ202412S-DBO3.4,SKQ202412S-DBO3.4-Hiatella arctica,8/14/2024,3:13:36,68.127488,-167.488458,Benthos,"Plumb-staff beam trawl,  2.26m opening, 7-mm mesh net, 4-mm cod end liner",Hiatella arctica,Species,urn:lsid:marinespecies.org:taxname:140103,"Linnaeus, 1767",Animalia,Mollusca,Bivalvia,Adapedonta,Hiatellidae,Hiatella,abundance,Individuals per 1000 square meter,16.43049519
SKQ202412S-DBO3.4,SKQ202412S-DBO3.4-Hyas coarctatus,8/14/2024,3:13:36,68.127488,-167.488458,Benthos,"Plumb-staff beam trawl,  2.26m opening, 7-mm mesh net, 4-mm cod end liner",Hyas coarctatus,Species,urn:lsid:marinespecies.org:taxname:107323,"Leach, 1815",Animalia,Arthropoda,Malacostraca,Decapoda,Oregoniidae,Hyas,abundance,Individuals per 1000 square meter,23.47213599
SKQ202412S-DBO3.4,SKQ202412S-DBO3.4-Hydroidea,8/14/2024,3:13:36,68.127488,-167.488458,Benthos,"Plumb-staff beam trawl,  2.26m opening, 7-mm mesh net, 4-mm cod end liner",Hydrozoa,Class,urn:lsid:marinespecies.org:taxname:1337,"Owen, 1843",Animalia,Cnidaria,Hydrozoa,n/a,n/a,n/a,abundance,Individuals per 1000 square meter,n/a
SKQ202412S-DBO3.4,SKQ202412S-DBO3.4-Maera prionochira,8/14/2024,3:13:36,68.127488,-167.488458,Benthos,"Plumb-staff beam trawl,  2.26m opening, 7-mm mesh net, 4-mm cod end liner",Maera danae,Species,urn:lsid:marinespecies.org:taxname:158037,"Stimpson, 1853",Animalia,Arthropoda,Malacostraca,Amphipoda,Maeridae,Maera,abundance,Individuals per 1000 square meter,7.041640797
SKQ202412S-DBO3.4,SKQ202412S-DBO3.4-Maldanidae,8/14/2024,3:13:36,68.127488,-167.488458,Benthos,"Plumb-staff beam trawl,  2.26m opening, 7-mm mesh net, 4-mm cod end liner",Maldanidae,Family,urn:lsid:marinespecies.org:taxname:923,"Malmgren, 1867",Animalia,Annelida,Polychaeta,n/a,Maldanidae,n/a,abundance,Individuals per 1000 square meter,2.347213599
SKQ202412S-DBO3.4,SKQ202412S-DBO3.4-Margarites costalis,8/14/2024,3:13:36,68.127488,-167.488458,Benthos,"Plumb-staff beam trawl,  2.26m opening, 7-mm mesh net, 4-mm cod end liner",Margarites costalis,Species,urn:lsid:marinespecies.org:taxname:141819,"A. Gould, 1841",Animalia,Mollusca,Gastropoda,Trochida,Margaritidae,Margarites,abundance,Individuals per 1000 square meter,7.041640797
SKQ202412S-DBO3.4,SKQ202412S-DBO3.4-Melita dentata,8/14/2024,3:13:36,68.127488,-167.488458,Benthos,"Plumb-staff beam trawl,  2.26m opening, 7-mm mesh net, 4-mm cod end liner",Megamoera dentata,Species,urn:lsid:marinespecies.org:taxname:423508,"Krøyer, 1842",Animalia,Arthropoda,Malacostraca,Amphipoda,Melitidae,Megamoera,abundance,Individuals per 1000 square meter,4.694427198
SKQ202412S-DBO3.4,SKQ202412S-DBO3.4-Nereis pelagica,8/14/2024,3:13:36,68.127488,-167.488458,Benthos,"Plumb-staff beam trawl,  2.26m opening, 7-mm mesh net, 4-mm cod end liner",Nereis pelagica,Species,urn:lsid:marinespecies.org:taxname:130404,"Linnaeus, 1758",Animalia,Annelida,Polychaeta,Phyllodocida,Nereididae,Nereis,abundance,Individuals per 1000 square meter,2.347213599
SKQ202412S-DBO3.4,SKQ202412S-DBO3.4-Ophiopholis aculeata,8/14/2024,3:13:36,68.127488,-167.488458,Benthos,"Plumb-staff beam trawl,  2.26m opening, 7-mm mesh net, 4-mm cod end liner",Ophiopholis aculeata,Species,urn:lsid:marinespecies.org:taxname:125125,"Linnaeus, 1767",Animalia,Echinodermata,Ophiuroidea,Amphilepidida,Ophiopholidae,Ophiopholis,abundance,Individuals per 1000 square meter,4.694427198
SKQ202412S-DBO3.4,SKQ202412S-DBO3.4-Ophiura robusta,8/14/2024,3:13:36,68.127488,-167.488458,Benthos,"Plumb-staff beam trawl,  2.26m opening, 7-mm mesh net, 4-mm cod end liner",Ophiura robusta,Species,urn:lsid:marinespecies.org:taxname:124933,"Ayres, 1852",Animalia,Echinodermata,Ophiuroidea,Ophiurida,Ophiuridae,Ophiura,abundance,Individuals per 1000 square meter,7.041640797
SKQ202412S-DBO3.4,SKQ202412S-DBO3.4-Pandalus borealis eous,8/14/2024,3:13:36,68.127488,-167.488458,Benthos,"Plumb-staff beam trawl,  2.26m opening, 7-mm mesh net, 4-mm cod end liner",Pandalus borealis eous,Species,urn:lsid:marinespecies.org:taxname:515463,"Makarov, 1935",Animalia,Arthropoda,Malacostraca,Decapoda,Pandalidae,Pandalus,abundance,Individuals per 1000 square meter,93.88854396
SKQ202412S-DBO3.4,SKQ202412S-DBO3.4-Polynoidae,8/14/2024,3:13:36,68.127488,-167.488458,Benthos,"Plumb-staff beam trawl,  2.26m opening, 7-mm mesh net, 4-mm cod end liner",Polynoidae,Family,urn:lsid:marinespecies.org:taxname:939,"Kinberg, 1856",Animalia,Annelida,Polychaeta,Phyllodocida,Polynoidae,n/a,abundance,Individuals per 1000 square meter,16.43049519
SKQ202412S-DBO3.4,SKQ202412S-DBO3.4-Pteraster obscurus,8/14/2024,3:13:36,68.127488,-167.488458,Benthos,"Plumb-staff beam trawl,  2.26m opening, 7-mm mesh net, 4-mm cod end liner",Pteraster obscurus,Species,urn:lsid:marinespecies.org:taxname:124149,"Perrier, 1891",Animalia,Echinodermata,Asteroidea,Velatida,Pterasteridae,Pteraster,abundance,Individuals per 1000 square meter,2.347213599
SKQ202412S-DBO3.4,SKQ202412S-DBO3.4-Sclerocrangon boreas,8/14/2024,3:13:36,68.127488,-167.488458,Benthos,"Plumb-staff beam trawl,  2.26m opening, 7-mm mesh net, 4-mm cod end liner",Sclerocrangon boreas,Species,urn:lsid:marinespecies.org:taxname:107568,"Phipps, 1774",Animalia,Arthropoda,Malacostraca,Decapoda,Crangonidae,Sclerocrangon,abundance,Individuals per 1000 square meter,2.347213599
SKQ202412S-DBO3.4,SKQ202412S-DBO3.4-Sertularia robusta,8/14/2024,3:13:36,68.127488,-167.488458,Benthos,"Plumb-staff beam trawl,  2.26m opening, 7-mm mesh net, 4-mm cod end liner",Sertularia robusta,Species,urn:lsid:marinespecies.org:taxname:117923,"Clark, 1877",Animalia,Cnidaria,Hydrozoa,Leptothecata,Sertulariidae,Sertularia,abundance,Individuals per 1000 square meter,16.43049519
SKQ202412S-DBO3.4,SKQ202412S-DBO3.4-Spirontocaris,8/14/2024,3:13:36,68.127488,-167.488458,Benthos,"Plumb-staff beam trawl,  2.26m opening, 7-mm mesh net, 4-mm cod end liner",Spirontocaris,Genus,urn:lsid:marinespecies.org:taxname:106994,"Spence Bate, 1888",Animalia,Arthropoda,Malacostraca,Decapoda,Thoridae,Spirontocaris,abundance,Individuals per 1000 square meter,11.736068
SKQ202412S-DBO3.4,SKQ202412S-DBO3.4-Stenosemus albus,8/14/2024,3:13:36,68.127488,-167.488458,Benthos,"Plumb-staff beam trawl,  2.26m opening, 7-mm mesh net, 4-mm cod end liner",Stenosemus albus,Species,urn:lsid:marinespecies.org:taxname:247773,"Linnaeus, 1767",Animalia,Mollusca,Polyplacophora,Chitonida,Ischnochitonidae,Stenosemus,abundance,Individuals per 1000 square meter,2.347213599
SKQ202412S-DBO3.4,SKQ202412S-DBO3.4-Stomphia,8/14/2024,3:13:36,68.127488,-167.488458,Benthos,"Plumb-staff beam trawl,  2.26m opening, 7-mm mesh net, 4-mm cod end liner",Stomphia,Genus,urn:lsid:marinespecies.org:taxname:100716,"Gosse, 1859",Animalia,Cnidaria,Hexacorallia,Actiniaria,Actinostolidae,Stomphia,abundance,Individuals per 1000 square meter,2.347213599
SKQ202412S-DBO3.4,SKQ202412S-DBO3.4-Strongylocentrotus pallidus,8/14/2024,3:13:36,68.127488,-167.488458,Benthos,"Plumb-staff beam trawl,  2.26m opening, 7-mm mesh net, 4-mm cod end liner",Strongylocentrotus pallidus,Species,urn:lsid:marinespecies.org:taxname:124324,"Sars G.O., 1872",Animalia,Echinodermata,Echinoidea,Camarodonta,Strongylocentrotidae,Strongylocentrotus,abundance,Individuals per 1000 square meter,147.8744567
SKQ202412S-DBO3.4,SKQ202412S-DBO3.4-Styela rustica,8/14/2024,3:13:36,68.127488,-167.488458,Benthos,"Plumb-staff beam trawl,  2.26m opening, 7-mm mesh net, 4-mm cod end liner",Styela rustica,Species,urn:lsid:marinespecies.org:taxname:103937,"Linnaeus, 1767",Animalia,Chordata,Ascidiacea,Stolidobranchia,Styelidae,Styela,abundance,Individuals per 1000 square meter,7.041640797
SKQ202412S-DBO3.2,SKQ202412S-DBO3.2-Abietinaria,8/14/2024,8:17:18,68.242117,-167.117382,Benthos,"Plumb-staff beam trawl,  2.26m opening, 7-mm mesh net, 4-mm cod end liner",Abietinaria,Genus,urn:lsid:marinespecies.org:taxname:117225,"Kirchenpauer, 1884",Animalia,Cnidaria,Hydrozoa,Leptothecata,Sertulariidae,Abietinaria,abundance,Individuals per 1000 square meter,n/a
SKQ202412S-DBO3.2,SKQ202412S-DBO3.2-Arctolembos arcticus,8/14/2024,8:17:18,68.242117,-167.117382,Benthos,"Plumb-staff beam trawl,  2.26m opening, 7-mm mesh net, 4-mm cod end liner",Arctolembos arcticus,Species,urn:lsid:marinespecies.org:taxname:102014,"Hansen, 1888",Animalia,Arthropoda,Malacostraca,Amphipoda,Aoridae,Arctolembos,abundance,Individuals per 1000 square meter,7.339971462
SKQ202412S-DBO3.2,SKQ202412S-DBO3.2-Argis,8/14/2024,8:17:18,68.242117,-167.117382,Benthos,"Plumb-staff beam trawl,  2.26m opening, 7-mm mesh net, 4-mm cod end liner",Argis,Genus,urn:lsid:marinespecies.org:taxname:107006,"Krøyer, 1843",Animalia,Arthropoda,Malacostraca,Decapoda,Crangonidae,Argis,abundance,Individuals per 1000 square meter,36.69985731
SKQ202412S-DBO3.2,SKQ202412S-DBO3.2-Ariadnaria borealis,8/14/2024,8:17:18,68.242117,-167.117382,Benthos,"Plumb-staff beam trawl,  2.26m opening, 7-mm mesh net, 4-mm cod end liner",Ariadnaria borealis,Species,urn:lsid:marinespecies.org:taxname:714762,"Broderip & G. B. Sowerby I, 1829",Animalia,Mollusca,Gastropoda,Littorinimorpha,Capulidae,Ariadnaria,abundance,Individuals per 1000 square meter,4.893314308
SKQ202412S-DBO3.2,SKQ202412S-DBO3.2-Asterias amurensis,8/14/2024,8:17:18,68.242117,-167.117382,Benthos,"Plumb-staff beam trawl,  2.26m opening, 7-mm mesh net, 4-mm cod end liner",Asterias amurensis,Species,urn:lsid:marinespecies.org:taxname:254497,"Lutken, 1871",Animalia,Echinodermata,Asteroidea,Forcipulatida,Asteriidae,Asterias,abundance,Individuals per 1000 square meter,61.16642885
SKQ202412S-DBO3.2,SKQ202412S-DBO3.2-Chelyosoma maclaeyanum,8/14/2024,8:17:18,68.242117,-167.117382,Benthos,"Plumb-staff beam trawl,  2.26m opening, 7-mm mesh net, 4-mm cod end liner",Chelyosoma maclaeyanum,Species,urn:lsid:marinespecies.org:taxname:103740,"Broderip & Sowerby, 1830",Animalia,Chordata,Ascidiacea,Phlebobranchia,Corellidae,Chelyosoma,abundance,Individuals per 1000 square meter,85.63300039
SKQ202412S-DBO3.2,SKQ202412S-DBO3.2-Chionoecetes opilio,8/14/2024,8:17:18,68.242117,-167.117382,Benthos,"Plumb-staff beam trawl,  2.26m opening, 7-mm mesh net, 4-mm cod end liner",Chionoecetes opilio,Species,urn:lsid:marinespecies.org:taxname:107315,"Fabricius, 1788",Animalia,Arthropoda,Malacostraca,Decapoda,Oregoniidae,Chionoecetes,abundance,Individuals per 1000 square meter,34.25320015
SKQ202412S-DBO3.2,SKQ202412S-DBO3.2-Crossaster papposus,8/14/2024,8:17:18,68.242117,-167.117382,Benthos,"Plumb-staff beam trawl,  2.26m opening, 7-mm mesh net, 4-mm cod end liner",Crossaster papposus,Species,urn:lsid:marinespecies.org:taxname:124154,"Linnaeus, 1767",Animalia,Echinodermata,Asteroidea,Valvatida,Solasteridae,Crossaster,abundance,Individuals per 1000 square meter,2.446657154
SKQ202412S-DBO3.2,SKQ202412S-DBO3.2-Dendrobaenia,8/14/2024,8:17:18,68.242117,-167.117382,Benthos,"Plumb-staff beam trawl,  2.26m opening, 7-mm mesh net, 4-mm cod end liner",Dendrobaenia,Genus,urn:lsid:marinespecies.org:taxname:1040049,"Eisen, 1874",Animalia,Annelida,Clitellata,Crassiclitellata,Lumbricidae,Dendrobaena,abundance,Individuals per 1000 square meter,n/a
SKQ202412S-DBO3.2,SKQ202412S-DBO3.2-Diastylis alaskensis,8/14/2024,8:17:18,68.242117,-167.117382,Benthos,"Plumb-staff beam trawl,  2.26m opening, 7-mm mesh net, 4-mm cod end liner",Diastylis alaskensis,Species,urn:lsid:marinespecies.org:taxname:181923,"Calman, 1912",Animalia,Arthropoda,Malacostraca,Cumacea,Diastylidae,Diastylis,abundance,Individuals per 1000 square meter,9.786628616
SKQ202412S-DBO3.2,SKQ202412S-DBO3.2-Diplosoma listerianum,8/14/2024,8:17:18,68.242117,-167.117382,Benthos,"Plumb-staff beam trawl,  2.26m opening, 7-mm mesh net, 4-mm cod end liner",Diplosoma listerianum,Species,urn:lsid:marinespecies.org:taxname:103579,"Milne Edwards, 1841",Animalia,Chordata,Ascidiacea,Aplousobranchia,Didemnidae,Diplosoma,abundance,Individuals per 1000 square meter,n/a
SKQ202412S-DBO3.2,SKQ202412S-DBO3.2-Eunoe depressa,8/14/2024,8:17:18,68.242117,-167.117382,Benthos,"Plumb-staff beam trawl,  2.26m opening, 7-mm mesh net, 4-mm cod end liner",Eunoe depressa,Species,urn:lsid:marinespecies.org:taxname:254455,"Moore, 1905",Animalia,Annelida,Polychaeta,Phyllodocida,Polynoidae,Eunoe,abundance,Individuals per 1000 square meter,4.893314308
SKQ202412S-DBO3.2,SKQ202412S-DBO3.2-Gersemia rubiformis,8/14/2024,8:17:18,68.242117,-167.117382,Benthos,"Plumb-staff beam trawl,  2.26m opening, 7-mm mesh net, 4-mm cod end liner",Gersemia rubiformis,Species,urn:lsid:marinespecies.org:taxname:156103,"Ehrenberg, 1834",Animalia,Cnidaria,Octocorallia,Malacalcyonacea,Alcyoniidae,Gersemia,abundance,Individuals per 1000 square meter,n/a
SKQ202412S-DBO3.2,SKQ202412S-DBO3.2-Gorgonocephalus eucnemis,8/14/2024,8:17:18,68.242117,-167.117382,Benthos,"Plumb-staff beam trawl,  2.26m opening, 7-mm mesh net, 4-mm cod end liner",Gorgonocephalus eucnemis,Species,urn:lsid:marinespecies.org:taxname:124969,"Müller & Troschel, 1842",Animalia,Echinodermata,Ophiuroidea,Euryalida,Gorgonocephalidae,Gorgonocephalus,abundance,Individuals per 1000 square meter,51.37980023
SKQ202412S-DBO3.2,SKQ202412S-DBO3.2-Halocynthia aurantium,8/14/2024,8:17:18,68.242117,-167.117382,Benthos,"Plumb-staff beam trawl,  2.26m opening, 7-mm mesh net, 4-mm cod end liner",Halocynthia aurantium,Species,urn:lsid:marinespecies.org:taxname:250674,"Pallas, 1787",Animalia,Chordata,Ascidiacea,Stolidobranchia,Pyuridae,Halocynthia,abundance,Individuals per 1000 square meter,9.786628616
SKQ202412S-DBO3.2,SKQ202412S-DBO3.2-Harmothoe imbricata,8/14/2024,8:17:18,68.242117,-167.117382,Benthos,"Plumb-staff beam trawl,  2.26m opening, 7-mm mesh net, 4-mm cod end liner",Harmothoe imbricata,Species,urn:lsid:marinespecies.org:taxname:130769,"Linnaeus, 1767",Animalia,Annelida,Polychaeta,Phyllodocida,Polynoidae,Harmothoe,abundance,Individuals per 1000 square meter,4.893314308
SKQ202412S-DBO3.2,SKQ202412S-DBO3.2-Henricia tumida,8/14/2024,8:17:18,68.242117,-167.117382,Benthos,"Plumb-staff beam trawl,  2.26m opening, 7-mm mesh net, 4-mm cod end liner",Henricia tumida,Species,urn:lsid:marinespecies.org:taxname:369147,"Verrill, 1909",Animalia,Echinodermata,Asteroidea,Spinulosida,Echinasteridae,Henricia,abundance,Individuals per 1000 square meter,2.446657154
SKQ202412S-DBO3.2,SKQ202412S-DBO3.2-Hyas coarctatus,8/14/2024,8:17:18,68.242117,-167.117382,Benthos,"Plumb-staff beam trawl,  2.26m opening, 7-mm mesh net, 4-mm cod end liner",Hyas coarctatus,Species,urn:lsid:marinespecies.org:taxname:107323,"Leach, 1815",Animalia,Arthropoda,Malacostraca,Decapoda,Oregoniidae,Hyas,abundance,Individuals per 1000 square meter,14.67994292
SKQ202412S-DBO3.2,SKQ202412S-DBO3.2-Labidochirus splendescens,8/14/2024,8:17:18,68.242117,-167.117382,Benthos,"Plumb-staff beam trawl,  2.26m opening, 7-mm mesh net, 4-mm cod end liner",Labidochirus splendescens,Species,urn:lsid:marinespecies.org:taxname:248348,"Owen, 1839",Animalia,Arthropoda,Malacostraca,Decapoda,Paguridae,Labidochirus,abundance,Individuals per 1000 square meter,9.786628616
SKQ202412S-DBO3.2,SKQ202412S-DBO3.2-Leptasterias arctica,8/14/2024,8:17:18,68.242117,-167.117382,Benthos,"Plumb-staff beam trawl,  2.26m opening, 7-mm mesh net, 4-mm cod end liner",Leptasterias arctica,Species,urn:lsid:marinespecies.org:taxname:369158,"Murdoch, 1885",Animalia,Echinodermata,Asteroidea,Forcipulatida,Asteriidae,Leptasterias,abundance,Individuals per 1000 square meter,53.82645739
SKQ202412S-DBO3.2,SKQ202412S-DBO3.2-Lethasterias nanimensis,8/14/2024,8:17:18,68.242117,-167.117382,Benthos,"Plumb-staff beam trawl,  2.26m opening, 7-mm mesh net, 4-mm cod end liner",Lethasterias nanimensis,Species,urn:lsid:marinespecies.org:taxname:254499,"Verrill, 1914",Animalia,Echinodermata,Asteroidea,Forcipulatida,Asteriidae,Lethasterias,abundance,Individuals per 1000 square meter,4.893314308
SKQ202412S-DBO3.2,SKQ202412S-DBO3.2-Maera prionochira,8/14/2024,8:17:18,68.242117,-167.117382,Benthos,"Plumb-staff beam trawl,  2.26m opening, 7-mm mesh net, 4-mm cod end liner",Maera danae,Species,urn:lsid:marinespecies.org:taxname:158037,"Stimpson, 1853",Animalia,Arthropoda,Malacostraca,Amphipoda,Maeridae,Maera,abundance,Individuals per 1000 square meter,4.893314308
SKQ202412S-DBO3.2,SKQ202412S-DBO3.2-Pandalus borealis eous,8/14/2024,8:17:18,68.242117,-167.117382,Benthos,"Plumb-staff beam trawl,  2.26m opening, 7-mm mesh net, 4-mm cod end liner",Pandalus borealis eous,Species,urn:lsid:marinespecies.org:taxname:515463,"Makarov, 1935",Animalia,Arthropoda,Malacostraca,Decapoda,Pandalidae,Pandalus,abundance,Individuals per 1000 square meter,31.806543
SKQ202412S-DBO3.2,SKQ202412S-DBO3.2-Paramphithoe polyacantha,8/14/2024,8:17:18,68.242117,-167.117382,Benthos,"Plumb-staff beam trawl,  2.26m opening, 7-mm mesh net, 4-mm cod end liner",Paramphithoe polyacantha,Species,urn:lsid:marinespecies.org:taxname:102154,"Murdoch, 1885",Animalia,Arthropoda,Malacostraca,Amphipoda,Paramphithoidae,Paramphithoe,abundance,Individuals per 1000 square meter,7.339971462
SKQ202412S-DBO3.2,SKQ202412S-DBO3.2-Pododesmus macrochisma,8/14/2024,8:17:18,68.242117,-167.117382,Benthos,"Plumb-staff beam trawl,  2.26m opening, 7-mm mesh net, 4-mm cod end liner",Pododesmus macrochisma,Species,urn:lsid:marinespecies.org:taxname:758426,"Deshayes, 1839",Animalia,Mollusca,Bivalvia,Pectinida,Anomiidae,Pododesmus,abundance,Individuals per 1000 square meter,9.786628616
SKQ202412S-DBO3.2,SKQ202412S-DBO3.2-Porifera,8/14/2024,8:17:18,68.242117,-167.117382,Benthos,"Plumb-staff beam trawl,  2.26m opening, 7-mm mesh net, 4-mm cod end liner",Porifera,Phylum,urn:lsid:marinespecies.org:taxname:558,"Grant, 1836",Animalia,Porifera,n/a,n/a,n/a,n/a,abundance,Individuals per 1000 square meter,n/a
SKQ202412S-DBO3.2,SKQ202412S-DBO3.2-Sclerocrangon boreas,8/14/2024,8:17:18,68.242117,-167.117382,Benthos,"Plumb-staff beam trawl,  2.26m opening, 7-mm mesh net, 4-mm cod end liner",Sclerocrangon boreas,Species,urn:lsid:marinespecies.org:taxname:107568,"Phipps, 1774",Animalia,Arthropoda,Malacostraca,Decapoda,Crangonidae,Sclerocrangon,abundance,Individuals per 1000 square meter,24.46657154
SKQ202412S-DBO3.2,SKQ202412S-DBO3.2-Solariella obscura,8/14/2024,8:17:18,68.242117,-167.117382,Benthos,"Plumb-staff beam trawl,  2.26m opening, 7-mm mesh net, 4-mm cod end liner",Solariella obscura,Species,urn:lsid:marinespecies.org:taxname:141840,"Couthouy, 1838",Animalia,Mollusca,Gastropoda,Trochida,Solariellidae,Solariella,abundance,Individuals per 1000 square meter,7.339971462
SKQ202412S-DBO3.2,SKQ202412S-DBO3.2-Strongylocentrotus pallidus,8/14/2024,8:17:18,68.242117,-167.117382,Benthos,"Plumb-staff beam trawl,  2.26m opening, 7-mm mesh net, 4-mm cod end liner",Strongylocentrotus pallidus,Species,urn:lsid:marinespecies.org:taxname:124324,"Sars G.O., 1872",Animalia,Echinodermata,Echinoidea,Camarodonta,Strongylocentrotidae,Strongylocentrotus,abundance,Individuals per 1000 square meter,141.9061149
SKQ202412S-DBO3.2,SKQ202412S-DBO3.2-Styela rustica,8/14/2024,8:17:18,68.242117,-167.117382,Benthos,"Plumb-staff beam trawl,  2.26m opening, 7-mm mesh net, 4-mm cod end liner",Styela rustica,Species,urn:lsid:marinespecies.org:taxname:103937,"Linnaeus, 1767",Animalia,Chordata,Ascidiacea,Stolidobranchia,Styelidae,Styela,abundance,Individuals per 1000 square meter,2.446657154
SKQ202412S-DBO3.2,SKQ202412S-DBO3.2-Telmessus cheiragonus,8/14/2024,8:17:18,68.242117,-167.117382,Benthos,"Plumb-staff beam trawl,  2.26m opening, 7-mm mesh net, 4-mm cod end liner",Telmessus cheiragonus,Species,urn:lsid:marinespecies.org:taxname:254360,"Tilesius, 1815",Animalia,Arthropoda,Malacostraca,Decapoda,Cheiragonidae,Telmessus,abundance,Individuals per 1000 square meter,9.786628616
SKQ202412S-IC11,SKQ202412S-IC11-Alcyonidium disciforme,8/15/2024,7:40:15,70.575143,-162.505659,Benthos,"Plumb-staff beam trawl,  2.26m opening, 7-mm mesh net, 4-mm cod end liner",Alcyonidium disciforme,Species,urn:lsid:marinespecies.org:taxname:111598,"Smitt, 1872",Animalia,Bryozoa,Gymnolaemata,Ctenostomatida,Alcyonidiidae,Alcyonidium,abundance,Individuals per 1000 square meter,n/a
SKQ202412S-IC11,SKQ202412S-IC11-Alcyonidium gelatinosum,8/15/2024,7:40:15,70.575143,-162.505659,Benthos,"Plumb-staff beam trawl,  2.26m opening, 7-mm mesh net, 4-mm cod end liner",Alcyonidium gelatinosum,Species,urn:lsid:marinespecies.org:taxname:111600,"Linnaeus, 1761",Animalia,Bryozoa,Gymnolaemata,Ctenostomatida,Alcyonidiidae,Alcyonidium,abundance,Individuals per 1000 square meter,n/a
SKQ202412S-IC11,SKQ202412S-IC11-Anonyx,8/15/2024,7:40:15,70.575143,-162.505659,Benthos,"Plumb-staff beam trawl,  2.26m opening, 7-mm mesh net, 4-mm cod end liner",Anonyx,Genus,urn:lsid:marinespecies.org:taxname:101592,"Krøyer, 1838",Animalia,Arthropoda,Malacostraca,Amphipoda,Uristidae,Anonyx,abundance,Individuals per 1000 square meter,14.08182689
SKQ202412S-IC11,SKQ202412S-IC11-Argis,8/15/2024,7:40:15,70.575143,-162.505659,Benthos,"Plumb-staff beam trawl,  2.26m opening, 7-mm mesh net, 4-mm cod end liner",Argis,Genus,urn:lsid:marinespecies.org:taxname:107006,"Krøyer, 1843",Animalia,Arthropoda,Malacostraca,Decapoda,Crangonidae,Argis,abundance,Individuals per 1000 square meter,45.06184606
SKQ202412S-IC11,SKQ202412S-IC11-Balanus crenatus,8/15/2024,7:40:15,70.575143,-162.505659,Benthos,"Plumb-staff beam trawl,  2.26m opening, 7-mm mesh net, 4-mm cod end liner",Balanus crenatus,Species,urn:lsid:marinespecies.org:taxname:106215,"Bruguière, 1789",Animalia,Arthropoda,Thecostraca,Balanomorpha,Balanidae,Balanus,abundance,Individuals per 1000 square meter,n/a
SKQ202412S-IC11,SKQ202412S-IC11-Boltenia ovifera,8/15/2024,7:40:15,70.575143,-162.505659,Benthos,"Plumb-staff beam trawl,  2.26m opening, 7-mm mesh net, 4-mm cod end liner",Boltenia ovifera,Species,urn:lsid:marinespecies.org:taxname:103815,"Linnaeus, 1767",Animalia,Chordata,Ascidiacea,Stolidobranchia,Pyuridae,Boltenia,abundance,Individuals per 1000 square meter,2.816365379
SKQ202412S-IC11,SKQ202412S-IC11-Bryozoa soft lobed,8/15/2024,7:40:15,70.575143,-162.505659,Benthos,"Plumb-staff beam trawl,  2.26m opening, 7-mm mesh net, 4-mm cod end liner",Bryozoa soft lobed,Phylum,urn:lsid:marinespecies.org:taxname:146142,n/a,Animalia,Bryozoa,n/a,n/a,n/a,n/a,abundance,Individuals per 1000 square meter,n/a
SKQ202412S-IC11,SKQ202412S-IC11-Chionoecetes opilio,8/15/2024,7:40:15,70.575143,-162.505659,Benthos,"Plumb-staff beam trawl,  2.26m opening, 7-mm mesh net, 4-mm cod end liner",Chionoecetes opilio,Species,urn:lsid:marinespecies.org:taxname:107315,"Fabricius, 1788",Animalia,Arthropoda,Malacostraca,Decapoda,Oregoniidae,Chionoecetes,abundance,Individuals per 1000 square meter,11.26546151
SKQ202412S-IC11,SKQ202412S-IC11-Crangon dalli,8/15/2024,7:40:15,70.575143,-162.505659,Benthos,"Plumb-staff beam trawl,  2.26m opening, 7-mm mesh net, 4-mm cod end liner",Crangon dalli,Species,urn:lsid:marinespecies.org:taxname:254486,"Rathbun, 1902",Animalia,Arthropoda,Malacostraca,Decapoda,Crangonidae,Crangon,abundance,Individuals per 1000 square meter,8.449096136
SKQ202412S-IC11,SKQ202412S-IC11-Dendrobaenia,8/15/2024,7:40:15,70.575143,-162.505659,Benthos,"Plumb-staff beam trawl,  2.26m opening, 7-mm mesh net, 4-mm cod end liner",Dendrobaenia,Genus,urn:lsid:marinespecies.org:taxname:1040049,"Eisen, 1874",Animalia,Annelida,Clitellata,Crassiclitellata,Lumbricidae,Dendrobaena,abundance,Individuals per 1000 square meter,n/a
SKQ202412S-IC11,SKQ202412S-IC11-Echinarachnius parma,8/15/2024,7:40:15,70.575143,-162.505659,Benthos,"Plumb-staff beam trawl,  2.26m opening, 7-mm mesh net, 4-mm cod end liner",Echinarachnius parma,Species,urn:lsid:marinespecies.org:taxname:158062,"Lamarck, 1816",Animalia,Echinodermata,Echinoidea,Echinolampadacea,Echinarachniidae,Echinarachnius,abundance,Individuals per 1000 square meter,1425.080882
SKQ202412S-IC11,SKQ202412S-IC11-Epheria crassior,8/15/2024,7:40:15,70.575143,-162.505659,Benthos,"Plumb-staff beam trawl,  2.26m opening, 7-mm mesh net, 4-mm cod end liner",Lacuna crassior,Species,urn:lsid:marinespecies.org:taxname:140167,"Montagu, 1803",Animalia,Mollusca,Gastropoda,Littorinimorpha,Littorinidae,Lacuna,abundance,Individuals per 1000 square meter,5.632730757
SKQ202412S-IC11,SKQ202412S-IC11-Eualus gaimardii ,8/15/2024,7:40:15,70.575143,-162.505659,Benthos,"Plumb-staff beam trawl,  2.26m opening, 7-mm mesh net, 4-mm cod end liner",Eualus gaimardii ,Species,urn:lsid:marinespecies.org:taxname:107504,"H. Milne Edwards, 1837",Animalia,Arthropoda,Malacostraca,Decapoda,Thoridae,Eualus,abundance,Individuals per 1000 square meter,16.89819227
SKQ202412S-IC11,SKQ202412S-IC11-Eucratea loricata,8/15/2024,7:40:15,70.575143,-162.505659,Benthos,"Plumb-staff beam trawl,  2.26m opening, 7-mm mesh net, 4-mm cod end liner",Eucratea loricata,Species,urn:lsid:marinespecies.org:taxname:111361,"Linnaeus, 1758",Animalia,Bryozoa,Gymnolaemata,Cheilostomatida,Eucrateidae,Eucratea,abundance,Individuals per 1000 square meter,n/a
SKQ202412S-IC11,SKQ202412S-IC11-Gorgonocephalus eucnemis,8/15/2024,7:40:15,70.575143,-162.505659,Benthos,"Plumb-staff beam trawl,  2.26m opening, 7-mm mesh net, 4-mm cod end liner",Gorgonocephalus eucnemis,Species,urn:lsid:marinespecies.org:taxname:124969,"Müller & Troschel, 1842",Animalia,Echinodermata,Ophiuroidea,Euryalida,Gorgonocephalidae,Gorgonocephalus,abundance,Individuals per 1000 square meter,5.632730757
SKQ202412S-IC11,SKQ202412S-IC11-Hyas coarctatus,8/15/2024,7:40:15,70.575143,-162.505659,Benthos,"Plumb-staff beam trawl,  2.26m opening, 7-mm mesh net, 4-mm cod end liner",Hyas coarctatus,Species,urn:lsid:marinespecies.org:taxname:107323,"Leach, 1815",Animalia,Arthropoda,Malacostraca,Decapoda,Oregoniidae,Hyas,abundance,Individuals per 1000 square meter,14.08182689
SKQ202412S-IC11,SKQ202412S-IC11-Hydroidea,8/15/2024,7:40:15,70.575143,-162.505659,Benthos,"Plumb-staff beam trawl,  2.26m opening, 7-mm mesh net, 4-mm cod end liner",Hydrozoa,Class,urn:lsid:marinespecies.org:taxname:1337,"Owen, 1843",Animalia,Cnidaria,Hydrozoa,n/a,n/a,n/a,abundance,Individuals per 1000 square meter,n/a
SKQ202412S-IC11,SKQ202412S-IC11-Labidochirus splendescens,8/15/2024,7:40:15,70.575143,-162.505659,Benthos,"Plumb-staff beam trawl,  2.26m opening, 7-mm mesh net, 4-mm cod end liner",Labidochirus splendescens,Species,urn:lsid:marinespecies.org:taxname:248348,"Owen, 1839",Animalia,Arthropoda,Malacostraca,Decapoda,Paguridae,Labidochirus,abundance,Individuals per 1000 square meter,8.449096136
SKQ202412S-IC11,SKQ202412S-IC11-Lafoeina maxima,8/15/2024,7:40:15,70.575143,-162.505659,Benthos,"Plumb-staff beam trawl,  2.26m opening, 7-mm mesh net, 4-mm cod end liner",Lafoeina maxima,Species,urn:lsid:marinespecies.org:taxname:117411,"Levinsen, 1893",Animalia,Cnidaria,Hydrozoa,Leptothecata,Campanulinidae,Lafoeina,abundance,Individuals per 1000 square meter,n/a
SKQ202412S-IC11,SKQ202412S-IC11-Lepidepecreum eoum,8/15/2024,7:40:15,70.575143,-162.505659,Benthos,"Plumb-staff beam trawl,  2.26m opening, 7-mm mesh net, 4-mm cod end liner",Lepidepecreum eoum,Species,urn:lsid:marinespecies.org:taxname:526370,"Gurjanova, 1938",Animalia,Arthropoda,Malacostraca,Amphipoda,Tryphosidae,Lepidepecreum,abundance,Individuals per 1000 square meter,2.816365379
SKQ202412S-IC11,SKQ202412S-IC11-Leptasterias arctica,8/15/2024,7:40:15,70.575143,-162.505659,Benthos,"Plumb-staff beam trawl,  2.26m opening, 7-mm mesh net, 4-mm cod end liner",Leptasterias arctica,Species,urn:lsid:marinespecies.org:taxname:369158,"Murdoch, 1885",Animalia,Echinodermata,Asteroidea,Forcipulatida,Asteriidae,Leptasterias,abundance,Individuals per 1000 square meter,2.816365379
SKQ202412S-IC11,SKQ202412S-IC11-Sclerocrangon boreas,8/15/2024,7:40:15,70.575143,-162.505659,Benthos,"Plumb-staff beam trawl,  2.26m opening, 7-mm mesh net, 4-mm cod end liner",Sclerocrangon boreas,Species,urn:lsid:marinespecies.org:taxname:107568,"Phipps, 1774",Animalia,Arthropoda,Malacostraca,Decapoda,Crangonidae,Sclerocrangon,abundance,Individuals per 1000 square meter,2.816365379
SKQ202412S-IC11,SKQ202412S-IC11-Sertularia robusta,8/15/2024,7:40:15,70.575143,-162.505659,Benthos,"Plumb-staff beam trawl,  2.26m opening, 7-mm mesh net, 4-mm cod end liner",Sertularia robusta,Species,urn:lsid:marinespecies.org:taxname:117923,"Clark, 1877",Animalia,Cnidaria,Hydrozoa,Leptothecata,Sertulariidae,Sertularia,abundance,Individuals per 1000 square meter,5.632730757
SKQ202412S-IC11,SKQ202412S-IC11-Styela rustica,8/15/2024,7:40:15,70.575143,-162.505659,Benthos,"Plumb-staff beam trawl,  2.26m opening, 7-mm mesh net, 4-mm cod end liner",Styela rustica,Species,urn:lsid:marinespecies.org:taxname:103937,"Linnaeus, 1767",Animalia,Chordata,Ascidiacea,Stolidobranchia,Styelidae,Styela,abundance,Individuals per 1000 square meter,8.449096136
SKQ202412S-IC11,SKQ202412S-IC11-Synoicum pulmonaria,8/15/2024,7:40:15,70.575143,-162.505659,Benthos,"Plumb-staff beam trawl,  2.26m opening, 7-mm mesh net, 4-mm cod end liner",Synoicum pulmonaria,Species,urn:lsid:marinespecies.org:taxname:103692,"Ellis & Solander, 1786",Animalia,Chordata,Ascidiacea,Aplousobranchia,Polyclinidae,Synoicum,abundance,Individuals per 1000 square meter,n/a
SKQ202412S-IC09,SKQ202412S-IC09-Admete solida,8/15/2024,19:38:30,70.847303,-163.201897,Benthos,"Plumb-staff beam trawl,  2.26m opening, 7-mm mesh net, 4-mm cod end liner",Admete solida,Species,urn:lsid:marinespecies.org:taxname:576338,"Aurivillius, 1885",Animalia,Mollusca,Gastropoda,Neogastropoda,Cancellariidae,Admete,abundance,Individuals per 1000 square meter,37.84045809
SKQ202412S-IC09,SKQ202412S-IC09-Alcyonidium gelatinosum,8/15/2024,19:38:30,70.847303,-163.201897,Benthos,"Plumb-staff beam trawl,  2.26m opening, 7-mm mesh net, 4-mm cod end liner",Alcyonidium gelatinosum,Species,urn:lsid:marinespecies.org:taxname:111600,"Linnaeus, 1761",Animalia,Bryozoa,Gymnolaemata,Ctenostomatida,Alcyonidiidae,Alcyonidium,abundance,Individuals per 1000 square meter,n/a
SKQ202412S-IC09,SKQ202412S-IC09-Anonyx,8/15/2024,19:38:30,70.847303,-163.201897,Benthos,"Plumb-staff beam trawl,  2.26m opening, 7-mm mesh net, 4-mm cod end liner",Anonyx,Genus,urn:lsid:marinespecies.org:taxname:101592,"Krøyer, 1838",Animalia,Arthropoda,Malacostraca,Amphipoda,Uristidae,Anonyx,abundance,Individuals per 1000 square meter,9.460114522
SKQ202412S-IC09,SKQ202412S-IC09-Argis,8/15/2024,19:38:30,70.847303,-163.201897,Benthos,"Plumb-staff beam trawl,  2.26m opening, 7-mm mesh net, 4-mm cod end liner",Argis,Genus,urn:lsid:marinespecies.org:taxname:107006,"Krøyer, 1843",Animalia,Arthropoda,Malacostraca,Decapoda,Crangonidae,Argis,abundance,Individuals per 1000 square meter,28.38034357
SKQ202412S-IC09,SKQ202412S-IC09-Ascidiacea,8/15/2024,19:38:30,70.847303,-163.201897,Benthos,"Plumb-staff beam trawl,  2.26m opening, 7-mm mesh net, 4-mm cod end liner",Ascidiacea,Class,urn:lsid:marinespecies.org:taxname:1839,"Blainville, 1824",Animalia,Chordata,Ascidiacea,n/a,n/a,n/a,abundance,Individuals per 1000 square meter,n/a
SKQ202412S-IC09,SKQ202412S-IC09-Bathypolypus arcticus,8/15/2024,19:38:30,70.847303,-163.201897,Benthos,"Plumb-staff beam trawl,  2.26m opening, 7-mm mesh net, 4-mm cod end liner",Bathypolypus arcticus,Species,urn:lsid:marinespecies.org:taxname:140596,"Prosch, 1849",Animalia,Mollusca,Cephalopoda,Octopoda,Bathypolypodidae,Bathypolypus,abundance,Individuals per 1000 square meter,9.460114522
SKQ202412S-IC09,SKQ202412S-IC09-Boreotrophon clathratus,8/15/2024,19:38:30,70.847303,-163.201897,Benthos,"Plumb-staff beam trawl,  2.26m opening, 7-mm mesh net, 4-mm cod end liner",Boreotrophon clathratus,Species,urn:lsid:marinespecies.org:taxname:146732,"Linnaeus, 1767",Animalia,Mollusca,Gastropoda,Neogastropoda,Muricidae,Boreotrophon,abundance,Individuals per 1000 square meter,9.460114522
SKQ202412S-IC09,SKQ202412S-IC09-Bryozoa soft lobed,8/15/2024,19:38:30,70.847303,-163.201897,Benthos,"Plumb-staff beam trawl,  2.26m opening, 7-mm mesh net, 4-mm cod end liner",Bryozoa soft lobed,Phylum,urn:lsid:marinespecies.org:taxname:146142,n/a,Animalia,Bryozoa,n/a,n/a,n/a,n/a,abundance,Individuals per 1000 square meter,n/a
SKQ202412S-IC09,SKQ202412S-IC09-Bryozoa,8/15/2024,19:38:30,70.847303,-163.201897,Benthos,"Plumb-staff beam trawl,  2.26m opening, 7-mm mesh net, 4-mm cod end liner",Bryozoa,Phylum,urn:lsid:marinespecies.org:taxname:146142,n/a,Animalia,Bryozoa,n/a,n/a,n/a,n/a,abundance,Individuals per 1000 square meter,n/a
SKQ202412S-IC09,SKQ202412S-IC09-Buccinum angulosum,8/15/2024,19:38:30,70.847303,-163.201897,Benthos,"Plumb-staff beam trawl,  2.26m opening, 7-mm mesh net, 4-mm cod end liner",Buccinum angulosum,Species,urn:lsid:marinespecies.org:taxname:138858,"Gray, 1839",Animalia,Mollusca,Gastropoda,Neogastropoda,Buccinidae,Buccinum,abundance,Individuals per 1000 square meter,9.460114522
SKQ202412S-IC09,SKQ202412S-IC09-Buccinum polare,8/15/2024,19:38:30,70.847303,-163.201897,Benthos,"Plumb-staff beam trawl,  2.26m opening, 7-mm mesh net, 4-mm cod end liner",Buccinum polare,Species,urn:lsid:marinespecies.org:taxname:138873,"Gray, 1839",Animalia,Mollusca,Gastropoda,Neogastropoda,Buccinidae,Buccinum,abundance,Individuals per 1000 square meter,28.38034357
SKQ202412S-IC09,SKQ202412S-IC09-Buccinum scalariforme,8/15/2024,19:38:30,70.847303,-163.201897,Benthos,"Plumb-staff beam trawl,  2.26m opening, 7-mm mesh net, 4-mm cod end liner",Buccinum scalariforme,Species,urn:lsid:marinespecies.org:taxname:138875,"Møller, 1842",Animalia,Mollusca,Gastropoda,Neogastropoda,Buccinidae,Buccinum,abundance,Individuals per 1000 square meter,56.76068713
SKQ202412S-IC09,SKQ202412S-IC09-Chionoecetes opilio,8/15/2024,19:38:30,70.847303,-163.201897,Benthos,"Plumb-staff beam trawl,  2.26m opening, 7-mm mesh net, 4-mm cod end liner",Chionoecetes opilio,Species,urn:lsid:marinespecies.org:taxname:107315,"Fabricius, 1788",Animalia,Arthropoda,Malacostraca,Decapoda,Oregoniidae,Chionoecetes,abundance,Individuals per 1000 square meter,193.9323477
SKQ202412S-IC09,SKQ202412S-IC09-Colus jeffreysianus,8/15/2024,19:38:30,70.847303,-163.201897,Benthos,"Plumb-staff beam trawl,  2.26m opening, 7-mm mesh net, 4-mm cod end liner",Colus jeffreysianus,Species,urn:lsid:marinespecies.org:taxname:138903,"P. Fischer, 1868",Animalia,Mollusca,Gastropoda,Neogastropoda,Colidae,Colus,abundance,Individuals per 1000 square meter,9.460114522
SKQ202412S-IC09,SKQ202412S-IC09-Crangon communis,8/15/2024,19:38:30,70.847303,-163.201897,Benthos,"Plumb-staff beam trawl,  2.26m opening, 7-mm mesh net, 4-mm cod end liner",Neocrangon communis,Species,urn:lsid:marinespecies.org:taxname:423552,"Rathbun, 1899",Animalia,Arthropoda,Malacostraca,Decapoda,Crangonidae,Neocrangon,abundance,Individuals per 1000 square meter,2.365028631
SKQ202412S-IC09,SKQ202412S-IC09-Crangon dalli,8/15/2024,19:38:30,70.847303,-163.201897,Benthos,"Plumb-staff beam trawl,  2.26m opening, 7-mm mesh net, 4-mm cod end liner",Crangon dalli,Species,urn:lsid:marinespecies.org:taxname:254486,"Rathbun, 1902",Animalia,Arthropoda,Malacostraca,Decapoda,Crangonidae,Crangon,abundance,Individuals per 1000 square meter,11.82514315
SKQ202412S-IC09,SKQ202412S-IC09-Cryptonatica affinis,8/15/2024,19:38:30,70.847303,-163.201897,Benthos,"Plumb-staff beam trawl,  2.26m opening, 7-mm mesh net, 4-mm cod end liner",Cryptonatica affinis,Species,urn:lsid:marinespecies.org:taxname:140525,"Gmelin, 1791",Animalia,Mollusca,Gastropoda,Littorinimorpha,Naticidae,Cryptonatica,abundance,Individuals per 1000 square meter,28.38034357
SKQ202412S-IC09,SKQ202412S-IC09-Eualus gaimardii ,8/15/2024,19:38:30,70.847303,-163.201897,Benthos,"Plumb-staff beam trawl,  2.26m opening, 7-mm mesh net, 4-mm cod end liner",Eualus gaimardii ,Species,urn:lsid:marinespecies.org:taxname:107504,"H. Milne Edwards, 1837",Animalia,Arthropoda,Malacostraca,Decapoda,Thoridae,Eualus,abundance,Individuals per 1000 square meter,158.4569182
SKQ202412S-IC09,SKQ202412S-IC09-Eualus macilentus,8/15/2024,19:38:30,70.847303,-163.201897,Benthos,"Plumb-staff beam trawl,  2.26m opening, 7-mm mesh net, 4-mm cod end liner",Eualus macilentus,Species,urn:lsid:marinespecies.org:taxname:158359,"Krøyer, 1841",Animalia,Arthropoda,Malacostraca,Decapoda,Thoridae,Eualus,abundance,Individuals per 1000 square meter,30.7453722
SKQ202412S-IC09,SKQ202412S-IC09-Eualus,8/15/2024,19:38:30,70.847303,-163.201897,Benthos,"Plumb-staff beam trawl,  2.26m opening, 7-mm mesh net, 4-mm cod end liner",Eualus,Genus,urn:lsid:marinespecies.org:taxname:106986,"Thallwitz, 1891",Animalia,Arthropoda,Malacostraca,Decapoda,Thoridae,Eualus,abundance,Individuals per 1000 square meter,9.460114522
SKQ202412S-IC09,SKQ202412S-IC09-Eucratea loricata,8/15/2024,19:38:30,70.847303,-163.201897,Benthos,"Plumb-staff beam trawl,  2.26m opening, 7-mm mesh net, 4-mm cod end liner",Eucratea loricata,Species,urn:lsid:marinespecies.org:taxname:111361,"Linnaeus, 1758",Animalia,Bryozoa,Gymnolaemata,Cheilostomatida,Eucrateidae,Eucratea,abundance,Individuals per 1000 square meter,n/a
SKQ202412S-IC09,SKQ202412S-IC09-Euspira pallida,8/15/2024,19:38:30,70.847303,-163.201897,Benthos,"Plumb-staff beam trawl,  2.26m opening, 7-mm mesh net, 4-mm cod end liner",Euspira pallida,Species,urn:lsid:marinespecies.org:taxname:140536,"Broderip & G. B. Sowerby I, 1829",Animalia,Mollusca,Gastropoda,Littorinimorpha,Naticidae,Euspira,abundance,Individuals per 1000 square meter,37.84045809
SKQ202412S-IC09,SKQ202412S-IC09-Gattyana ciliata,8/15/2024,19:38:30,70.847303,-163.201897,Benthos,"Plumb-staff beam trawl,  2.26m opening, 7-mm mesh net, 4-mm cod end liner",Gattyana ciliata,Species,urn:lsid:marinespecies.org:taxname:254456,"Moore, 1902",Animalia,Annelida,Polychaeta,Phyllodocida,Polynoidae,Gattyana,abundance,Individuals per 1000 square meter,28.38034357
SKQ202412S-IC09,SKQ202412S-IC09-Gorgonocephalus eucnemis,8/15/2024,19:38:30,70.847303,-163.201897,Benthos,"Plumb-staff beam trawl,  2.26m opening, 7-mm mesh net, 4-mm cod end liner",Gorgonocephalus eucnemis,Species,urn:lsid:marinespecies.org:taxname:124969,"Müller & Troschel, 1842",Animalia,Echinodermata,Ophiuroidea,Euryalida,Gorgonocephalidae,Gorgonocephalus,abundance,Individuals per 1000 square meter,28.38034357
SKQ202412S-IC09,SKQ202412S-IC09-Granotoma albrechti,8/15/2024,19:38:30,70.847303,-163.201897,Benthos,"Plumb-staff beam trawl,  2.26m opening, 7-mm mesh net, 4-mm cod end liner",Granotoma albrechti,Species,urn:lsid:marinespecies.org:taxname:433920,"A. Krause, 1885",Animalia,Mollusca,Gastropoda,Neogastropoda,Mangeliidae,Granotoma,abundance,Individuals per 1000 square meter,37.84045809
SKQ202412S-IC09,SKQ202412S-IC09-Hyas coarctatus,8/15/2024,19:38:30,70.847303,-163.201897,Benthos,"Plumb-staff beam trawl,  2.26m opening, 7-mm mesh net, 4-mm cod end liner",Hyas coarctatus,Species,urn:lsid:marinespecies.org:taxname:107323,"Leach, 1815",Animalia,Arthropoda,Malacostraca,Decapoda,Oregoniidae,Hyas,abundance,Individuals per 1000 square meter,47.30057261
SKQ202412S-IC09,SKQ202412S-IC09-Hydroidea,8/15/2024,19:38:30,70.847303,-163.201897,Benthos,"Plumb-staff beam trawl,  2.26m opening, 7-mm mesh net, 4-mm cod end liner",Hydrozoa,Class,urn:lsid:marinespecies.org:taxname:1337,"Owen, 1843",Animalia,Cnidaria,Hydrozoa,n/a,n/a,n/a,abundance,Individuals per 1000 square meter,n/a
SKQ202412S-IC09,SKQ202412S-IC09-Labidochirus splendescens,8/15/2024,19:38:30,70.847303,-163.201897,Benthos,"Plumb-staff beam trawl,  2.26m opening, 7-mm mesh net, 4-mm cod end liner",Labidochirus splendescens,Species,urn:lsid:marinespecies.org:taxname:248348,"Owen, 1839",Animalia,Arthropoda,Malacostraca,Decapoda,Paguridae,Labidochirus,abundance,Individuals per 1000 square meter,9.460114522
SKQ202412S-IC09,SKQ202412S-IC09-Lafoeina maxima,8/15/2024,19:38:30,70.847303,-163.201897,Benthos,"Plumb-staff beam trawl,  2.26m opening, 7-mm mesh net, 4-mm cod end liner",Lafoeina maxima,Species,urn:lsid:marinespecies.org:taxname:117411,"Levinsen, 1893",Animalia,Cnidaria,Hydrozoa,Leptothecata,Campanulinidae,Lafoeina,abundance,Individuals per 1000 square meter,n/a
SKQ202412S-IC09,SKQ202412S-IC09-Latisipho hypolispus,8/15/2024,19:38:30,70.847303,-163.201897,Benthos,"Plumb-staff beam trawl,  2.26m opening, 7-mm mesh net, 4-mm cod end liner",Latisipho hypolispus,Species,urn:lsid:marinespecies.org:taxname:491062,"Dall, 1891",Animalia,Mollusca,Gastropoda,Neogastropoda,Buccinidae,Latisipho,abundance,Individuals per 1000 square meter,9.460114522
SKQ202412S-IC09,SKQ202412S-IC09-Leptasterias groenlandica,8/15/2024,19:38:30,70.847303,-163.201897,Benthos,"Plumb-staff beam trawl,  2.26m opening, 7-mm mesh net, 4-mm cod end liner",Leptasterias groenlandica,Species,urn:lsid:marinespecies.org:taxname:369176,"Steenstrup in Lutken, 1857",Animalia,Echinodermata,Asteroidea,Forcipulatida,Asteriidae,Leptasterias,abundance,Individuals per 1000 square meter,9.460114522
SKQ202412S-IC09,SKQ202412S-IC09-Margarites,8/15/2024,19:38:30,70.847303,-163.201897,Benthos,"Plumb-staff beam trawl,  2.26m opening, 7-mm mesh net, 4-mm cod end liner",Margarites,Genus,urn:lsid:marinespecies.org:taxname:138592,"Leach, 1847",Animalia,Mollusca,Gastropoda,Trochida,Margaritidae,Margarites,abundance,Individuals per 1000 square meter,227.0427485
SKQ202412S-IC09,SKQ202412S-IC09-Myriotrochus rinkii,8/15/2024,19:38:30,70.847303,-163.201897,Benthos,"Plumb-staff beam trawl,  2.26m opening, 7-mm mesh net, 4-mm cod end liner",Myriotrochus rinkii,Species,urn:lsid:marinespecies.org:taxname:124446,"Steenstrup, 1851",Animalia,Echinodermata,Holothuroidea,Apodida,Myriotrochidae,Myriotrochus,abundance,Individuals per 1000 square meter,425.7051535
SKQ202412S-IC09,SKQ202412S-IC09-Nemertea,8/15/2024,19:38:30,70.847303,-163.201897,Benthos,"Plumb-staff beam trawl,  2.26m opening, 7-mm mesh net, 4-mm cod end liner",Nemertea,Phylum,urn:lsid:marinespecies.org:taxname:152391,n/a,Animalia,Nemertea,n/a,n/a,n/a,n/a,abundance,Individuals per 1000 square meter,66.22080166
SKQ202412S-IC09,SKQ202412S-IC09-Neptunea heros,8/15/2024,19:38:30,70.847303,-163.201897,Benthos,"Plumb-staff beam trawl,  2.26m opening, 7-mm mesh net, 4-mm cod end liner",Neptunea heros,Species,urn:lsid:marinespecies.org:taxname:254479,"J. E. Gray, 1850",Animalia,Mollusca,Gastropoda,Neogastropoda,Buccinidae,Neptunea,abundance,Individuals per 1000 square meter,18.92022904
SKQ202412S-IC09,SKQ202412S-IC09-Nodulotrophon coronatus,8/15/2024,19:38:30,70.847303,-163.201897,Benthos,"Plumb-staff beam trawl,  2.26m opening, 7-mm mesh net, 4-mm cod end liner",Nodulotrophon coronatus,Species,urn:lsid:marinespecies.org:taxname:399228,"H. Adams & A. Adams, 1864",Animalia,Mollusca,Gastropoda,Neogastropoda,Muricidae,Nodulotrophon,abundance,Individuals per 1000 square meter,9.460114522
SKQ202412S-IC09,SKQ202412S-IC09-Nymphon,8/15/2024,19:38:30,70.847303,-163.201897,Benthos,"Plumb-staff beam trawl,  2.26m opening, 7-mm mesh net, 4-mm cod end liner",Nymphon,Genus,urn:lsid:marinespecies.org:taxname:134591,"Fabricius, 1794",Animalia,Arthropoda,Pycnogonida,Pantopoda,Nymphonidae,Nymphon,abundance,Individuals per 1000 square meter,37.84045809
SKQ202412S-IC09,SKQ202412S-IC09-Ophiura sarsiii,8/15/2024,19:38:30,70.847303,-163.201897,Benthos,"Plumb-staff beam trawl,  2.26m opening, 7-mm mesh net, 4-mm cod end liner",Ophiura sarsiii,Species,urn:lsid:marinespecies.org:taxname:124934,"Lütken, 1855",Animalia,Echinodermata,Ophiuroidea,Ophiurida,Ophiuridae,Ophiura,abundance,Individuals per 1000 square meter,90164.35151
SKQ202412S-IC09,SKQ202412S-IC09-Pagurus capillatus,8/15/2024,19:38:30,70.847303,-163.201897,Benthos,"Plumb-staff beam trawl,  2.26m opening, 7-mm mesh net, 4-mm cod end liner",Pagurus capillatus,Species,urn:lsid:marinespecies.org:taxname:254489,"Benedict, 1892",Animalia,Arthropoda,Malacostraca,Decapoda,Paguridae,Pagurus,abundance,Individuals per 1000 square meter,75.68091618
SKQ202412S-IC09,SKQ202412S-IC09-Pagurus trigonocheirus,8/15/2024,19:38:30,70.847303,-163.201897,Benthos,"Plumb-staff beam trawl,  2.26m opening, 7-mm mesh net, 4-mm cod end liner",Pagurus trigonocheirus,Species,urn:lsid:marinespecies.org:taxname:254490,"Stimpson, 1858",Animalia,Arthropoda,Malacostraca,Decapoda,Paguridae,Pagurus,abundance,Individuals per 1000 square meter,9.460114522
SKQ202412S-IC09,SKQ202412S-IC09-Phyllodoce groenlandica,8/15/2024,19:38:30,70.847303,-163.201897,Benthos,"Plumb-staff beam trawl,  2.26m opening, 7-mm mesh net, 4-mm cod end liner",Phyllodoce groenlandica,Species,urn:lsid:marinespecies.org:taxname:334506,"Örsted, 1842",Animalia,Annelida,Polychaeta,Phyllodocida,Phyllodocidae,Phyllodoce,abundance,Individuals per 1000 square meter,9.460114522
SKQ202412S-IC09,SKQ202412S-IC09-Plicifusus kroeyeri,8/15/2024,19:38:30,70.847303,-163.201897,Benthos,"Plumb-staff beam trawl,  2.26m opening, 7-mm mesh net, 4-mm cod end liner",Plicifusus kroeyeri,Species,urn:lsid:marinespecies.org:taxname:491269,"Møller, 1842",Animalia,Mollusca,Gastropoda,Neogastropoda,Buccinidae,Plicifusus,abundance,Individuals per 1000 square meter,9.460114522
SKQ202412S-IC09,SKQ202412S-IC09-Psolus peronii,8/15/2024,19:38:30,70.847303,-163.201897,Benthos,"Plumb-staff beam trawl,  2.26m opening, 7-mm mesh net, 4-mm cod end liner",Psolus peronii,Species,urn:lsid:marinespecies.org:taxname:529651,"Bell, 1883",Animalia,Echinodermata,Holothuroidea,Dendrochirotida,Psolidae,Psolus,abundance,Individuals per 1000 square meter,28.38034357
SKQ202412S-IC09,SKQ202412S-IC09-Pteraster obscurus,8/15/2024,19:38:30,70.847303,-163.201897,Benthos,"Plumb-staff beam trawl,  2.26m opening, 7-mm mesh net, 4-mm cod end liner",Pteraster obscurus,Species,urn:lsid:marinespecies.org:taxname:124149,"Perrier, 1891",Animalia,Echinodermata,Asteroidea,Velatida,Pterasteridae,Pteraster,abundance,Individuals per 1000 square meter,9.460114522
SKQ202412S-IC09,SKQ202412S-IC09-Pyrulofusus,8/15/2024,19:38:30,70.847303,-163.201897,Benthos,"Plumb-staff beam trawl,  2.26m opening, 7-mm mesh net, 4-mm cod end liner",Pyrulofusus,Genus,urn:lsid:marinespecies.org:taxname:254377,"Mörch, 1869",Animalia,Mollusca,Gastropoda,Neogastropoda,Buccinidae,Pyrulofusus,abundance,Individuals per 1000 square meter,9.460114522
SKQ202412S-IC09,SKQ202412S-IC09-Sertularia robusta,8/15/2024,19:38:30,70.847303,-163.201897,Benthos,"Plumb-staff beam trawl,  2.26m opening, 7-mm mesh net, 4-mm cod end liner",Sertularia robusta,Species,urn:lsid:marinespecies.org:taxname:117923,"Clark, 1877",Animalia,Cnidaria,Hydrozoa,Leptothecata,Sertulariidae,Sertularia,abundance,Individuals per 1000 square meter,18.92022904
SKQ202412S-IC09,SKQ202412S-IC09-Solariella obscura,8/15/2024,19:38:30,70.847303,-163.201897,Benthos,"Plumb-staff beam trawl,  2.26m opening, 7-mm mesh net, 4-mm cod end liner",Solariella obscura,Species,urn:lsid:marinespecies.org:taxname:141840,"Couthouy, 1838",Animalia,Mollusca,Gastropoda,Trochida,Solariellidae,Solariella,abundance,Individuals per 1000 square meter,104.0612597
SKQ202412S-IC09,SKQ202412S-IC09-Stomphia,8/15/2024,19:38:30,70.847303,-163.201897,Benthos,"Plumb-staff beam trawl,  2.26m opening, 7-mm mesh net, 4-mm cod end liner",Stomphia,Genus,urn:lsid:marinespecies.org:taxname:100716,"Gosse, 1859",Animalia,Cnidaria,Hexacorallia,Actiniaria,Actinostolidae,Stomphia,abundance,Individuals per 1000 square meter,18.92022904
SKQ202412S-IC09,SKQ202412S-IC09-Styela rustica,8/15/2024,19:38:30,70.847303,-163.201897,Benthos,"Plumb-staff beam trawl,  2.26m opening, 7-mm mesh net, 4-mm cod end liner",Styela rustica,Species,urn:lsid:marinespecies.org:taxname:103937,"Linnaeus, 1767",Animalia,Chordata,Ascidiacea,Stolidobranchia,Styelidae,Styela,abundance,Individuals per 1000 square meter,9.460114522
SKQ202412S-IC09,SKQ202412S-IC09-Synidotea,8/15/2024,19:38:30,70.847303,-163.201897,Benthos,"Plumb-staff beam trawl,  2.26m opening, 7-mm mesh net, 4-mm cod end liner",Synidotea,Genus,urn:lsid:marinespecies.org:taxname:118456,"Harger, 1878",Animalia,Arthropoda,Malacostraca,Isopoda,Idoteidae,Synidotea,abundance,Individuals per 1000 square meter,56.76068713
SKQ202412S-IC09,SKQ202412S-IC09-Tachyrhynchus erosus,8/15/2024,19:38:30,70.847303,-163.201897,Benthos,"Plumb-staff beam trawl,  2.26m opening, 7-mm mesh net, 4-mm cod end liner",Tachyrhynchus erosus,Species,urn:lsid:marinespecies.org:taxname:196391,"Couthouy, 1838",Animalia,Mollusca,Gastropoda,Caenogastropoda incertae sedis,Turritellidae,Tachyrhynchus,abundance,Individuals per 1000 square meter,9.460114522
SKQ202412S-IC09,SKQ202412S-IC09-Trichotropis bicarinata,8/15/2024,19:38:30,70.847303,-163.201897,Benthos,"Plumb-staff beam trawl,  2.26m opening, 7-mm mesh net, 4-mm cod end liner",Trichotropis bicarinata,Species,urn:lsid:marinespecies.org:taxname:160421,"G. B. Sowerby I, 1825",Animalia,Mollusca,Gastropoda,Littorinimorpha,Capulidae,Trichotropis,abundance,Individuals per 1000 square meter,9.460114522
SKQ202412S-IC09,SKQ202412S-IC09-Tubularia,8/15/2024,19:38:30,70.847303,-163.201897,Benthos,"Plumb-staff beam trawl,  2.26m opening, 7-mm mesh net, 4-mm cod end liner",Tubularia,Genus,urn:lsid:marinespecies.org:taxname:117258,"Linnaeus, 1758",Animalia,Cnidaria,Hydrozoa,Anthoathecata,Tubulariidae,Tubularia,abundance,Individuals per 1000 square meter,18.92022904
SKQ202412S-IC07,SKQ202412S-IC07-Actiniaria,8/16/2024,11:08:04,71.082087,-163.81623,Benthos,"Plumb-staff beam trawl,  2.26m opening, 7-mm mesh net, 4-mm cod end liner",Actiniaria,Order,urn:lsid:marinespecies.org:taxname:1360,"Hertwig, 1882",Animalia,Cnidaria,Hexacorallia,Actiniaria,n/a,n/a,abundance,Individuals per 1000 square meter,33.70726698
SKQ202412S-IC07,SKQ202412S-IC07-Anonyx,8/16/2024,11:08:04,71.082087,-163.81623,Benthos,"Plumb-staff beam trawl,  2.26m opening, 7-mm mesh net, 4-mm cod end liner",Anonyx,Genus,urn:lsid:marinespecies.org:taxname:101592,"Krøyer, 1838",Animalia,Arthropoda,Malacostraca,Amphipoda,Uristidae,Anonyx,abundance,Individuals per 1000 square meter,5.185733381
SKQ202412S-IC07,SKQ202412S-IC07-Argis,8/16/2024,11:08:04,71.082087,-163.81623,Benthos,"Plumb-staff beam trawl,  2.26m opening, 7-mm mesh net, 4-mm cod end liner",Argis,Genus,urn:lsid:marinespecies.org:taxname:107006,"Krøyer, 1843",Animalia,Arthropoda,Malacostraca,Decapoda,Crangonidae,Argis,abundance,Individuals per 1000 square meter,10.37146676
SKQ202412S-IC07,SKQ202412S-IC07-Aulacofusus brevicauda,8/16/2024,11:08:04,71.082087,-163.81623,Benthos,"Plumb-staff beam trawl,  2.26m opening, 7-mm mesh net, 4-mm cod end liner",Aulacofusus brevicauda,Species,urn:lsid:marinespecies.org:taxname:490735,"Deshayes, 1832",Animalia,Mollusca,Gastropoda,Neogastropoda,Buccinidae,Aulacofusus,abundance,Individuals per 1000 square meter,2.592866691
SKQ202412S-IC07,SKQ202412S-IC07-Bathypolypus arcticus,8/16/2024,11:08:04,71.082087,-163.81623,Benthos,"Plumb-staff beam trawl,  2.26m opening, 7-mm mesh net, 4-mm cod end liner",Bathypolypus arcticus,Species,urn:lsid:marinespecies.org:taxname:140596,"Prosch, 1849",Animalia,Mollusca,Cephalopoda,Octopoda,Bathypolypodidae,Bathypolypus,abundance,Individuals per 1000 square meter,2.592866691
SKQ202412S-IC07,SKQ202412S-IC07-Boreotrophon truncatus,8/16/2024,11:08:04,71.082087,-163.81623,Benthos,"Plumb-staff beam trawl,  2.26m opening, 7-mm mesh net, 4-mm cod end liner",Boreotrophon truncatus,Species,urn:lsid:marinespecies.org:taxname:146733,"Strøm, 1768",Animalia,Mollusca,Gastropoda,Neogastropoda,Muricidae,Boreotrophon,abundance,Individuals per 1000 square meter,7.778600072
SKQ202412S-IC07,SKQ202412S-IC07-Brada villosa,8/16/2024,11:08:04,71.082087,-163.81623,Benthos,"Plumb-staff beam trawl,  2.26m opening, 7-mm mesh net, 4-mm cod end liner",Bradabyssa villosa,Species,urn:lsid:marinespecies.org:taxname:1355594,"Rathke, 1843",Animalia,Annelida,Polychaeta,Terebellida,Flabelligeridae,Bradabyssa,abundance,Individuals per 1000 square meter,7.778600072
SKQ202412S-IC07,SKQ202412S-IC07-Bryozoa soft lobed,8/16/2024,11:08:04,71.082087,-163.81623,Benthos,"Plumb-staff beam trawl,  2.26m opening, 7-mm mesh net, 4-mm cod end liner",Bryozoa soft lobed,Phylum,urn:lsid:marinespecies.org:taxname:146142,n/a,Animalia,Bryozoa,n/a,n/a,n/a,n/a,abundance,Individuals per 1000 square meter,n/a
SKQ202412S-IC07,SKQ202412S-IC07-Buccinum polare,8/16/2024,11:08:04,71.082087,-163.81623,Benthos,"Plumb-staff beam trawl,  2.26m opening, 7-mm mesh net, 4-mm cod end liner",Buccinum polare,Species,urn:lsid:marinespecies.org:taxname:138873,"Gray, 1839",Animalia,Mollusca,Gastropoda,Neogastropoda,Buccinidae,Buccinum,abundance,Individuals per 1000 square meter,25.92866691
SKQ202412S-IC07,SKQ202412S-IC07-Buccinum scalariforme,8/16/2024,11:08:04,71.082087,-163.81623,Benthos,"Plumb-staff beam trawl,  2.26m opening, 7-mm mesh net, 4-mm cod end liner",Buccinum scalariforme,Species,urn:lsid:marinespecies.org:taxname:138875,"Møller, 1842",Animalia,Mollusca,Gastropoda,Neogastropoda,Buccinidae,Buccinum,abundance,Individuals per 1000 square meter,15.55720014
SKQ202412S-IC07,SKQ202412S-IC07-Calycidoris geuntheri,8/16/2024,11:08:04,71.082087,-163.81623,Benthos,"Plumb-staff beam trawl,  2.26m opening, 7-mm mesh net, 4-mm cod end liner",Calycidoris geuntheri,Species,urn:lsid:marinespecies.org:taxname:146756,"Abraham, 1876",Animalia,Mollusca,Gastropoda,Nudibranchia,Calycidorididae,Calycidoris,abundance,Individuals per 1000 square meter,5.185733381
SKQ202412S-IC07,SKQ202412S-IC07-Chionoecetes opilio,8/16/2024,11:08:04,71.082087,-163.81623,Benthos,"Plumb-staff beam trawl,  2.26m opening, 7-mm mesh net, 4-mm cod end liner",Chionoecetes opilio,Species,urn:lsid:marinespecies.org:taxname:107315,"Fabricius, 1788",Animalia,Arthropoda,Malacostraca,Decapoda,Oregoniidae,Chionoecetes,abundance,Individuals per 1000 square meter,62.22880057
SKQ202412S-IC07,SKQ202412S-IC07-Colus pubescens,8/16/2024,11:08:04,71.082087,-163.81623,Benthos,"Plumb-staff beam trawl,  2.26m opening, 7-mm mesh net, 4-mm cod end liner",Colus pubescens,Species,urn:lsid:marinespecies.org:taxname:160212,"A. E. Verrill, 1882",Animalia,Mollusca,Gastropoda,Neogastropoda,Colidae,Colus,abundance,Individuals per 1000 square meter,2.592866691
SKQ202412S-IC07,SKQ202412S-IC07-Crangon dalli,8/16/2024,11:08:04,71.082087,-163.81623,Benthos,"Plumb-staff beam trawl,  2.26m opening, 7-mm mesh net, 4-mm cod end liner",Crangon dalli,Species,urn:lsid:marinespecies.org:taxname:254486,"Rathbun, 1902",Animalia,Arthropoda,Malacostraca,Decapoda,Crangonidae,Crangon,abundance,Individuals per 1000 square meter,101.1218009
SKQ202412S-IC07,SKQ202412S-IC07-Cryptonatica affinis,8/16/2024,11:08:04,71.082087,-163.81623,Benthos,"Plumb-staff beam trawl,  2.26m opening, 7-mm mesh net, 4-mm cod end liner",Cryptonatica affinis,Species,urn:lsid:marinespecies.org:taxname:140525,"Gmelin, 1791",Animalia,Mollusca,Gastropoda,Littorinimorpha,Naticidae,Cryptonatica,abundance,Individuals per 1000 square meter,25.92866691
SKQ202412S-IC07,SKQ202412S-IC07-Eualus gaimardii ,8/16/2024,11:08:04,71.082087,-163.81623,Benthos,"Plumb-staff beam trawl,  2.26m opening, 7-mm mesh net, 4-mm cod end liner",Eualus gaimardii ,Species,urn:lsid:marinespecies.org:taxname:107504,"H. Milne Edwards, 1837",Animalia,Arthropoda,Malacostraca,Decapoda,Thoridae,Eualus,abundance,Individuals per 1000 square meter,101.1218009
SKQ202412S-IC07,SKQ202412S-IC07-Eualus macilentus,8/16/2024,11:08:04,71.082087,-163.81623,Benthos,"Plumb-staff beam trawl,  2.26m opening, 7-mm mesh net, 4-mm cod end liner",Eualus macilentus,Species,urn:lsid:marinespecies.org:taxname:158359,"Krøyer, 1841",Animalia,Arthropoda,Malacostraca,Decapoda,Thoridae,Eualus,abundance,Individuals per 1000 square meter,108.900401
SKQ202412S-IC07,SKQ202412S-IC07-Eualus,8/16/2024,11:08:04,71.082087,-163.81623,Benthos,"Plumb-staff beam trawl,  2.26m opening, 7-mm mesh net, 4-mm cod end liner",Eualus,Genus,urn:lsid:marinespecies.org:taxname:106986,"Thallwitz, 1891",Animalia,Arthropoda,Malacostraca,Decapoda,Thoridae,Eualus,abundance,Individuals per 1000 square meter,20.74293352
SKQ202412S-IC07,SKQ202412S-IC07-Euspira pallida,8/16/2024,11:08:04,71.082087,-163.81623,Benthos,"Plumb-staff beam trawl,  2.26m opening, 7-mm mesh net, 4-mm cod end liner",Euspira pallida,Species,urn:lsid:marinespecies.org:taxname:140536,"Broderip & G. B. Sowerby I, 1829",Animalia,Mollusca,Gastropoda,Littorinimorpha,Naticidae,Euspira,abundance,Individuals per 1000 square meter,18.15006683
SKQ202412S-IC07,SKQ202412S-IC07-Gattyana amondensi,8/16/2024,11:08:04,71.082087,-163.81623,Benthos,"Plumb-staff beam trawl,  2.26m opening, 7-mm mesh net, 4-mm cod end liner",Gattyana amondensi,Species,urn:lsid:marinespecies.org:taxname:130748,"Malmgren, 1867",Animalia,Annelida,Polychaeta,Phyllodocida,Polynoidae,Gattyana,abundance,Individuals per 1000 square meter,5.185733381
SKQ202412S-IC07,SKQ202412S-IC07-Gattyana cirrhosa,8/16/2024,11:08:04,71.082087,-163.81623,Benthos,"Plumb-staff beam trawl,  2.26m opening, 7-mm mesh net, 4-mm cod end liner",Gattyana cirrhosa,Species,urn:lsid:marinespecies.org:taxname:130749,"Pallas, 1766",Animalia,Annelida,Polychaeta,Phyllodocida,Polynoidae,Gattyana,abundance,Individuals per 1000 square meter,5.185733381
SKQ202412S-IC07,SKQ202412S-IC07-Gattyana ciliata,8/16/2024,11:08:04,71.082087,-163.81623,Benthos,"Plumb-staff beam trawl,  2.26m opening, 7-mm mesh net, 4-mm cod end liner",Gattyana ciliata,Species,urn:lsid:marinespecies.org:taxname:254456,"Moore, 1902",Animalia,Annelida,Polychaeta,Phyllodocida,Polynoidae,Gattyana,abundance,Individuals per 1000 square meter,2.592866691
SKQ202412S-IC07,SKQ202412S-IC07-Gersemia rubiformis,8/16/2024,11:08:04,71.082087,-163.81623,Benthos,"Plumb-staff beam trawl,  2.26m opening, 7-mm mesh net, 4-mm cod end liner",Gersemia rubiformis,Species,urn:lsid:marinespecies.org:taxname:156103,"Ehrenberg, 1834",Animalia,Cnidaria,Octocorallia,Malacalcyonacea,Alcyoniidae,Gersemia,abundance,Individuals per 1000 square meter,n/a
SKQ202412S-IC07,SKQ202412S-IC07-Hyas coarctatus,8/16/2024,11:08:04,71.082087,-163.81623,Benthos,"Plumb-staff beam trawl,  2.26m opening, 7-mm mesh net, 4-mm cod end liner",Hyas coarctatus,Species,urn:lsid:marinespecies.org:taxname:107323,"Leach, 1815",Animalia,Arthropoda,Malacostraca,Decapoda,Oregoniidae,Hyas,abundance,Individuals per 1000 square meter,12.96433345
SKQ202412S-IC07,SKQ202412S-IC07-Labidochirus splendescens,8/16/2024,11:08:04,71.082087,-163.81623,Benthos,"Plumb-staff beam trawl,  2.26m opening, 7-mm mesh net, 4-mm cod end liner",Labidochirus splendescens,Species,urn:lsid:marinespecies.org:taxname:248348,"Owen, 1839",Animalia,Arthropoda,Malacostraca,Decapoda,Paguridae,Labidochirus,abundance,Individuals per 1000 square meter,2.592866691
SKQ202412S-IC07,SKQ202412S-IC07-Leptasterias groenlandica,8/16/2024,11:08:04,71.082087,-163.81623,Benthos,"Plumb-staff beam trawl,  2.26m opening, 7-mm mesh net, 4-mm cod end liner",Leptasterias groenlandica,Species,urn:lsid:marinespecies.org:taxname:369176,"Steenstrup in Lutken, 1857",Animalia,Echinodermata,Asteroidea,Forcipulatida,Asteriidae,Leptasterias,abundance,Individuals per 1000 square meter,7.778600072
SKQ202412S-IC07,SKQ202412S-IC07-Lepeta,8/16/2024,11:08:04,71.082087,-163.81623,Benthos,"Plumb-staff beam trawl,  2.26m opening, 7-mm mesh net, 4-mm cod end liner",Lepeta,Genus,urn:lsid:marinespecies.org:taxname:138111,"J. E. Gray, 1842",Animalia,Mollusca,Gastropoda,n/a,Lepetidae,Lepeta,abundance,Individuals per 1000 square meter,2.592866691
SKQ202412S-IC07,SKQ202412S-IC07-Margarites costalis,8/16/2024,11:08:04,71.082087,-163.81623,Benthos,"Plumb-staff beam trawl,  2.26m opening, 7-mm mesh net, 4-mm cod end liner",Margarites costalis,Species,urn:lsid:marinespecies.org:taxname:141819,"A. Gould, 1841",Animalia,Mollusca,Gastropoda,Trochida,Margaritidae,Margarites,abundance,Individuals per 1000 square meter,7.778600072
SKQ202412S-IC07,SKQ202412S-IC07-Margarites helicinus,8/16/2024,11:08:04,71.082087,-163.81623,Benthos,"Plumb-staff beam trawl,  2.26m opening, 7-mm mesh net, 4-mm cod end liner",Margarites helicinus,Species,urn:lsid:marinespecies.org:taxname:141821,"Phipps, 1774",Animalia,Mollusca,Gastropoda,Trochida,Margaritidae,Margarites,abundance,Individuals per 1000 square meter,2.592866691
SKQ202412S-IC07,SKQ202412S-IC07-Myriotrochus rinkii,8/16/2024,11:08:04,71.082087,-163.81623,Benthos,"Plumb-staff beam trawl,  2.26m opening, 7-mm mesh net, 4-mm cod end liner",Myriotrochus rinkii,Species,urn:lsid:marinespecies.org:taxname:124446,"Steenstrup, 1851",Animalia,Echinodermata,Holothuroidea,Apodida,Myriotrochidae,Myriotrochus,abundance,Individuals per 1000 square meter,583.3950054
SKQ202412S-IC07,SKQ202412S-IC07-Nemertea,8/16/2024,11:08:04,71.082087,-163.81623,Benthos,"Plumb-staff beam trawl,  2.26m opening, 7-mm mesh net, 4-mm cod end liner",Nemertea,Phylum,urn:lsid:marinespecies.org:taxname:152391,n/a,Animalia,Nemertea,n/a,n/a,n/a,n/a,abundance,Individuals per 1000 square meter,10.37146676
SKQ202412S-IC07,SKQ202412S-IC07-Neptunea heros,8/16/2024,11:08:04,71.082087,-163.81623,Benthos,"Plumb-staff beam trawl,  2.26m opening, 7-mm mesh net, 4-mm cod end liner",Neptunea heros,Species,urn:lsid:marinespecies.org:taxname:254479,"J. E. Gray, 1850",Animalia,Mollusca,Gastropoda,Neogastropoda,Buccinidae,Neptunea,abundance,Individuals per 1000 square meter,18.15006683
SKQ202412S-IC07,SKQ202412S-IC07-Obesotoma,8/16/2024,11:08:04,71.082087,-163.81623,Benthos,"Plumb-staff beam trawl,  2.26m opening, 7-mm mesh net, 4-mm cod end liner",Obesotoma,Genus,urn:lsid:marinespecies.org:taxname:137825,"Bartsch, 1941",Animalia,Mollusca,Gastropoda,Neogastropoda,Mangeliidae,Obesotoma,abundance,Individuals per 1000 square meter,15.55720014
SKQ202412S-IC07,SKQ202412S-IC07-Onchidiopsis,8/16/2024,11:08:04,71.082087,-163.81623,Benthos,"Plumb-staff beam trawl,  2.26m opening, 7-mm mesh net, 4-mm cod end liner",Onchidiopsis,Genus,urn:lsid:marinespecies.org:taxname:138628,"Bergh, 1853",Animalia,Mollusca,Gastropoda,Littorinimorpha,Velutinidae,Onchidiopsis,abundance,Individuals per 1000 square meter,2.592866691
SKQ202412S-IC07,SKQ202412S-IC07-Ophiura robusta,8/16/2024,11:08:04,71.082087,-163.81623,Benthos,"Plumb-staff beam trawl,  2.26m opening, 7-mm mesh net, 4-mm cod end liner",Ophiura robusta,Species,urn:lsid:marinespecies.org:taxname:124933,"Ayres, 1852",Animalia,Echinodermata,Ophiuroidea,Ophiurida,Ophiuridae,Ophiura,abundance,Individuals per 1000 square meter,10.37146676
SKQ202412S-IC07,SKQ202412S-IC07-Ophiura sarsiii,8/16/2024,11:08:04,71.082087,-163.81623,Benthos,"Plumb-staff beam trawl,  2.26m opening, 7-mm mesh net, 4-mm cod end liner",Ophiura sarsiii,Species,urn:lsid:marinespecies.org:taxname:124934,"Lütken, 1855",Animalia,Echinodermata,Ophiuroidea,Ophiurida,Ophiuridae,Ophiura,abundance,Individuals per 1000 square meter,4174.515372
SKQ202412S-IC07,SKQ202412S-IC07-Pagurus capillatus,8/16/2024,11:08:04,71.082087,-163.81623,Benthos,"Plumb-staff beam trawl,  2.26m opening, 7-mm mesh net, 4-mm cod end liner",Pagurus capillatus,Species,urn:lsid:marinespecies.org:taxname:254489,"Benedict, 1892",Animalia,Arthropoda,Malacostraca,Decapoda,Paguridae,Pagurus,abundance,Individuals per 1000 square meter,5.185733381
SKQ202412S-IC07,SKQ202412S-IC07-Propebela nobilis,8/16/2024,11:08:04,71.082087,-163.81623,Benthos,"Plumb-staff beam trawl,  2.26m opening, 7-mm mesh net, 4-mm cod end liner",Propebela nobilis,Species,urn:lsid:marinespecies.org:taxname:160450,"Møller, 1842",Animalia,Mollusca,Gastropoda,Neogastropoda,Mangeliidae,Propebela,abundance,Individuals per 1000 square meter,2.592866691
SKQ202412S-IC07,SKQ202412S-IC07-Solariella obscura,8/16/2024,11:08:04,71.082087,-163.81623,Benthos,"Plumb-staff beam trawl,  2.26m opening, 7-mm mesh net, 4-mm cod end liner",Solariella obscura,Species,urn:lsid:marinespecies.org:taxname:141840,"Couthouy, 1838",Animalia,Mollusca,Gastropoda,Trochida,Solariellidae,Solariella,abundance,Individuals per 1000 square meter,70.00740064
SKQ202412S-IC07,SKQ202412S-IC07-Stomphia,8/16/2024,11:08:04,71.082087,-163.81623,Benthos,"Plumb-staff beam trawl,  2.26m opening, 7-mm mesh net, 4-mm cod end liner",Stomphia,Genus,urn:lsid:marinespecies.org:taxname:100716,"Gosse, 1859",Animalia,Cnidaria,Hexacorallia,Actiniaria,Actinostolidae,Stomphia,abundance,Individuals per 1000 square meter,2.592866691
SKQ202412S-IC07,SKQ202412S-IC07-Synidotea bicuspida,8/16/2024,11:08:04,71.082087,-163.81623,Benthos,"Plumb-staff beam trawl,  2.26m opening, 7-mm mesh net, 4-mm cod end liner",Synidotea bicuspida,Species,urn:lsid:marinespecies.org:taxname:156445,"Owen, 1839",Animalia,Arthropoda,Malacostraca,Isopoda,Idoteidae,Synidotea,abundance,Individuals per 1000 square meter,5.185733381
SKQ202412S-IC07,SKQ202412S-IC07-Trichotropis bicarinata,8/16/2024,11:08:04,71.082087,-163.81623,Benthos,"Plumb-staff beam trawl,  2.26m opening, 7-mm mesh net, 4-mm cod end liner",Trichotropis bicarinata,Species,urn:lsid:marinespecies.org:taxname:160421,"G. B. Sowerby I, 1825",Animalia,Mollusca,Gastropoda,Littorinimorpha,Capulidae,Trichotropis,abundance,Individuals per 1000 square meter,2.592866691
SKQ202412S-IC05,SKQ202412S-IC05-Admete solida,8/16/2024,16:48:42,71.33833,-164.622988,Benthos,"Plumb-staff beam trawl,  2.26m opening, 7-mm mesh net, 4-mm cod end liner",Admete solida,Species,urn:lsid:marinespecies.org:taxname:576338,"Aurivillius, 1885",Animalia,Mollusca,Gastropoda,Neogastropoda,Cancellariidae,Admete,abundance,Individuals per 1000 square meter,2.580062284
SKQ202412S-IC05,SKQ202412S-IC05-Alcyonidium gelatinosum,8/16/2024,16:48:42,71.33833,-164.622988,Benthos,"Plumb-staff beam trawl,  2.26m opening, 7-mm mesh net, 4-mm cod end liner",Alcyonidium gelatinosum,Species,urn:lsid:marinespecies.org:taxname:111600,"Linnaeus, 1761",Animalia,Bryozoa,Gymnolaemata,Ctenostomatida,Alcyonidiidae,Alcyonidium,abundance,Individuals per 1000 square meter,n/a
SKQ202412S-IC05,SKQ202412S-IC05-Anonyx,8/16/2024,16:48:42,71.33833,-164.622988,Benthos,"Plumb-staff beam trawl,  2.26m opening, 7-mm mesh net, 4-mm cod end liner",Anonyx,Genus,urn:lsid:marinespecies.org:taxname:101592,"Krøyer, 1838",Animalia,Arthropoda,Malacostraca,Amphipoda,Uristidae,Anonyx,abundance,Individuals per 1000 square meter,7.740186852
SKQ202412S-IC05,SKQ202412S-IC05-Argis,8/16/2024,16:48:42,71.33833,-164.622988,Benthos,"Plumb-staff beam trawl,  2.26m opening, 7-mm mesh net, 4-mm cod end liner",Argis,Genus,urn:lsid:marinespecies.org:taxname:107006,"Krøyer, 1843",Animalia,Arthropoda,Malacostraca,Decapoda,Crangonidae,Argis,abundance,Individuals per 1000 square meter,15.4803737
SKQ202412S-IC05,SKQ202412S-IC05-Boreotrophon truncatus,8/16/2024,16:48:42,71.33833,-164.622988,Benthos,"Plumb-staff beam trawl,  2.26m opening, 7-mm mesh net, 4-mm cod end liner",Boreotrophon truncatus,Species,urn:lsid:marinespecies.org:taxname:146733,"Strøm, 1768",Animalia,Mollusca,Gastropoda,Neogastropoda,Muricidae,Boreotrophon,abundance,Individuals per 1000 square meter,2.580062284
SKQ202412S-IC05,SKQ202412S-IC05-Brada villosa,8/16/2024,16:48:42,71.33833,-164.622988,Benthos,"Plumb-staff beam trawl,  2.26m opening, 7-mm mesh net, 4-mm cod end liner",Bradabyssa villosa,Species,urn:lsid:marinespecies.org:taxname:1355594,"Rathke, 1843",Animalia,Annelida,Polychaeta,Terebellida,Flabelligeridae,Bradabyssa,abundance,Individuals per 1000 square meter,2.580062284
SKQ202412S-IC05,SKQ202412S-IC05-Buccinum polare,8/16/2024,16:48:42,71.33833,-164.622988,Benthos,"Plumb-staff beam trawl,  2.26m opening, 7-mm mesh net, 4-mm cod end liner",Buccinum polare,Species,urn:lsid:marinespecies.org:taxname:138873,"Gray, 1839",Animalia,Mollusca,Gastropoda,Neogastropoda,Buccinidae,Buccinum,abundance,Individuals per 1000 square meter,5.160124568
SKQ202412S-IC05,SKQ202412S-IC05-Buccinum scalariforme,8/16/2024,16:48:42,71.33833,-164.622988,Benthos,"Plumb-staff beam trawl,  2.26m opening, 7-mm mesh net, 4-mm cod end liner",Buccinum scalariforme,Species,urn:lsid:marinespecies.org:taxname:138875,"Møller, 1842",Animalia,Mollusca,Gastropoda,Neogastropoda,Buccinidae,Buccinum,abundance,Individuals per 1000 square meter,2.580062284
SKQ202412S-IC05,SKQ202412S-IC05-Buccinum solenum,8/16/2024,16:48:42,71.33833,-164.622988,Benthos,"Plumb-staff beam trawl,  2.26m opening, 7-mm mesh net, 4-mm cod end liner",Buccinum terraenovae,Species,urn:lsid:marinespecies.org:taxname:490864,"Mörch, 1869",Animalia,Mollusca,Gastropoda,Neogastropoda,Buccinidae,Buccinum,abundance,Individuals per 1000 square meter,2.580062284
SKQ202412S-IC05,SKQ202412S-IC05-Chionoecetes opilio,8/16/2024,16:48:42,71.33833,-164.622988,Benthos,"Plumb-staff beam trawl,  2.26m opening, 7-mm mesh net, 4-mm cod end liner",Chionoecetes opilio,Species,urn:lsid:marinespecies.org:taxname:107315,"Fabricius, 1788",Animalia,Arthropoda,Malacostraca,Decapoda,Oregoniidae,Chionoecetes,abundance,Individuals per 1000 square meter,12.90031142
SKQ202412S-IC05,SKQ202412S-IC05-Crangon dalli,8/16/2024,16:48:42,71.33833,-164.622988,Benthos,"Plumb-staff beam trawl,  2.26m opening, 7-mm mesh net, 4-mm cod end liner",Crangon dalli,Species,urn:lsid:marinespecies.org:taxname:254486,"Rathbun, 1902",Animalia,Arthropoda,Malacostraca,Decapoda,Crangonidae,Crangon,abundance,Individuals per 1000 square meter,15.4803737
SKQ202412S-IC05,SKQ202412S-IC05-Cryptonatica affinis,8/16/2024,16:48:42,71.33833,-164.622988,Benthos,"Plumb-staff beam trawl,  2.26m opening, 7-mm mesh net, 4-mm cod end liner",Cryptonatica affinis,Species,urn:lsid:marinespecies.org:taxname:140525,"Gmelin, 1791",Animalia,Mollusca,Gastropoda,Littorinimorpha,Naticidae,Cryptonatica,abundance,Individuals per 1000 square meter,5.160124568
SKQ202412S-IC05,SKQ202412S-IC05-Cylichnoides occultus,8/16/2024,16:48:42,71.33833,-164.622988,Benthos,"Plumb-staff beam trawl,  2.26m opening, 7-mm mesh net, 4-mm cod end liner",Cylichnoides occultus,Species,urn:lsid:marinespecies.org:taxname:884604,"Mighels & C. B. Adams, 1842",Animalia,Mollusca,Gastropoda,Cephalaspidea,Eoscaphandridae,Cylichnoides,abundance,Individuals per 1000 square meter,2.580062284
SKQ202412S-IC05,SKQ202412S-IC05-Eualus gaimardii ,8/16/2024,16:48:42,71.33833,-164.622988,Benthos,"Plumb-staff beam trawl,  2.26m opening, 7-mm mesh net, 4-mm cod end liner",Eualus gaimardii ,Species,urn:lsid:marinespecies.org:taxname:107504,"H. Milne Edwards, 1837",Animalia,Arthropoda,Malacostraca,Decapoda,Thoridae,Eualus,abundance,Individuals per 1000 square meter,141.9034256
SKQ202412S-IC05,SKQ202412S-IC05-Eualus macilentus,8/16/2024,16:48:42,71.33833,-164.622988,Benthos,"Plumb-staff beam trawl,  2.26m opening, 7-mm mesh net, 4-mm cod end liner",Eualus macilentus,Species,urn:lsid:marinespecies.org:taxname:158359,"Krøyer, 1841",Animalia,Arthropoda,Malacostraca,Decapoda,Thoridae,Eualus,abundance,Individuals per 1000 square meter,103.2024914
SKQ202412S-IC05,SKQ202412S-IC05-Euspira pallida,8/16/2024,16:48:42,71.33833,-164.622988,Benthos,"Plumb-staff beam trawl,  2.26m opening, 7-mm mesh net, 4-mm cod end liner",Euspira pallida,Species,urn:lsid:marinespecies.org:taxname:140536,"Broderip & G. B. Sowerby I, 1829",Animalia,Mollusca,Gastropoda,Littorinimorpha,Naticidae,Euspira,abundance,Individuals per 1000 square meter,7.740186852
SKQ202412S-IC05,SKQ202412S-IC05-Gattyana cirrhosa,8/16/2024,16:48:42,71.33833,-164.622988,Benthos,"Plumb-staff beam trawl,  2.26m opening, 7-mm mesh net, 4-mm cod end liner",Gattyana cirrhosa,Species,urn:lsid:marinespecies.org:taxname:130749,"Pallas, 1766",Animalia,Annelida,Polychaeta,Phyllodocida,Polynoidae,Gattyana,abundance,Individuals per 1000 square meter,2.580062284
SKQ202412S-IC05,SKQ202412S-IC05-Gattyana ciliata,8/16/2024,16:48:42,71.33833,-164.622988,Benthos,"Plumb-staff beam trawl,  2.26m opening, 7-mm mesh net, 4-mm cod end liner",Gattyana ciliata,Species,urn:lsid:marinespecies.org:taxname:254456,"Moore, 1902",Animalia,Annelida,Polychaeta,Phyllodocida,Polynoidae,Gattyana,abundance,Individuals per 1000 square meter,23.22056056
SKQ202412S-IC05,SKQ202412S-IC05-Gersemia rubiformis,8/16/2024,16:48:42,71.33833,-164.622988,Benthos,"Plumb-staff beam trawl,  2.26m opening, 7-mm mesh net, 4-mm cod end liner",Gersemia rubiformis,Species,urn:lsid:marinespecies.org:taxname:156103,"Ehrenberg, 1834",Animalia,Cnidaria,Octocorallia,Malacalcyonacea,Alcyoniidae,Gersemia,abundance,Individuals per 1000 square meter,n/a
SKQ202412S-IC05,SKQ202412S-IC05-Labidochirus splendescens,8/16/2024,16:48:42,71.33833,-164.622988,Benthos,"Plumb-staff beam trawl,  2.26m opening, 7-mm mesh net, 4-mm cod end liner",Labidochirus splendescens,Species,urn:lsid:marinespecies.org:taxname:248348,"Owen, 1839",Animalia,Arthropoda,Malacostraca,Decapoda,Paguridae,Labidochirus,abundance,Individuals per 1000 square meter,2.580062284
SKQ202412S-IC05,SKQ202412S-IC05-Leptasterias groenlandica,8/16/2024,16:48:42,71.33833,-164.622988,Benthos,"Plumb-staff beam trawl,  2.26m opening, 7-mm mesh net, 4-mm cod end liner",Leptasterias groenlandica,Species,urn:lsid:marinespecies.org:taxname:369176,"Steenstrup in Lutken, 1857",Animalia,Echinodermata,Asteroidea,Forcipulatida,Asteriidae,Leptasterias,abundance,Individuals per 1000 square meter,2.580062284
SKQ202412S-IC05,SKQ202412S-IC05-Margarites helicinus,8/16/2024,16:48:42,71.33833,-164.622988,Benthos,"Plumb-staff beam trawl,  2.26m opening, 7-mm mesh net, 4-mm cod end liner",Margarites helicinus,Species,urn:lsid:marinespecies.org:taxname:141821,"Phipps, 1774",Animalia,Mollusca,Gastropoda,Trochida,Margaritidae,Margarites,abundance,Individuals per 1000 square meter,2.580062284
SKQ202412S-IC05,SKQ202412S-IC05-Myriotrochus rinkii,8/16/2024,16:48:42,71.33833,-164.622988,Benthos,"Plumb-staff beam trawl,  2.26m opening, 7-mm mesh net, 4-mm cod end liner",Myriotrochus rinkii,Species,urn:lsid:marinespecies.org:taxname:124446,"Steenstrup, 1851",Animalia,Echinodermata,Holothuroidea,Apodida,Myriotrochidae,Myriotrochus,abundance,Individuals per 1000 square meter,797.2392458
SKQ202412S-IC05,SKQ202412S-IC05-Nemertea,8/16/2024,16:48:42,71.33833,-164.622988,Benthos,"Plumb-staff beam trawl,  2.26m opening, 7-mm mesh net, 4-mm cod end liner",Nemertea,Phylum,urn:lsid:marinespecies.org:taxname:152391,n/a,Animalia,Nemertea,n/a,n/a,n/a,n/a,abundance,Individuals per 1000 square meter,10.32024914
SKQ202412S-IC05,SKQ202412S-IC05-Nymphon,8/16/2024,16:48:42,71.33833,-164.622988,Benthos,"Plumb-staff beam trawl,  2.26m opening, 7-mm mesh net, 4-mm cod end liner",Nymphon,Genus,urn:lsid:marinespecies.org:taxname:134591,"Fabricius, 1794",Animalia,Arthropoda,Pycnogonida,Pantopoda,Nymphonidae,Nymphon,abundance,Individuals per 1000 square meter,12.90031142
SKQ202412S-IC05,SKQ202412S-IC05-Obesotoma,8/16/2024,16:48:42,71.33833,-164.622988,Benthos,"Plumb-staff beam trawl,  2.26m opening, 7-mm mesh net, 4-mm cod end liner",Obesotoma,Genus,urn:lsid:marinespecies.org:taxname:137825,"Bartsch, 1941",Animalia,Mollusca,Gastropoda,Neogastropoda,Mangeliidae,Obesotoma,abundance,Individuals per 1000 square meter,10.32024914
SKQ202412S-IC05,SKQ202412S-IC05-Obseotoma tenuilirata,8/16/2024,16:48:42,71.33833,-164.622988,Benthos,"Plumb-staff beam trawl,  2.26m opening, 7-mm mesh net, 4-mm cod end liner",Obesotoma tenuilirata ,Species,urn:lsid:marinespecies.org:taxname:423564  ,"Dall, 1871",Animalia,Mollusca,Gastropoda,Neogastropoda,Mangeliidae,Obesotoma,abundance,Individuals per 1000 square meter,2.580062284
SKQ202412S-IC05,SKQ202412S-IC05-Ocnus glacialis,8/16/2024,16:48:42,71.33833,-164.622988,Benthos,"Plumb-staff beam trawl,  2.26m opening, 7-mm mesh net, 4-mm cod end liner",Ocnus glacialis,Species,urn:lsid:marinespecies.org:taxname:124641,"Ljungman, 1879",Animalia,Echinodermata,Holothuroidea,Dendrochirotida,Cucumariidae,Ocnus,abundance,Individuals per 1000 square meter,2.580062284
SKQ202412S-IC05,SKQ202412S-IC05-Ophiura robusta,8/16/2024,16:48:42,71.33833,-164.622988,Benthos,"Plumb-staff beam trawl,  2.26m opening, 7-mm mesh net, 4-mm cod end liner",Ophiura robusta,Species,urn:lsid:marinespecies.org:taxname:124933,"Ayres, 1852",Animalia,Echinodermata,Ophiuroidea,Ophiurida,Ophiuridae,Ophiura,abundance,Individuals per 1000 square meter,154.803737
SKQ202412S-IC05,SKQ202412S-IC05-Ophiura sarsiii,8/16/2024,16:48:42,71.33833,-164.622988,Benthos,"Plumb-staff beam trawl,  2.26m opening, 7-mm mesh net, 4-mm cod end liner",Ophiura sarsiii,Species,urn:lsid:marinespecies.org:taxname:124934,"Lütken, 1855",Animalia,Echinodermata,Ophiuroidea,Ophiurida,Ophiuridae,Ophiura,abundance,Individuals per 1000 square meter,3870.093426
SKQ202412S-IC05,SKQ202412S-IC05-Pagurus capillatus,8/16/2024,16:48:42,71.33833,-164.622988,Benthos,"Plumb-staff beam trawl,  2.26m opening, 7-mm mesh net, 4-mm cod end liner",Pagurus capillatus,Species,urn:lsid:marinespecies.org:taxname:254489,"Benedict, 1892",Animalia,Arthropoda,Malacostraca,Decapoda,Paguridae,Pagurus,abundance,Individuals per 1000 square meter,2.580062284
SKQ202412S-IC05,SKQ202412S-IC05-Pandalus borealis eous,8/16/2024,16:48:42,71.33833,-164.622988,Benthos,"Plumb-staff beam trawl,  2.26m opening, 7-mm mesh net, 4-mm cod end liner",Pandalus borealis eous,Species,urn:lsid:marinespecies.org:taxname:515463,"Makarov, 1935",Animalia,Arthropoda,Malacostraca,Decapoda,Pandalidae,Pandalus,abundance,Individuals per 1000 square meter,7.740186852
SKQ202412S-IC05,SKQ202412S-IC05-Paramphithoe polyacantha,8/16/2024,16:48:42,71.33833,-164.622988,Benthos,"Plumb-staff beam trawl,  2.26m opening, 7-mm mesh net, 4-mm cod end liner",Paramphithoe polyacantha,Species,urn:lsid:marinespecies.org:taxname:102154,"Murdoch, 1885",Animalia,Arthropoda,Malacostraca,Amphipoda,Paramphithoidae,Paramphithoe,abundance,Individuals per 1000 square meter,2.580062284
SKQ202412S-IC05,SKQ202412S-IC05-Phyllodoce groenlandica,8/16/2024,16:48:42,71.33833,-164.622988,Benthos,"Plumb-staff beam trawl,  2.26m opening, 7-mm mesh net, 4-mm cod end liner",Phyllodoce groenlandica,Species,urn:lsid:marinespecies.org:taxname:334506,"Örsted, 1842",Animalia,Annelida,Polychaeta,Phyllodocida,Phyllodocidae,Phyllodoce,abundance,Individuals per 1000 square meter,2.580062284
SKQ202412S-IC05,SKQ202412S-IC05-Psolus peronii,8/16/2024,16:48:42,71.33833,-164.622988,Benthos,"Plumb-staff beam trawl,  2.26m opening, 7-mm mesh net, 4-mm cod end liner",Psolus peronii,Species,urn:lsid:marinespecies.org:taxname:529651,"Bell, 1883",Animalia,Echinodermata,Holothuroidea,Dendrochirotida,Psolidae,Psolus,abundance,Individuals per 1000 square meter,23.22056056
SKQ202412S-IC05,SKQ202412S-IC05-Serripes groenlandica,8/16/2024,16:48:42,71.33833,-164.622988,Benthos,"Plumb-staff beam trawl,  2.26m opening, 7-mm mesh net, 4-mm cod end liner",Serripes groenlandica,Species,urn:lsid:marinespecies.org:taxname:582749,"Mohr, 1786",Animalia,Mollusca,Bivalvia,Cardiida,Cardiidae,Serripes,abundance,Individuals per 1000 square meter,2.580062284
SKQ202412S-IC05,SKQ202412S-IC05-Solariella obscura,8/16/2024,16:48:42,71.33833,-164.622988,Benthos,"Plumb-staff beam trawl,  2.26m opening, 7-mm mesh net, 4-mm cod end liner",Solariella obscura,Species,urn:lsid:marinespecies.org:taxname:141840,"Couthouy, 1838",Animalia,Mollusca,Gastropoda,Trochida,Solariellidae,Solariella,abundance,Individuals per 1000 square meter,10.32024914
SKQ202412S-IC05,SKQ202412S-IC05-Spiochaetopterus,8/16/2024,16:48:42,71.33833,-164.622988,Benthos,"Plumb-staff beam trawl,  2.26m opening, 7-mm mesh net, 4-mm cod end liner",Spiochaetopterus,Genus,urn:lsid:marinespecies.org:taxname:129233,"M Sars, 1856",Animalia,Annelida,Polychaeta,n/a,Chaetopteridae,Spiochaetopterus,abundance,Individuals per 1000 square meter,2.580062284
SKQ202412S-IC05,SKQ202412S-IC05-Stegocephalidae,8/16/2024,16:48:42,71.33833,-164.622988,Benthos,"Plumb-staff beam trawl,  2.26m opening, 7-mm mesh net, 4-mm cod end liner",Stegocephalidae,Family,urn:lsid:marinespecies.org:taxname:101408,"Dana, 1852",Animalia,Arthropoda,Malacostraca,Amphipoda,Stegocephalidae,n/a,abundance,Individuals per 1000 square meter,2.580062284
SKQ202412S-IC05,SKQ202412S-IC05-Stomphia,8/16/2024,16:48:42,71.33833,-164.622988,Benthos,"Plumb-staff beam trawl,  2.26m opening, 7-mm mesh net, 4-mm cod end liner",Stomphia,Genus,urn:lsid:marinespecies.org:taxname:100716,"Gosse, 1859",Animalia,Cnidaria,Hexacorallia,Actiniaria,Actinostolidae,Stomphia,abundance,Individuals per 1000 square meter,7.740186852
SKQ202412S-IC05,SKQ202412S-IC05-Synidotea bicuspida,8/16/2024,16:48:42,71.33833,-164.622988,Benthos,"Plumb-staff beam trawl,  2.26m opening, 7-mm mesh net, 4-mm cod end liner",Synidotea bicuspida,Species,urn:lsid:marinespecies.org:taxname:156445,"Owen, 1839",Animalia,Arthropoda,Malacostraca,Isopoda,Idoteidae,Synidotea,abundance,Individuals per 1000 square meter,7.740186852
SKQ202412S-IC05,SKQ202412S-IC05-Tachyrhynchus erosus,8/16/2024,16:48:42,71.33833,-164.622988,Benthos,"Plumb-staff beam trawl,  2.26m opening, 7-mm mesh net, 4-mm cod end liner",Tachyrhynchus erosus,Species,urn:lsid:marinespecies.org:taxname:196391,"Couthouy, 1838",Animalia,Mollusca,Gastropoda,Caenogastropoda incertae sedis,Turritellidae,Tachyrhynchus,abundance,Individuals per 1000 square meter,5.160124568
SKQ202412S-IC05,SKQ202412S-IC05-Trichotropis bicarinata,8/16/2024,16:48:42,71.33833,-164.622988,Benthos,"Plumb-staff beam trawl,  2.26m opening, 7-mm mesh net, 4-mm cod end liner",Trichotropis bicarinata,Species,urn:lsid:marinespecies.org:taxname:160421,"G. B. Sowerby I, 1825",Animalia,Mollusca,Gastropoda,Littorinimorpha,Capulidae,Trichotropis,abundance,Individuals per 1000 square meter,2.580062284
SKQ202412S-IC05,SKQ202412S-IC05-Tritonia,8/16/2024,16:48:42,71.33833,-164.622988,Benthos,"Plumb-staff beam trawl,  2.26m opening, 7-mm mesh net, 4-mm cod end liner",Tritonia,Genus,urn:lsid:marinespecies.org:taxname:138580,"Cuvier, 1797",Animalia,Mollusca,Gastropoda,Nudibranchia,Tritoniidae,Tritonia,abundance,Individuals per 1000 square meter,2.580062284
SKQ202412S-IC03,SKQ202412S-IC03-Admete viridula,8/16/2024,22:00:02,71.603007,-165.314663,Benthos,"Plumb-staff beam trawl,  2.26m opening, 7-mm mesh net, 4-mm cod end liner",Admete viridula,Species,urn:lsid:marinespecies.org:taxname:138969,"O. Fabricius, 1780",Animalia,Mollusca,Gastropoda,Neogastropoda,Cancellariidae,Admete,abundance,Individuals per 1000 square meter,7.432743033
SKQ202412S-IC03,SKQ202412S-IC03-Anonyx,8/16/2024,22:00:02,71.603007,-165.314663,Benthos,"Plumb-staff beam trawl,  2.26m opening, 7-mm mesh net, 4-mm cod end liner",Anonyx,Genus,urn:lsid:marinespecies.org:taxname:101592,"Krøyer, 1838",Animalia,Arthropoda,Malacostraca,Amphipoda,Uristidae,Anonyx,abundance,Individuals per 1000 square meter,22.2982291
SKQ202412S-IC03,SKQ202412S-IC03-Arcteobia anticostiensis,8/16/2024,22:00:02,71.603007,-165.314663,Benthos,"Plumb-staff beam trawl,  2.26m opening, 7-mm mesh net, 4-mm cod end liner",Arcteobia anticostiensis,Species,urn:lsid:marinespecies.org:taxname:157214,"Mcintosh, 1874",Animalia,Annelida,Polychaeta,Phyllodocida,Polynoidae,Arcteobia,abundance,Individuals per 1000 square meter,14.86548607
SKQ202412S-IC03,SKQ202412S-IC03-Argis,8/16/2024,22:00:02,71.603007,-165.314663,Benthos,"Plumb-staff beam trawl,  2.26m opening, 7-mm mesh net, 4-mm cod end liner",Argis,Genus,urn:lsid:marinespecies.org:taxname:107006,"Krøyer, 1843",Animalia,Arthropoda,Malacostraca,Decapoda,Crangonidae,Argis,abundance,Individuals per 1000 square meter,17.34306708
SKQ202412S-IC03,SKQ202412S-IC03-Boreotrophon truncatus,8/16/2024,22:00:02,71.603007,-165.314663,Benthos,"Plumb-staff beam trawl,  2.26m opening, 7-mm mesh net, 4-mm cod end liner",Boreotrophon truncatus,Species,urn:lsid:marinespecies.org:taxname:146733,"Strøm, 1768",Animalia,Mollusca,Gastropoda,Neogastropoda,Muricidae,Boreotrophon,abundance,Individuals per 1000 square meter,7.432743033
SKQ202412S-IC03,SKQ202412S-IC03-Buccinum scalariforme,8/16/2024,22:00:02,71.603007,-165.314663,Benthos,"Plumb-staff beam trawl,  2.26m opening, 7-mm mesh net, 4-mm cod end liner",Buccinum scalariforme,Species,urn:lsid:marinespecies.org:taxname:138875,"Møller, 1842",Animalia,Mollusca,Gastropoda,Neogastropoda,Buccinidae,Buccinum,abundance,Individuals per 1000 square meter,37.16371517
SKQ202412S-IC03,SKQ202412S-IC03-Chionoecetes opilio,8/16/2024,22:00:02,71.603007,-165.314663,Benthos,"Plumb-staff beam trawl,  2.26m opening, 7-mm mesh net, 4-mm cod end liner",Chionoecetes opilio,Species,urn:lsid:marinespecies.org:taxname:107315,"Fabricius, 1788",Animalia,Arthropoda,Malacostraca,Decapoda,Oregoniidae,Chionoecetes,abundance,Individuals per 1000 square meter,106.5359835
SKQ202412S-IC03,SKQ202412S-IC03-Crangon dalli,8/16/2024,22:00:02,71.603007,-165.314663,Benthos,"Plumb-staff beam trawl,  2.26m opening, 7-mm mesh net, 4-mm cod end liner",Crangon dalli,Species,urn:lsid:marinespecies.org:taxname:254486,"Rathbun, 1902",Animalia,Arthropoda,Malacostraca,Decapoda,Crangonidae,Crangon,abundance,Individuals per 1000 square meter,7.432743033
SKQ202412S-IC03,SKQ202412S-IC03-Cryptonatica affinis,8/16/2024,22:00:02,71.603007,-165.314663,Benthos,"Plumb-staff beam trawl,  2.26m opening, 7-mm mesh net, 4-mm cod end liner",Cryptonatica affinis,Species,urn:lsid:marinespecies.org:taxname:140525,"Gmelin, 1791",Animalia,Mollusca,Gastropoda,Littorinimorpha,Naticidae,Cryptonatica,abundance,Individuals per 1000 square meter,7.432743033
SKQ202412S-IC03,SKQ202412S-IC03-Eualus gaimardii ,8/16/2024,22:00:02,71.603007,-165.314663,Benthos,"Plumb-staff beam trawl,  2.26m opening, 7-mm mesh net, 4-mm cod end liner",Eualus gaimardii ,Species,urn:lsid:marinespecies.org:taxname:107504,"H. Milne Edwards, 1837",Animalia,Arthropoda,Malacostraca,Decapoda,Thoridae,Eualus,abundance,Individuals per 1000 square meter,339.4285985
SKQ202412S-IC03,SKQ202412S-IC03-Eualus macilentus,8/16/2024,22:00:02,71.603007,-165.314663,Benthos,"Plumb-staff beam trawl,  2.26m opening, 7-mm mesh net, 4-mm cod end liner",Eualus macilentus,Species,urn:lsid:marinespecies.org:taxname:158359,"Krøyer, 1841",Animalia,Arthropoda,Malacostraca,Decapoda,Thoridae,Eualus,abundance,Individuals per 1000 square meter,22.2982291
SKQ202412S-IC03,SKQ202412S-IC03-Eucratea loricata,8/16/2024,22:00:02,71.603007,-165.314663,Benthos,"Plumb-staff beam trawl,  2.26m opening, 7-mm mesh net, 4-mm cod end liner",Eucratea loricata,Species,urn:lsid:marinespecies.org:taxname:111361,"Linnaeus, 1758",Animalia,Bryozoa,Gymnolaemata,Cheilostomatida,Eucrateidae,Eucratea,abundance,Individuals per 1000 square meter,n/a
SKQ202412S-IC03,SKQ202412S-IC03-Euspira pallida,8/16/2024,22:00:02,71.603007,-165.314663,Benthos,"Plumb-staff beam trawl,  2.26m opening, 7-mm mesh net, 4-mm cod end liner",Euspira pallida,Species,urn:lsid:marinespecies.org:taxname:140536,"Broderip & G. B. Sowerby I, 1829",Animalia,Mollusca,Gastropoda,Littorinimorpha,Naticidae,Euspira,abundance,Individuals per 1000 square meter,7.432743033
SKQ202412S-IC03,SKQ202412S-IC03-Gattyana ciliata,8/16/2024,22:00:02,71.603007,-165.314663,Benthos,"Plumb-staff beam trawl,  2.26m opening, 7-mm mesh net, 4-mm cod end liner",Gattyana ciliata,Species,urn:lsid:marinespecies.org:taxname:254456,"Moore, 1902",Animalia,Annelida,Polychaeta,Phyllodocida,Polynoidae,Gattyana,abundance,Individuals per 1000 square meter,14.86548607
SKQ202412S-IC03,SKQ202412S-IC03-Gersemia rubiformis,8/16/2024,22:00:02,71.603007,-165.314663,Benthos,"Plumb-staff beam trawl,  2.26m opening, 7-mm mesh net, 4-mm cod end liner",Gersemia rubiformis,Species,urn:lsid:marinespecies.org:taxname:156103,"Ehrenberg, 1834",Animalia,Cnidaria,Octocorallia,Malacalcyonacea,Alcyoniidae,Gersemia,abundance,Individuals per 1000 square meter,n/a
SKQ202412S-IC03,SKQ202412S-IC03-Gorgonocephalus eucnemis,8/16/2024,22:00:02,71.603007,-165.314663,Benthos,"Plumb-staff beam trawl,  2.26m opening, 7-mm mesh net, 4-mm cod end liner",Gorgonocephalus eucnemis,Species,urn:lsid:marinespecies.org:taxname:124969,"Müller & Troschel, 1842",Animalia,Echinodermata,Ophiuroidea,Euryalida,Gorgonocephalidae,Gorgonocephalus,abundance,Individuals per 1000 square meter,14.86548607
SKQ202412S-IC03,SKQ202412S-IC03-Hyas coarctatus,8/16/2024,22:00:02,71.603007,-165.314663,Benthos,"Plumb-staff beam trawl,  2.26m opening, 7-mm mesh net, 4-mm cod end liner",Hyas coarctatus,Species,urn:lsid:marinespecies.org:taxname:107323,"Leach, 1815",Animalia,Arthropoda,Malacostraca,Decapoda,Oregoniidae,Hyas,abundance,Individuals per 1000 square meter,22.2982291
SKQ202412S-IC03,SKQ202412S-IC03-Hydroidea,8/16/2024,22:00:02,71.603007,-165.314663,Benthos,"Plumb-staff beam trawl,  2.26m opening, 7-mm mesh net, 4-mm cod end liner",Hydrozoa,Class,urn:lsid:marinespecies.org:taxname:1337,"Owen, 1843",Animalia,Cnidaria,Hydrozoa,n/a,n/a,n/a,abundance,Individuals per 1000 square meter,n/a
SKQ202412S-IC03,SKQ202412S-IC03-Lafoeina maxima,8/16/2024,22:00:02,71.603007,-165.314663,Benthos,"Plumb-staff beam trawl,  2.26m opening, 7-mm mesh net, 4-mm cod end liner",Lafoeina maxima,Species,urn:lsid:marinespecies.org:taxname:117411,"Levinsen, 1893",Animalia,Cnidaria,Hydrozoa,Leptothecata,Campanulinidae,Lafoeina,abundance,Individuals per 1000 square meter,n/a
SKQ202412S-IC03,SKQ202412S-IC03-Leptasterias polaris,8/16/2024,22:00:02,71.603007,-165.314663,Benthos,"Plumb-staff beam trawl,  2.26m opening, 7-mm mesh net, 4-mm cod end liner",Leptasterias (Hexasterias) polaris,Species,urn:lsid:marinespecies.org:taxname:125154,"Müller & Troschel, 1842",Animalia,Echinodermata,Asteroidea,Forcipulatida,Asteriidae,Leptasterias (Hexasterias),abundance,Individuals per 1000 square meter,7.432743033
SKQ202412S-IC03,SKQ202412S-IC03-Myriotrochus rinkii,8/16/2024,22:00:02,71.603007,-165.314663,Benthos,"Plumb-staff beam trawl,  2.26m opening, 7-mm mesh net, 4-mm cod end liner",Myriotrochus rinkii,Species,urn:lsid:marinespecies.org:taxname:124446,"Steenstrup, 1851",Animalia,Echinodermata,Holothuroidea,Apodida,Myriotrochidae,Myriotrochus,abundance,Individuals per 1000 square meter,8830.098724
SKQ202412S-IC03,SKQ202412S-IC03-Nemertea,8/16/2024,22:00:02,71.603007,-165.314663,Benthos,"Plumb-staff beam trawl,  2.26m opening, 7-mm mesh net, 4-mm cod end liner",Nemertea,Phylum,urn:lsid:marinespecies.org:taxname:152391,n/a,Animalia,Nemertea,n/a,n/a,n/a,n/a,abundance,Individuals per 1000 square meter,29.73097213
SKQ202412S-IC03,SKQ202412S-IC03-Neptunea heros,8/16/2024,22:00:02,71.603007,-165.314663,Benthos,"Plumb-staff beam trawl,  2.26m opening, 7-mm mesh net, 4-mm cod end liner",Neptunea heros,Species,urn:lsid:marinespecies.org:taxname:254479,"J. E. Gray, 1850",Animalia,Mollusca,Gastropoda,Neogastropoda,Buccinidae,Neptunea,abundance,Individuals per 1000 square meter,14.86548607
SKQ202412S-IC03,SKQ202412S-IC03-Nymphon,8/16/2024,22:00:02,71.603007,-165.314663,Benthos,"Plumb-staff beam trawl,  2.26m opening, 7-mm mesh net, 4-mm cod end liner",Nymphon,Genus,urn:lsid:marinespecies.org:taxname:134591,"Fabricius, 1794",Animalia,Arthropoda,Pycnogonida,Pantopoda,Nymphonidae,Nymphon,abundance,Individuals per 1000 square meter,7.432743033
SKQ202412S-IC03,SKQ202412S-IC03-Oenopota,8/16/2024,22:00:02,71.603007,-165.314663,Benthos,"Plumb-staff beam trawl,  2.26m opening, 7-mm mesh net, 4-mm cod end liner",Oenopota,Genus,urn:lsid:marinespecies.org:taxname:137826,"Mörch, 1852",Animalia,Mollusca,Gastropoda,Neogastropoda,Mangeliidae,Oenopota,abundance,Individuals per 1000 square meter,7.432743033
SKQ202412S-IC03,SKQ202412S-IC03-Ophiura sarsiii,8/16/2024,22:00:02,71.603007,-165.314663,Benthos,"Plumb-staff beam trawl,  2.26m opening, 7-mm mesh net, 4-mm cod end liner",Ophiura sarsiii,Species,urn:lsid:marinespecies.org:taxname:124934,"Lütken, 1855",Animalia,Echinodermata,Ophiuroidea,Ophiurida,Ophiuridae,Ophiura,abundance,Individuals per 1000 square meter,27337.62888
SKQ202412S-IC03,SKQ202412S-IC03-Pagurus capillatus,8/16/2024,22:00:02,71.603007,-165.314663,Benthos,"Plumb-staff beam trawl,  2.26m opening, 7-mm mesh net, 4-mm cod end liner",Pagurus capillatus,Species,urn:lsid:marinespecies.org:taxname:254489,"Benedict, 1892",Animalia,Arthropoda,Malacostraca,Decapoda,Paguridae,Pagurus,abundance,Individuals per 1000 square meter,29.73097213
SKQ202412S-IC03,SKQ202412S-IC03-Pandalus goniurus,8/16/2024,22:00:02,71.603007,-165.314663,Benthos,"Plumb-staff beam trawl,  2.26m opening, 7-mm mesh net, 4-mm cod end liner",Pandalus goniurus,Species,urn:lsid:marinespecies.org:taxname:254483,"Stimpson, 1860",Animalia,Arthropoda,Malacostraca,Decapoda,Pandalidae,Pandalus,abundance,Individuals per 1000 square meter,14.86548607
SKQ202412S-IC03,SKQ202412S-IC03-Phyllodoce groenlandica,8/16/2024,22:00:02,71.603007,-165.314663,Benthos,"Plumb-staff beam trawl,  2.26m opening, 7-mm mesh net, 4-mm cod end liner",Phyllodoce groenlandica,Species,urn:lsid:marinespecies.org:taxname:334506,"Örsted, 1842",Animalia,Annelida,Polychaeta,Phyllodocida,Phyllodocidae,Phyllodoce,abundance,Individuals per 1000 square meter,7.432743033
SKQ202412S-IC03,SKQ202412S-IC03-Plicifusus kroeyeri,8/16/2024,22:00:02,71.603007,-165.314663,Benthos,"Plumb-staff beam trawl,  2.26m opening, 7-mm mesh net, 4-mm cod end liner",Plicifusus kroeyeri,Species,urn:lsid:marinespecies.org:taxname:491269,"Møller, 1842",Animalia,Mollusca,Gastropoda,Neogastropoda,Buccinidae,Plicifusus,abundance,Individuals per 1000 square meter,7.432743033
SKQ202412S-IC03,SKQ202412S-IC03-Pteraster obscurus,8/16/2024,22:00:02,71.603007,-165.314663,Benthos,"Plumb-staff beam trawl,  2.26m opening, 7-mm mesh net, 4-mm cod end liner",Pteraster obscurus,Species,urn:lsid:marinespecies.org:taxname:124149,"Perrier, 1891",Animalia,Echinodermata,Asteroidea,Velatida,Pterasteridae,Pteraster,abundance,Individuals per 1000 square meter,7.432743033
SKQ202412S-IC03,SKQ202412S-IC03-Solariella obscura,8/16/2024,22:00:02,71.603007,-165.314663,Benthos,"Plumb-staff beam trawl,  2.26m opening, 7-mm mesh net, 4-mm cod end liner",Solariella obscura,Species,urn:lsid:marinespecies.org:taxname:141840,"Couthouy, 1838",Animalia,Mollusca,Gastropoda,Trochida,Solariellidae,Solariella,abundance,Individuals per 1000 square meter,14.86548607
SKQ202412S-IC01,SKQ202412S-IC01-Ampharetidae,8/17/2024,13:29:21,71.829118,-165.982691,Benthos,"Plumb-staff beam trawl,  2.26m opening, 7-mm mesh net, 4-mm cod end liner",Ampharetidae,Family,urn:lsid:marinespecies.org:taxname:981,"Malmgren, 1866",Animalia,Annelida,Polychaeta,Terebellida,Ampharetidae,n/a,abundance,Individuals per 1000 square meter,2.454409266
SKQ202412S-IC01,SKQ202412S-IC01-Anonyx,8/17/2024,13:29:21,71.829118,-165.982691,Benthos,"Plumb-staff beam trawl,  2.26m opening, 7-mm mesh net, 4-mm cod end liner",Anonyx,Genus,urn:lsid:marinespecies.org:taxname:101592,"Krøyer, 1838",Animalia,Arthropoda,Malacostraca,Amphipoda,Uristidae,Anonyx,abundance,Individuals per 1000 square meter,17.18086486
SKQ202412S-IC01,SKQ202412S-IC01-Argis,8/17/2024,13:29:21,71.829118,-165.982691,Benthos,"Plumb-staff beam trawl,  2.26m opening, 7-mm mesh net, 4-mm cod end liner",Argis,Genus,urn:lsid:marinespecies.org:taxname:107006,"Krøyer, 1843",Animalia,Arthropoda,Malacostraca,Decapoda,Crangonidae,Argis,abundance,Individuals per 1000 square meter,7.363227797
SKQ202412S-IC01,SKQ202412S-IC01-Balanus crenatus,8/17/2024,13:29:21,71.829118,-165.982691,Benthos,"Plumb-staff beam trawl,  2.26m opening, 7-mm mesh net, 4-mm cod end liner",Balanus crenatus,Species,urn:lsid:marinespecies.org:taxname:106215,"Bruguière, 1789",Animalia,Arthropoda,Thecostraca,Balanomorpha,Balanidae,Balanus,abundance,Individuals per 1000 square meter,n/a
SKQ202412S-IC01,SKQ202412S-IC01-Buccinum polare,8/17/2024,13:29:21,71.829118,-165.982691,Benthos,"Plumb-staff beam trawl,  2.26m opening, 7-mm mesh net, 4-mm cod end liner",Buccinum polare,Species,urn:lsid:marinespecies.org:taxname:138873,"Gray, 1839",Animalia,Mollusca,Gastropoda,Neogastropoda,Buccinidae,Buccinum,abundance,Individuals per 1000 square meter,4.908818531
SKQ202412S-IC01,SKQ202412S-IC01-Chionoecetes opilio,8/17/2024,13:29:21,71.829118,-165.982691,Benthos,"Plumb-staff beam trawl,  2.26m opening, 7-mm mesh net, 4-mm cod end liner",Chionoecetes opilio,Species,urn:lsid:marinespecies.org:taxname:107315,"Fabricius, 1788",Animalia,Arthropoda,Malacostraca,Decapoda,Oregoniidae,Chionoecetes,abundance,Individuals per 1000 square meter,279.8026563
SKQ202412S-IC01,SKQ202412S-IC01-Crangon dalli,8/17/2024,13:29:21,71.829118,-165.982691,Benthos,"Plumb-staff beam trawl,  2.26m opening, 7-mm mesh net, 4-mm cod end liner",Crangon dalli,Species,urn:lsid:marinespecies.org:taxname:254486,"Rathbun, 1902",Animalia,Arthropoda,Malacostraca,Decapoda,Crangonidae,Crangon,abundance,Individuals per 1000 square meter,12.27204633
SKQ202412S-IC01,SKQ202412S-IC01-Ctenodiscus crispatus,8/17/2024,13:29:21,71.829118,-165.982691,Benthos,"Plumb-staff beam trawl,  2.26m opening, 7-mm mesh net, 4-mm cod end liner",Ctenodiscus crispatus,Species,urn:lsid:marinespecies.org:taxname:123915,"Bruzelius, 1805",Animalia,Echinodermata,Asteroidea,Paxillosida,Ctenodiscidae,Ctenodiscus,abundance,Individuals per 1000 square meter,2.454409266
SKQ202412S-IC01,SKQ202412S-IC01-Cylichna alba,8/17/2024,13:29:21,71.829118,-165.982691,Benthos,"Plumb-staff beam trawl,  2.26m opening, 7-mm mesh net, 4-mm cod end liner",Cylichna alba,Species,urn:lsid:marinespecies.org:taxname:139474,"T. Brown, 1827",Animalia,Mollusca,Gastropoda,Cephalaspidea,Cylichnidae,Cylichna,abundance,Individuals per 1000 square meter,2.454409266
SKQ202412S-IC01,SKQ202412S-IC01-Dendronotus frondosus,8/17/2024,13:29:21,71.829118,-165.982691,Benthos,"Plumb-staff beam trawl,  2.26m opening, 7-mm mesh net, 4-mm cod end liner",Dendronotus frondosus,Species,urn:lsid:marinespecies.org:taxname:139523,"Ascanius, 1774",Animalia,Mollusca,Gastropoda,Nudibranchia,Dendronotidae,Dendronotus,abundance,Individuals per 1000 square meter,2.454409266
SKQ202412S-IC01,SKQ202412S-IC01-Eualus macilentus,8/17/2024,13:29:21,71.829118,-165.982691,Benthos,"Plumb-staff beam trawl,  2.26m opening, 7-mm mesh net, 4-mm cod end liner",Eualus macilentus,Species,urn:lsid:marinespecies.org:taxname:158359,"Krøyer, 1841",Animalia,Arthropoda,Malacostraca,Decapoda,Thoridae,Eualus,abundance,Individuals per 1000 square meter,22.08968339
SKQ202412S-IC01,SKQ202412S-IC01-Euspira pallida,8/17/2024,13:29:21,71.829118,-165.982691,Benthos,"Plumb-staff beam trawl,  2.26m opening, 7-mm mesh net, 4-mm cod end liner",Euspira pallida,Species,urn:lsid:marinespecies.org:taxname:140536,"Broderip & G. B. Sowerby I, 1829",Animalia,Mollusca,Gastropoda,Littorinimorpha,Naticidae,Euspira,abundance,Individuals per 1000 square meter,4.908818531
SKQ202412S-IC01,SKQ202412S-IC01-Gorgonocephalus eucnemis,8/17/2024,13:29:21,71.829118,-165.982691,Benthos,"Plumb-staff beam trawl,  2.26m opening, 7-mm mesh net, 4-mm cod end liner",Gorgonocephalus eucnemis,Species,urn:lsid:marinespecies.org:taxname:124969,"Müller & Troschel, 1842",Animalia,Echinodermata,Ophiuroidea,Euryalida,Gorgonocephalidae,Gorgonocephalus,abundance,Individuals per 1000 square meter,2.454409266
SKQ202412S-IC01,SKQ202412S-IC01-Harmothoe imbricata,8/17/2024,13:29:21,71.829118,-165.982691,Benthos,"Plumb-staff beam trawl,  2.26m opening, 7-mm mesh net, 4-mm cod end liner",Harmothoe imbricata,Species,urn:lsid:marinespecies.org:taxname:130769,"Linnaeus, 1767",Animalia,Annelida,Polychaeta,Phyllodocida,Polynoidae,Harmothoe,abundance,Individuals per 1000 square meter,4.908818531
SKQ202412S-IC01,SKQ202412S-IC01-Hyas coarctatus,8/17/2024,13:29:21,71.829118,-165.982691,Benthos,"Plumb-staff beam trawl,  2.26m opening, 7-mm mesh net, 4-mm cod end liner",Hyas coarctatus,Species,urn:lsid:marinespecies.org:taxname:107323,"Leach, 1815",Animalia,Arthropoda,Malacostraca,Decapoda,Oregoniidae,Hyas,abundance,Individuals per 1000 square meter,2.454409266
SKQ202412S-IC01,SKQ202412S-IC01-Hydroidea,8/17/2024,13:29:21,71.829118,-165.982691,Benthos,"Plumb-staff beam trawl,  2.26m opening, 7-mm mesh net, 4-mm cod end liner",Hydrozoa,Class,urn:lsid:marinespecies.org:taxname:1337,"Owen, 1843",Animalia,Cnidaria,Hydrozoa,n/a,n/a,n/a,abundance,Individuals per 1000 square meter,n/a
SKQ202412S-IC01,SKQ202412S-IC01-Labidochirus splendescens,8/17/2024,13:29:21,71.829118,-165.982691,Benthos,"Plumb-staff beam trawl,  2.26m opening, 7-mm mesh net, 4-mm cod end liner",Labidochirus splendescens,Species,urn:lsid:marinespecies.org:taxname:248348,"Owen, 1839",Animalia,Arthropoda,Malacostraca,Decapoda,Paguridae,Labidochirus,abundance,Individuals per 1000 square meter,4.908818531
SKQ202412S-IC01,SKQ202412S-IC01-Leptasterias polaris,8/17/2024,13:29:21,71.829118,-165.982691,Benthos,"Plumb-staff beam trawl,  2.26m opening, 7-mm mesh net, 4-mm cod end liner",Leptasterias (Hexasterias) polaris,Species,urn:lsid:marinespecies.org:taxname:125154,"Müller & Troschel, 1842",Animalia,Echinodermata,Asteroidea,Forcipulatida,Asteriidae,Leptasterias (Hexasterias),abundance,Individuals per 1000 square meter,2.454409266
SKQ202412S-IC01,SKQ202412S-IC01-Margarites helicinus,8/17/2024,13:29:21,71.829118,-165.982691,Benthos,"Plumb-staff beam trawl,  2.26m opening, 7-mm mesh net, 4-mm cod end liner",Margarites helicinus,Species,urn:lsid:marinespecies.org:taxname:141821,"Phipps, 1774",Animalia,Mollusca,Gastropoda,Trochida,Margaritidae,Margarites,abundance,Individuals per 1000 square meter,17.18086486
SKQ202412S-IC01,SKQ202412S-IC01-Melita formosa,8/17/2024,13:29:21,71.829118,-165.982691,Benthos,"Plumb-staff beam trawl,  2.26m opening, 7-mm mesh net, 4-mm cod end liner",Quasimelita formosa,Species,urn:lsid:marinespecies.org:taxname:423709,"Murdoch, 1885",Animalia,Arthropoda,Malacostraca,Amphipoda,Melitidae,Quasimelita,abundance,Individuals per 1000 square meter,2.454409266
SKQ202412S-IC01,SKQ202412S-IC01-Myriotrochus rinkii,8/17/2024,13:29:21,71.829118,-165.982691,Benthos,"Plumb-staff beam trawl,  2.26m opening, 7-mm mesh net, 4-mm cod end liner",Myriotrochus rinkii,Species,urn:lsid:marinespecies.org:taxname:124446,"Steenstrup, 1851",Animalia,Echinodermata,Holothuroidea,Apodida,Myriotrochidae,Myriotrochus,abundance,Individuals per 1000 square meter,500.6994902
SKQ202412S-IC01,SKQ202412S-IC01-Nemertea,8/17/2024,13:29:21,71.829118,-165.982691,Benthos,"Plumb-staff beam trawl,  2.26m opening, 7-mm mesh net, 4-mm cod end liner",Nemertea,Phylum,urn:lsid:marinespecies.org:taxname:152391,n/a,Animalia,Nemertea,n/a,n/a,n/a,n/a,abundance,Individuals per 1000 square meter,4.908818531
SKQ202412S-IC01,SKQ202412S-IC01-Neptunea heros,8/17/2024,13:29:21,71.829118,-165.982691,Benthos,"Plumb-staff beam trawl,  2.26m opening, 7-mm mesh net, 4-mm cod end liner",Neptunea heros,Species,urn:lsid:marinespecies.org:taxname:254479,"J. E. Gray, 1850",Animalia,Mollusca,Gastropoda,Neogastropoda,Buccinidae,Neptunea,abundance,Individuals per 1000 square meter,2.454409266
SKQ202412S-IC01,SKQ202412S-IC01-Nodulotrophon coronatus,8/17/2024,13:29:21,71.829118,-165.982691,Benthos,"Plumb-staff beam trawl,  2.26m opening, 7-mm mesh net, 4-mm cod end liner",Nodulotrophon coronatus,Species,urn:lsid:marinespecies.org:taxname:399228,"H. Adams & A. Adams, 1864",Animalia,Mollusca,Gastropoda,Neogastropoda,Muricidae,Nodulotrophon,abundance,Individuals per 1000 square meter,2.454409266
SKQ202412S-IC01,SKQ202412S-IC01-Onchidiopsis,8/17/2024,13:29:21,71.829118,-165.982691,Benthos,"Plumb-staff beam trawl,  2.26m opening, 7-mm mesh net, 4-mm cod end liner",Onchidiopsis,Genus,urn:lsid:marinespecies.org:taxname:138628,"Bergh, 1853",Animalia,Mollusca,Gastropoda,Littorinimorpha,Velutinidae,Onchidiopsis,abundance,Individuals per 1000 square meter,2.454409266
SKQ202412S-IC01,SKQ202412S-IC01-Ophiura robusta,8/17/2024,13:29:21,71.829118,-165.982691,Benthos,"Plumb-staff beam trawl,  2.26m opening, 7-mm mesh net, 4-mm cod end liner",Ophiura robusta,Species,urn:lsid:marinespecies.org:taxname:124933,"Ayres, 1852",Animalia,Echinodermata,Ophiuroidea,Ophiurida,Ophiuridae,Ophiura,abundance,Individuals per 1000 square meter,2.454409266
SKQ202412S-IC01,SKQ202412S-IC01-Ophiura sarsiii,8/17/2024,13:29:21,71.829118,-165.982691,Benthos,"Plumb-staff beam trawl,  2.26m opening, 7-mm mesh net, 4-mm cod end liner",Ophiura sarsiii,Species,urn:lsid:marinespecies.org:taxname:124934,"Lütken, 1855",Animalia,Echinodermata,Ophiuroidea,Ophiurida,Ophiuridae,Ophiura,abundance,Individuals per 1000 square meter,996.4901618
SKQ202412S-IC01,SKQ202412S-IC01-Pagurus capillatus,8/17/2024,13:29:21,71.829118,-165.982691,Benthos,"Plumb-staff beam trawl,  2.26m opening, 7-mm mesh net, 4-mm cod end liner",Pagurus capillatus,Species,urn:lsid:marinespecies.org:taxname:254489,"Benedict, 1892",Animalia,Arthropoda,Malacostraca,Decapoda,Paguridae,Pagurus,abundance,Individuals per 1000 square meter,9.817637062
SKQ202412S-IC01,SKQ202412S-IC01-Pagurus trigonocheirus,8/17/2024,13:29:21,71.829118,-165.982691,Benthos,"Plumb-staff beam trawl,  2.26m opening, 7-mm mesh net, 4-mm cod end liner",Pagurus trigonocheirus,Species,urn:lsid:marinespecies.org:taxname:254490,"Stimpson, 1858",Animalia,Arthropoda,Malacostraca,Decapoda,Paguridae,Pagurus,abundance,Individuals per 1000 square meter,2.454409266
SKQ202412S-IC01,SKQ202412S-IC01-Pycnogonida,8/17/2024,13:29:21,71.829118,-165.982691,Benthos,"Plumb-staff beam trawl,  2.26m opening, 7-mm mesh net, 4-mm cod end liner",Pycnogonida,Class,urn:lsid:marinespecies.org:taxname:1302,"Latreille, 1810",Animalia,Arthropoda,Pycnogonida,n/a,n/a,n/a,abundance,Individuals per 1000 square meter,2.454409266
SKQ202412S-IC01,SKQ202412S-IC01-Serripes groenlandica,8/17/2024,13:29:21,71.829118,-165.982691,Benthos,"Plumb-staff beam trawl,  2.26m opening, 7-mm mesh net, 4-mm cod end liner",Serripes groenlandica,Species,urn:lsid:marinespecies.org:taxname:582749,"Mohr, 1786",Animalia,Mollusca,Bivalvia,Cardiida,Cardiidae,Serripes,abundance,Individuals per 1000 square meter,4.908818531
SKQ202412S-IC01,SKQ202412S-IC01-Stegophiura nodosa,8/17/2024,13:29:21,71.829118,-165.982691,Benthos,"Plumb-staff beam trawl,  2.26m opening, 7-mm mesh net, 4-mm cod end liner",Stegophiura nodosa,Species,urn:lsid:marinespecies.org:taxname:124943,"Lütken, 1855",Animalia,Echinodermata,Ophiuroidea,Ophiurida,Ophiopyrgidae,Stegophiura,abundance,Individuals per 1000 square meter,2.454409266
SKQ202412S-DBO4.4n,SKQ202412S-DBO4.4n-Admete solida,8/18/2024,10:27:17,71.586782,-161.414073,Benthos,"Plumb-staff beam trawl,  2.26m opening, 7-mm mesh net, 4-mm cod end liner",Admete solida,Species,urn:lsid:marinespecies.org:taxname:576338,"Aurivillius, 1885",Animalia,Mollusca,Gastropoda,Neogastropoda,Cancellariidae,Admete,abundance,Individuals per 1000 square meter,7.166046729
SKQ202412S-DBO4.4n,SKQ202412S-DBO4.4n-Actiniaria,8/18/2024,10:27:17,71.586782,-161.414073,Benthos,"Plumb-staff beam trawl,  2.26m opening, 7-mm mesh net, 4-mm cod end liner",Actiniaria,Order,urn:lsid:marinespecies.org:taxname:1360,"Hertwig, 1882",Animalia,Cnidaria,Hexacorallia,Actiniaria,n/a,n/a,abundance,Individuals per 1000 square meter,4.777364486
SKQ202412S-DBO4.4n,SKQ202412S-DBO4.4n-Anonyx,8/18/2024,10:27:17,71.586782,-161.414073,Benthos,"Plumb-staff beam trawl,  2.26m opening, 7-mm mesh net, 4-mm cod end liner",Anonyx,Genus,urn:lsid:marinespecies.org:taxname:101592,"Krøyer, 1838",Animalia,Arthropoda,Malacostraca,Amphipoda,Uristidae,Anonyx,abundance,Individuals per 1000 square meter,14.33209346
SKQ202412S-DBO4.4n,SKQ202412S-DBO4.4n-Argis,8/18/2024,10:27:17,71.586782,-161.414073,Benthos,"Plumb-staff beam trawl,  2.26m opening, 7-mm mesh net, 4-mm cod end liner",Argis,Genus,urn:lsid:marinespecies.org:taxname:107006,"Krøyer, 1843",Animalia,Arthropoda,Malacostraca,Decapoda,Crangonidae,Argis,abundance,Individuals per 1000 square meter,7.166046729
SKQ202412S-DBO4.4n,SKQ202412S-DBO4.4n-Arrhys phylonyx,8/18/2024,10:27:17,71.586782,-161.414073,Benthos,"Plumb-staff beam trawl,  2.26m opening, 7-mm mesh net, 4-mm cod end liner",Arrhys phylonyx,Species,urn:lsid:marinespecies.org:taxname:102870,"M. Sars, 1858",Animalia,Arthropoda,Malacostraca,Amphipoda,Oedicerotidae,Arrhis,abundance,Individuals per 1000 square meter,23.88682243
SKQ202412S-DBO4.4n,SKQ202412S-DBO4.4n-Brada villosa,8/18/2024,10:27:17,71.586782,-161.414073,Benthos,"Plumb-staff beam trawl,  2.26m opening, 7-mm mesh net, 4-mm cod end liner",Bradabyssa villosa,Species,urn:lsid:marinespecies.org:taxname:1355594,"Rathke, 1843",Animalia,Annelida,Polychaeta,Terebellida,Flabelligeridae,Bradabyssa,abundance,Individuals per 1000 square meter,4.777364486
SKQ202412S-DBO4.4n,SKQ202412S-DBO4.4n-Buccinum polare,8/18/2024,10:27:17,71.586782,-161.414073,Benthos,"Plumb-staff beam trawl,  2.26m opening, 7-mm mesh net, 4-mm cod end liner",Buccinum polare,Species,urn:lsid:marinespecies.org:taxname:138873,"Gray, 1839",Animalia,Mollusca,Gastropoda,Neogastropoda,Buccinidae,Buccinum,abundance,Individuals per 1000 square meter,4.777364486
SKQ202412S-DBO4.4n,SKQ202412S-DBO4.4n-Chionoecetes opilio,8/18/2024,10:27:17,71.586782,-161.414073,Benthos,"Plumb-staff beam trawl,  2.26m opening, 7-mm mesh net, 4-mm cod end liner",Chionoecetes opilio,Species,urn:lsid:marinespecies.org:taxname:107315,"Fabricius, 1788",Animalia,Arthropoda,Malacostraca,Decapoda,Oregoniidae,Chionoecetes,abundance,Individuals per 1000 square meter,11.94341121
SKQ202412S-DBO4.4n,SKQ202412S-DBO4.4n-Cistenides hyperborea,8/18/2024,10:27:17,71.586782,-161.414073,Benthos,"Plumb-staff beam trawl,  2.26m opening, 7-mm mesh net, 4-mm cod end liner",Cistenides hyperborea,Species,urn:lsid:marinespecies.org:taxname:157317,"Malmgren, 1866",Animalia,Annelida,Polychaeta,Terebellida,Pectinariidae,Cistenides,abundance,Individuals per 1000 square meter,176.762486
SKQ202412S-DBO4.4n,SKQ202412S-DBO4.4n-Crangon dalli,8/18/2024,10:27:17,71.586782,-161.414073,Benthos,"Plumb-staff beam trawl,  2.26m opening, 7-mm mesh net, 4-mm cod end liner",Crangon dalli,Species,urn:lsid:marinespecies.org:taxname:254486,"Rathbun, 1902",Animalia,Arthropoda,Malacostraca,Decapoda,Crangonidae,Crangon,abundance,Individuals per 1000 square meter,4.777364486
SKQ202412S-DBO4.4n,SKQ202412S-DBO4.4n-Cryptonatica affinis,8/18/2024,10:27:17,71.586782,-161.414073,Benthos,"Plumb-staff beam trawl,  2.26m opening, 7-mm mesh net, 4-mm cod end liner",Cryptonatica affinis,Species,urn:lsid:marinespecies.org:taxname:140525,"Gmelin, 1791",Animalia,Mollusca,Gastropoda,Littorinimorpha,Naticidae,Cryptonatica,abundance,Individuals per 1000 square meter,2.388682243
SKQ202412S-DBO4.4n,SKQ202412S-DBO4.4n-Eualus gaimardii ,8/18/2024,10:27:17,71.586782,-161.414073,Benthos,"Plumb-staff beam trawl,  2.26m opening, 7-mm mesh net, 4-mm cod end liner",Eualus gaimardii ,Species,urn:lsid:marinespecies.org:taxname:107504,"H. Milne Edwards, 1837",Animalia,Arthropoda,Malacostraca,Decapoda,Thoridae,Eualus,abundance,Individuals per 1000 square meter,47.77364486
SKQ202412S-DBO4.4n,SKQ202412S-DBO4.4n-Eualus macilentus,8/18/2024,10:27:17,71.586782,-161.414073,Benthos,"Plumb-staff beam trawl,  2.26m opening, 7-mm mesh net, 4-mm cod end liner",Eualus macilentus,Species,urn:lsid:marinespecies.org:taxname:158359,"Krøyer, 1841",Animalia,Arthropoda,Malacostraca,Decapoda,Thoridae,Eualus,abundance,Individuals per 1000 square meter,90.76992523
SKQ202412S-DBO4.4n,SKQ202412S-DBO4.4n-Gattyana ciliata,8/18/2024,10:27:17,71.586782,-161.414073,Benthos,"Plumb-staff beam trawl,  2.26m opening, 7-mm mesh net, 4-mm cod end liner",Gattyana ciliata,Species,urn:lsid:marinespecies.org:taxname:254456,"Moore, 1902",Animalia,Annelida,Polychaeta,Phyllodocida,Polynoidae,Gattyana,abundance,Individuals per 1000 square meter,7.166046729
SKQ202412S-DBO4.4n,SKQ202412S-DBO4.4n-Gersemia rubiformis,8/18/2024,10:27:17,71.586782,-161.414073,Benthos,"Plumb-staff beam trawl,  2.26m opening, 7-mm mesh net, 4-mm cod end liner",Gersemia rubiformis,Species,urn:lsid:marinespecies.org:taxname:156103,"Ehrenberg, 1834",Animalia,Cnidaria,Octocorallia,Malacalcyonacea,Alcyoniidae,Gersemia,abundance,Individuals per 1000 square meter,n/a
SKQ202412S-DBO4.4n,SKQ202412S-DBO4.4n-Harmothoe imbricata,8/18/2024,10:27:17,71.586782,-161.414073,Benthos,"Plumb-staff beam trawl,  2.26m opening, 7-mm mesh net, 4-mm cod end liner",Harmothoe imbricata,Species,urn:lsid:marinespecies.org:taxname:130769,"Linnaeus, 1767",Animalia,Annelida,Polychaeta,Phyllodocida,Polynoidae,Harmothoe,abundance,Individuals per 1000 square meter,2.388682243
SKQ202412S-DBO4.4n,SKQ202412S-DBO4.4n-Lafoeina maxima,8/18/2024,10:27:17,71.586782,-161.414073,Benthos,"Plumb-staff beam trawl,  2.26m opening, 7-mm mesh net, 4-mm cod end liner",Lafoeina maxima,Species,urn:lsid:marinespecies.org:taxname:117411,"Levinsen, 1893",Animalia,Cnidaria,Hydrozoa,Leptothecata,Campanulinidae,Lafoeina,abundance,Individuals per 1000 square meter,n/a
SKQ202412S-DBO4.4n,SKQ202412S-DBO4.4n-Leptasterias groenlandica,8/18/2024,10:27:17,71.586782,-161.414073,Benthos,"Plumb-staff beam trawl,  2.26m opening, 7-mm mesh net, 4-mm cod end liner",Leptasterias groenlandica,Species,urn:lsid:marinespecies.org:taxname:369176,"Steenstrup in Lutken, 1857",Animalia,Echinodermata,Asteroidea,Forcipulatida,Asteriidae,Leptasterias,abundance,Individuals per 1000 square meter,7.166046729
SKQ202412S-DBO4.4n,SKQ202412S-DBO4.4n-Lyonsia arenosa,8/18/2024,10:27:17,71.586782,-161.414073,Benthos,"Plumb-staff beam trawl,  2.26m opening, 7-mm mesh net, 4-mm cod end liner",Lyonsia arenosa,Species,urn:lsid:marinespecies.org:taxname:140290,"Møller, 1842",Animalia,Mollusca,Bivalvia,n/a,Lyonsiidae,Lyonsia,abundance,Individuals per 1000 square meter,2.388682243
SKQ202412S-DBO4.4n,SKQ202412S-DBO4.4n-Margarites helicinus,8/18/2024,10:27:17,71.586782,-161.414073,Benthos,"Plumb-staff beam trawl,  2.26m opening, 7-mm mesh net, 4-mm cod end liner",Margarites helicinus,Species,urn:lsid:marinespecies.org:taxname:141821,"Phipps, 1774",Animalia,Mollusca,Gastropoda,Trochida,Margaritidae,Margarites,abundance,Individuals per 1000 square meter,52.55100934
SKQ202412S-DBO4.4n,SKQ202412S-DBO4.4n-Musculus glacialis,8/18/2024,10:27:17,71.586782,-161.414073,Benthos,"Plumb-staff beam trawl,  2.26m opening, 7-mm mesh net, 4-mm cod end liner",Musculus glacialis,Species,urn:lsid:marinespecies.org:taxname:467467,"Leche, 1883",Animalia,Mollusca,Bivalvia,Mytilida,Mytilidae,Musculus,abundance,Individuals per 1000 square meter,9.554728972
SKQ202412S-DBO4.4n,SKQ202412S-DBO4.4n-Myriotrochus rinkii,8/18/2024,10:27:17,71.586782,-161.414073,Benthos,"Plumb-staff beam trawl,  2.26m opening, 7-mm mesh net, 4-mm cod end liner",Myriotrochus rinkii,Species,urn:lsid:marinespecies.org:taxname:124446,"Steenstrup, 1851",Animalia,Echinodermata,Holothuroidea,Apodida,Myriotrochidae,Myriotrochus,abundance,Individuals per 1000 square meter,6621.427177
SKQ202412S-DBO4.4n,SKQ202412S-DBO4.4n-Nemertea,8/18/2024,10:27:17,71.586782,-161.414073,Benthos,"Plumb-staff beam trawl,  2.26m opening, 7-mm mesh net, 4-mm cod end liner",Nemertea,Phylum,urn:lsid:marinespecies.org:taxname:152391,n/a,Animalia,Nemertea,n/a,n/a,n/a,n/a,abundance,Individuals per 1000 square meter,11.94341121
SKQ202412S-DBO4.4n,SKQ202412S-DBO4.4n-Neoiphinoe coronata,8/18/2024,10:27:17,71.586782,-161.414073,Benthos,"Plumb-staff beam trawl,  2.26m opening, 7-mm mesh net, 4-mm cod end liner",Neoiphinoe coronata,Species,urn:lsid:marinespecies.org:taxname:576321,"A. Gould, 1860",Animalia,Mollusca,Gastropoda,Littorinimorpha,Capulidae,Neoiphinoe,abundance,Individuals per 1000 square meter,4.777364486
SKQ202412S-DBO4.4n,SKQ202412S-DBO4.4n-Nodulotrophon coronatus,8/18/2024,10:27:17,71.586782,-161.414073,Benthos,"Plumb-staff beam trawl,  2.26m opening, 7-mm mesh net, 4-mm cod end liner",Nodulotrophon coronatus,Species,urn:lsid:marinespecies.org:taxname:399228,"H. Adams & A. Adams, 1864",Animalia,Mollusca,Gastropoda,Neogastropoda,Muricidae,Nodulotrophon,abundance,Individuals per 1000 square meter,2.388682243
SKQ202412S-DBO4.4n,SKQ202412S-DBO4.4n-Flabellina verrucosa,8/18/2024,10:27:17,71.586782,-161.414073,Benthos,"Plumb-staff beam trawl,  2.26m opening, 7-mm mesh net, 4-mm cod end liner",Coryphella verrucosa,Species,urn:lsid:marinespecies.org:taxname:153507,"M. Sars, 1829",Animalia,Mollusca,Gastropoda,Nudibranchia,Flabellinidae,Coryphella,abundance,Individuals per 1000 square meter,2.388682243
SKQ202412S-DBO4.4n,SKQ202412S-DBO4.4n-Ophiura robusta,8/18/2024,10:27:17,71.586782,-161.414073,Benthos,"Plumb-staff beam trawl,  2.26m opening, 7-mm mesh net, 4-mm cod end liner",Ophiura robusta,Species,urn:lsid:marinespecies.org:taxname:124933,"Ayres, 1852",Animalia,Echinodermata,Ophiuroidea,Ophiurida,Ophiuridae,Ophiura,abundance,Individuals per 1000 square meter,14.33209346
SKQ202412S-DBO4.4n,SKQ202412S-DBO4.4n-Ophiura sarsiii,8/18/2024,10:27:17,71.586782,-161.414073,Benthos,"Plumb-staff beam trawl,  2.26m opening, 7-mm mesh net, 4-mm cod end liner",Ophiura sarsiii,Species,urn:lsid:marinespecies.org:taxname:124934,"Lütken, 1855",Animalia,Echinodermata,Ophiuroidea,Ophiurida,Ophiuridae,Ophiura,abundance,Individuals per 1000 square meter,3024.07172
SKQ202412S-DBO4.4n,SKQ202412S-DBO4.4n-Pagurus capillatus,8/18/2024,10:27:17,71.586782,-161.414073,Benthos,"Plumb-staff beam trawl,  2.26m opening, 7-mm mesh net, 4-mm cod end liner",Pagurus capillatus,Species,urn:lsid:marinespecies.org:taxname:254489,"Benedict, 1892",Animalia,Arthropoda,Malacostraca,Decapoda,Paguridae,Pagurus,abundance,Individuals per 1000 square meter,9.554728972
SKQ202412S-DBO4.4n,SKQ202412S-DBO4.4n-Pelonaia corrugata,8/18/2024,10:27:17,71.586782,-161.414073,Benthos,"Plumb-staff beam trawl,  2.26m opening, 7-mm mesh net, 4-mm cod end liner",Pelonaia corrugata,Species,urn:lsid:marinespecies.org:taxname:103894,"Goodsir & Forbes, 1841",Animalia,Chordata,Ascidiacea,Stolidobranchia,Styelidae,Pelonaia,abundance,Individuals per 1000 square meter,16.7207757
SKQ202412S-DBO4.4n,SKQ202412S-DBO4.4n-Phyllodoce groenlandica,8/18/2024,10:27:17,71.586782,-161.414073,Benthos,"Plumb-staff beam trawl,  2.26m opening, 7-mm mesh net, 4-mm cod end liner",Phyllodoce groenlandica,Species,urn:lsid:marinespecies.org:taxname:334506,"Örsted, 1842",Animalia,Annelida,Polychaeta,Phyllodocida,Phyllodocidae,Phyllodoce,abundance,Individuals per 1000 square meter,4.777364486
SKQ202412S-DBO4.4n,SKQ202412S-DBO4.4n-Serripes groenlandica,8/18/2024,10:27:17,71.586782,-161.414073,Benthos,"Plumb-staff beam trawl,  2.26m opening, 7-mm mesh net, 4-mm cod end liner",Serripes groenlandica,Species,urn:lsid:marinespecies.org:taxname:582749,"Mohr, 1786",Animalia,Mollusca,Bivalvia,Cardiida,Cardiidae,Serripes,abundance,Individuals per 1000 square meter,4.777364486
SKQ202412S-DBO4.4n,SKQ202412S-DBO4.4n-Sertularia robusta,8/18/2024,10:27:17,71.586782,-161.414073,Benthos,"Plumb-staff beam trawl,  2.26m opening, 7-mm mesh net, 4-mm cod end liner",Sertularia robusta,Species,urn:lsid:marinespecies.org:taxname:117923,"Clark, 1877",Animalia,Cnidaria,Hydrozoa,Leptothecata,Sertulariidae,Sertularia,abundance,Individuals per 1000 square meter,4.777364486
SKQ202412S-DBO4.4n,SKQ202412S-DBO4.4n-Solariella obscura,8/18/2024,10:27:17,71.586782,-161.414073,Benthos,"Plumb-staff beam trawl,  2.26m opening, 7-mm mesh net, 4-mm cod end liner",Solariella obscura,Species,urn:lsid:marinespecies.org:taxname:141840,"Couthouy, 1838",Animalia,Mollusca,Gastropoda,Trochida,Solariellidae,Solariella,abundance,Individuals per 1000 square meter,23.88682243
SKQ202412S-DBO4.4n,SKQ202412S-DBO4.4n-Stegocephalidae,8/18/2024,10:27:17,71.586782,-161.414073,Benthos,"Plumb-staff beam trawl,  2.26m opening, 7-mm mesh net, 4-mm cod end liner",Stegocephalidae,Family,urn:lsid:marinespecies.org:taxname:101408,"Dana, 1852",Animalia,Arthropoda,Malacostraca,Amphipoda,Stegocephalidae,n/a,abundance,Individuals per 1000 square meter,2.388682243
SKQ202412S-DBO4.4n,SKQ202412S-DBO4.4n-Tachyrhynchus erosus,8/18/2024,10:27:17,71.586782,-161.414073,Benthos,"Plumb-staff beam trawl,  2.26m opening, 7-mm mesh net, 4-mm cod end liner",Tachyrhynchus erosus,Species,urn:lsid:marinespecies.org:taxname:196391,"Couthouy, 1838",Animalia,Mollusca,Gastropoda,Caenogastropoda incertae sedis,Turritellidae,Tachyrhynchus,abundance,Individuals per 1000 square meter,7.166046729
SKQ202412S-DBO4.6n,SKQ202412S-DBO4.6n-Admete solida,8/18/2024,17:57:17,71.853275,-162.14913,Benthos,"Plumb-staff beam trawl,  2.26m opening, 7-mm mesh net, 4-mm cod end liner",Admete solida,Species,urn:lsid:marinespecies.org:taxname:576338,"Aurivillius, 1885",Animalia,Mollusca,Gastropoda,Neogastropoda,Cancellariidae,Admete,abundance,Individuals per 1000 square meter,16.99000791
SKQ202412S-DBO4.6n,SKQ202412S-DBO4.6n-Ampharetidae,8/18/2024,17:57:17,71.853275,-162.14913,Benthos,"Plumb-staff beam trawl,  2.26m opening, 7-mm mesh net, 4-mm cod end liner",Ampharetidae,Family,urn:lsid:marinespecies.org:taxname:981,"Malmgren, 1866",Animalia,Annelida,Polychaeta,Terebellida,Ampharetidae,n/a,abundance,Individuals per 1000 square meter,4.854287976
SKQ202412S-DBO4.6n,SKQ202412S-DBO4.6n-Actiniaria,8/18/2024,17:57:17,71.853275,-162.14913,Benthos,"Plumb-staff beam trawl,  2.26m opening, 7-mm mesh net, 4-mm cod end liner",Actiniaria,Order,urn:lsid:marinespecies.org:taxname:1360,"Hertwig, 1882",Animalia,Cnidaria,Hexacorallia,Actiniaria,n/a,n/a,abundance,Individuals per 1000 square meter,9.708575951
SKQ202412S-DBO4.6n,SKQ202412S-DBO4.6n-Anonyx,8/18/2024,17:57:17,71.853275,-162.14913,Benthos,"Plumb-staff beam trawl,  2.26m opening, 7-mm mesh net, 4-mm cod end liner",Anonyx,Genus,urn:lsid:marinespecies.org:taxname:101592,"Krøyer, 1838",Animalia,Arthropoda,Malacostraca,Amphipoda,Uristidae,Anonyx,abundance,Individuals per 1000 square meter,29.12572785
SKQ202412S-DBO4.6n,SKQ202412S-DBO4.6n-Arcteobia anticostiensis,8/18/2024,17:57:17,71.853275,-162.14913,Benthos,"Plumb-staff beam trawl,  2.26m opening, 7-mm mesh net, 4-mm cod end liner",Arcteobia anticostiensis,Species,urn:lsid:marinespecies.org:taxname:157214,"Mcintosh, 1874",Animalia,Annelida,Polychaeta,Phyllodocida,Polynoidae,Arcteobia,abundance,Individuals per 1000 square meter,4.854287976
SKQ202412S-DBO4.6n,SKQ202412S-DBO4.6n-Argis,8/18/2024,17:57:17,71.853275,-162.14913,Benthos,"Plumb-staff beam trawl,  2.26m opening, 7-mm mesh net, 4-mm cod end liner",Argis,Genus,urn:lsid:marinespecies.org:taxname:107006,"Krøyer, 1843",Animalia,Arthropoda,Malacostraca,Decapoda,Crangonidae,Argis,abundance,Individuals per 1000 square meter,12.13571994
SKQ202412S-DBO4.6n,SKQ202412S-DBO4.6n-Arrhys phylonyx,8/18/2024,17:57:17,71.853275,-162.14913,Benthos,"Plumb-staff beam trawl,  2.26m opening, 7-mm mesh net, 4-mm cod end liner",Arrhys phylonyx,Species,urn:lsid:marinespecies.org:taxname:102870,"M. Sars, 1858",Animalia,Arthropoda,Malacostraca,Amphipoda,Oedicerotidae,Arrhis,abundance,Individuals per 1000 square meter,12.13571994
SKQ202412S-DBO4.6n,SKQ202412S-DBO4.6n-Buccinum polare,8/18/2024,17:57:17,71.853275,-162.14913,Benthos,"Plumb-staff beam trawl,  2.26m opening, 7-mm mesh net, 4-mm cod end liner",Buccinum polare,Species,urn:lsid:marinespecies.org:taxname:138873,"Gray, 1839",Animalia,Mollusca,Gastropoda,Neogastropoda,Buccinidae,Buccinum,abundance,Individuals per 1000 square meter,50.97002374
SKQ202412S-DBO4.6n,SKQ202412S-DBO4.6n-Buccinum scalariforme,8/18/2024,17:57:17,71.853275,-162.14913,Benthos,"Plumb-staff beam trawl,  2.26m opening, 7-mm mesh net, 4-mm cod end liner",Buccinum scalariforme,Species,urn:lsid:marinespecies.org:taxname:138875,"Møller, 1842",Animalia,Mollusca,Gastropoda,Neogastropoda,Buccinidae,Buccinum,abundance,Individuals per 1000 square meter,2.427143988
SKQ202412S-DBO4.6n,SKQ202412S-DBO4.6n-Buccinum solenum,8/18/2024,17:57:17,71.853275,-162.14913,Benthos,"Plumb-staff beam trawl,  2.26m opening, 7-mm mesh net, 4-mm cod end liner",Buccinum terraenovae,Species,urn:lsid:marinespecies.org:taxname:490864,"Mörch, 1869",Animalia,Mollusca,Gastropoda,Neogastropoda,Buccinidae,Buccinum,abundance,Individuals per 1000 square meter,4.854287976
SKQ202412S-DBO4.6n,SKQ202412S-DBO4.6n-Calycidoris geuntheri,8/18/2024,17:57:17,71.853275,-162.14913,Benthos,"Plumb-staff beam trawl,  2.26m opening, 7-mm mesh net, 4-mm cod end liner",Calycidoris geuntheri,Species,urn:lsid:marinespecies.org:taxname:146756,"Abraham, 1876",Animalia,Mollusca,Gastropoda,Nudibranchia,Calycidorididae,Calycidoris,abundance,Individuals per 1000 square meter,4.854287976
SKQ202412S-DBO4.6n,SKQ202412S-DBO4.6n-Chionoecetes opilio,8/18/2024,17:57:17,71.853275,-162.14913,Benthos,"Plumb-staff beam trawl,  2.26m opening, 7-mm mesh net, 4-mm cod end liner",Chionoecetes opilio,Species,urn:lsid:marinespecies.org:taxname:107315,"Fabricius, 1788",Animalia,Arthropoda,Malacostraca,Decapoda,Oregoniidae,Chionoecetes,abundance,Individuals per 1000 square meter,7.281431963
SKQ202412S-DBO4.6n,SKQ202412S-DBO4.6n-Cistenides hyperborea,8/18/2024,17:57:17,71.853275,-162.14913,Benthos,"Plumb-staff beam trawl,  2.26m opening, 7-mm mesh net, 4-mm cod end liner",Cistenides hyperborea,Species,urn:lsid:marinespecies.org:taxname:157317,"Malmgren, 1866",Animalia,Annelida,Polychaeta,Terebellida,Pectinariidae,Cistenides,abundance,Individuals per 1000 square meter,203.880095
SKQ202412S-DBO4.6n,SKQ202412S-DBO4.6n-Corymorphidae,8/18/2024,17:57:17,71.853275,-162.14913,Benthos,"Plumb-staff beam trawl,  2.26m opening, 7-mm mesh net, 4-mm cod end liner",Corymorphidae,Species,urn:lsid:marinespecies.org:taxname:1598,"Allman, 1872",Animalia,Cnidaria,Hydrozoa,Anthoathecata,Corymorphidae,,abundance,Individuals per 1000 square meter,2.427143988
SKQ202412S-DBO4.6n,SKQ202412S-DBO4.6n-Curtitoma,8/18/2024,17:57:17,71.853275,-162.14913,Benthos,"Plumb-staff beam trawl,  2.26m opening, 7-mm mesh net, 4-mm cod end liner",Curtitoma,Genus,urn:lsid:marinespecies.org:taxname:160234,"Bartsch, 1941",Animalia,Mollusca,Gastropoda,Neogastropoda,Mangeliidae,Curtitoma,abundance,Individuals per 1000 square meter,2.427143988
SKQ202412S-DBO4.6n,SKQ202412S-DBO4.6n-Diastylis alaskensis,8/18/2024,17:57:17,71.853275,-162.14913,Benthos,"Plumb-staff beam trawl,  2.26m opening, 7-mm mesh net, 4-mm cod end liner",Diastylis alaskensis,Species,urn:lsid:marinespecies.org:taxname:181923,"Calman, 1912",Animalia,Arthropoda,Malacostraca,Cumacea,Diastylidae,Diastylis,abundance,Individuals per 1000 square meter,4.854287976
SKQ202412S-DBO4.6n,SKQ202412S-DBO4.6n-Eualus gaimardii ,8/18/2024,17:57:17,71.853275,-162.14913,Benthos,"Plumb-staff beam trawl,  2.26m opening, 7-mm mesh net, 4-mm cod end liner",Eualus gaimardii ,Species,urn:lsid:marinespecies.org:taxname:107504,"H. Milne Edwards, 1837",Animalia,Arthropoda,Malacostraca,Decapoda,Thoridae,Eualus,abundance,Individuals per 1000 square meter,145.6286393
SKQ202412S-DBO4.6n,SKQ202412S-DBO4.6n-Eualus macilentus,8/18/2024,17:57:17,71.853275,-162.14913,Benthos,"Plumb-staff beam trawl,  2.26m opening, 7-mm mesh net, 4-mm cod end liner",Eualus macilentus,Species,urn:lsid:marinespecies.org:taxname:158359,"Krøyer, 1841",Animalia,Arthropoda,Malacostraca,Decapoda,Thoridae,Eualus,abundance,Individuals per 1000 square meter,46.11573577
SKQ202412S-DBO4.6n,SKQ202412S-DBO4.6n-Eualus,8/18/2024,17:57:17,71.853275,-162.14913,Benthos,"Plumb-staff beam trawl,  2.26m opening, 7-mm mesh net, 4-mm cod end liner",Eualus,Genus,urn:lsid:marinespecies.org:taxname:106986,"Thallwitz, 1891",Animalia,Arthropoda,Malacostraca,Decapoda,Thoridae,Eualus,abundance,Individuals per 1000 square meter,9.708575951
SKQ202412S-DBO4.6n,SKQ202412S-DBO4.6n-Euspira pallida,8/18/2024,17:57:17,71.853275,-162.14913,Benthos,"Plumb-staff beam trawl,  2.26m opening, 7-mm mesh net, 4-mm cod end liner",Euspira pallida,Species,urn:lsid:marinespecies.org:taxname:140536,"Broderip & G. B. Sowerby I, 1829",Animalia,Mollusca,Gastropoda,Littorinimorpha,Naticidae,Euspira,abundance,Individuals per 1000 square meter,7.281431963
SKQ202412S-DBO4.6n,SKQ202412S-DBO4.6n-Gersemia rubiformis,8/18/2024,17:57:17,71.853275,-162.14913,Benthos,"Plumb-staff beam trawl,  2.26m opening, 7-mm mesh net, 4-mm cod end liner",Gersemia rubiformis,Species,urn:lsid:marinespecies.org:taxname:156103,"Ehrenberg, 1834",Animalia,Cnidaria,Octocorallia,Malacalcyonacea,Alcyoniidae,Gersemia,abundance,Individuals per 1000 square meter,n/a
SKQ202412S-DBO4.6n,SKQ202412S-DBO4.6n-Golfingia margaritacea,8/18/2024,17:57:17,71.853275,-162.14913,Benthos,"Plumb-staff beam trawl,  2.26m opening, 7-mm mesh net, 4-mm cod end liner",Golfingia margaritacea,Species,urn:lsid:marinespecies.org:taxname:175027,"Sars, 1851",Animalia,Annelida,n/a,Sipuncula,Golfingiidae,Golfingia,abundance,Individuals per 1000 square meter,2.427143988
SKQ202412S-DBO4.6n,SKQ202412S-DBO4.6n-Hyas coarctatus,8/18/2024,17:57:17,71.853275,-162.14913,Benthos,"Plumb-staff beam trawl,  2.26m opening, 7-mm mesh net, 4-mm cod end liner",Hyas coarctatus,Species,urn:lsid:marinespecies.org:taxname:107323,"Leach, 1815",Animalia,Arthropoda,Malacostraca,Decapoda,Oregoniidae,Hyas,abundance,Individuals per 1000 square meter,2.427143988
SKQ202412S-DBO4.6n,SKQ202412S-DBO4.6n-Labidochirus splendescens,8/18/2024,17:57:17,71.853275,-162.14913,Benthos,"Plumb-staff beam trawl,  2.26m opening, 7-mm mesh net, 4-mm cod end liner",Labidochirus splendescens,Species,urn:lsid:marinespecies.org:taxname:248348,"Owen, 1839",Animalia,Arthropoda,Malacostraca,Decapoda,Paguridae,Labidochirus,abundance,Individuals per 1000 square meter,12.13571994
SKQ202412S-DBO4.6n,SKQ202412S-DBO4.6n-Lafoeina maxima,8/18/2024,17:57:17,71.853275,-162.14913,Benthos,"Plumb-staff beam trawl,  2.26m opening, 7-mm mesh net, 4-mm cod end liner",Lafoeina maxima,Species,urn:lsid:marinespecies.org:taxname:117411,"Levinsen, 1893",Animalia,Cnidaria,Hydrozoa,Leptothecata,Campanulinidae,Lafoeina,abundance,Individuals per 1000 square meter,n/a
SKQ202412S-DBO4.6n,SKQ202412S-DBO4.6n-Leptasterias groenlandica,8/18/2024,17:57:17,71.853275,-162.14913,Benthos,"Plumb-staff beam trawl,  2.26m opening, 7-mm mesh net, 4-mm cod end liner",Leptasterias groenlandica,Species,urn:lsid:marinespecies.org:taxname:369176,"Steenstrup in Lutken, 1857",Animalia,Echinodermata,Asteroidea,Forcipulatida,Asteriidae,Leptasterias,abundance,Individuals per 1000 square meter,4.854287976
SKQ202412S-DBO4.6n,SKQ202412S-DBO4.6n-Margarites helicinus,8/18/2024,17:57:17,71.853275,-162.14913,Benthos,"Plumb-staff beam trawl,  2.26m opening, 7-mm mesh net, 4-mm cod end liner",Margarites helicinus,Species,urn:lsid:marinespecies.org:taxname:141821,"Phipps, 1774",Animalia,Mollusca,Gastropoda,Trochida,Margaritidae,Margarites,abundance,Individuals per 1000 square meter,148.0557833
SKQ202412S-DBO4.6n,SKQ202412S-DBO4.6n-Musculus glacialis,8/18/2024,17:57:17,71.853275,-162.14913,Benthos,"Plumb-staff beam trawl,  2.26m opening, 7-mm mesh net, 4-mm cod end liner",Musculus glacialis,Species,urn:lsid:marinespecies.org:taxname:467467,"Leche, 1883",Animalia,Mollusca,Bivalvia,Mytilida,Mytilidae,Musculus,abundance,Individuals per 1000 square meter,2.427143988
SKQ202412S-DBO4.6n,SKQ202412S-DBO4.6n-Myriotrochus rinkii,8/18/2024,17:57:17,71.853275,-162.14913,Benthos,"Plumb-staff beam trawl,  2.26m opening, 7-mm mesh net, 4-mm cod end liner",Myriotrochus rinkii,Species,urn:lsid:marinespecies.org:taxname:124446,"Steenstrup, 1851",Animalia,Echinodermata,Holothuroidea,Apodida,Myriotrochidae,Myriotrochus,abundance,Individuals per 1000 square meter,3575.183094
SKQ202412S-DBO4.6n,SKQ202412S-DBO4.6n-Nemertea,8/18/2024,17:57:17,71.853275,-162.14913,Benthos,"Plumb-staff beam trawl,  2.26m opening, 7-mm mesh net, 4-mm cod end liner",Nemertea,Phylum,urn:lsid:marinespecies.org:taxname:152391,n/a,Animalia,Nemertea,n/a,n/a,n/a,n/a,abundance,Individuals per 1000 square meter,2.427143988
SKQ202412S-DBO4.6n,SKQ202412S-DBO4.6n-Neptunea,8/18/2024,17:57:17,71.853275,-162.14913,Benthos,"Plumb-staff beam trawl,  2.26m opening, 7-mm mesh net, 4-mm cod end liner",Neptunea,Genus,urn:lsid:marinespecies.org:taxname:137710,"Röding, 1798",Animalia,Mollusca,Gastropoda,Neogastropoda,Buccinidae,Neptunea,abundance,Individuals per 1000 square meter,7.281431963
SKQ202412S-DBO4.6n,SKQ202412S-DBO4.6n-Nodulotrophon coronatus,8/18/2024,17:57:17,71.853275,-162.14913,Benthos,"Plumb-staff beam trawl,  2.26m opening, 7-mm mesh net, 4-mm cod end liner",Nodulotrophon coronatus,Species,urn:lsid:marinespecies.org:taxname:399228,"H. Adams & A. Adams, 1864",Animalia,Mollusca,Gastropoda,Neogastropoda,Muricidae,Nodulotrophon,abundance,Individuals per 1000 square meter,2.427143988
SKQ202412S-DBO4.6n,SKQ202412S-DBO4.6n-Obesotoma,8/18/2024,17:57:17,71.853275,-162.14913,Benthos,"Plumb-staff beam trawl,  2.26m opening, 7-mm mesh net, 4-mm cod end liner",Obesotoma,Genus,urn:lsid:marinespecies.org:taxname:137825,"Bartsch, 1941",Animalia,Mollusca,Gastropoda,Neogastropoda,Mangeliidae,Obesotoma,abundance,Individuals per 1000 square meter,12.13571994
SKQ202412S-DBO4.6n,SKQ202412S-DBO4.6n-Oenopota elegans,8/18/2024,17:57:17,71.853275,-162.14913,Benthos,"Plumb-staff beam trawl,  2.26m opening, 7-mm mesh net, 4-mm cod end liner",Oenopota elegans,Species,urn:lsid:marinespecies.org:taxname:139317,"Møller, 1842",Animalia,Mollusca,Gastropoda,Neogastropoda,Mangeliidae,Oenopota,abundance,Individuals per 1000 square meter,2.427143988
SKQ202412S-DBO4.6n,SKQ202412S-DBO4.6n-Ophiura sarsiii,8/18/2024,17:57:17,71.853275,-162.14913,Benthos,"Plumb-staff beam trawl,  2.26m opening, 7-mm mesh net, 4-mm cod end liner",Ophiura sarsiii,Species,urn:lsid:marinespecies.org:taxname:124934,"Lütken, 1855",Animalia,Echinodermata,Ophiuroidea,Ophiurida,Ophiuridae,Ophiura,abundance,Individuals per 1000 square meter,560.6702612
SKQ202412S-DBO4.6n,SKQ202412S-DBO4.6n-Pagurus capillatus,8/18/2024,17:57:17,71.853275,-162.14913,Benthos,"Plumb-staff beam trawl,  2.26m opening, 7-mm mesh net, 4-mm cod end liner",Pagurus capillatus,Species,urn:lsid:marinespecies.org:taxname:254489,"Benedict, 1892",Animalia,Arthropoda,Malacostraca,Decapoda,Paguridae,Pagurus,abundance,Individuals per 1000 square meter,38.8343038
SKQ202412S-DBO4.6n,SKQ202412S-DBO4.6n-Pelonaia corrugata,8/18/2024,17:57:17,71.853275,-162.14913,Benthos,"Plumb-staff beam trawl,  2.26m opening, 7-mm mesh net, 4-mm cod end liner",Pelonaia corrugata,Species,urn:lsid:marinespecies.org:taxname:103894,"Goodsir & Forbes, 1841",Animalia,Chordata,Ascidiacea,Stolidobranchia,Styelidae,Pelonaia,abundance,Individuals per 1000 square meter,2.427143988
SKQ202412S-DBO4.6n,SKQ202412S-DBO4.6n-Priapulus caudatus,8/18/2024,17:57:17,71.853275,-162.14913,Benthos,"Plumb-staff beam trawl,  2.26m opening, 7-mm mesh net, 4-mm cod end liner",Priapulus caudatus,Species,urn:lsid:marinespecies.org:taxname:101160,"Lamarck, 1816",Animalia,Priapulida,n/a,Priapulomorpha,Priapulidae,Priapulus,abundance,Individuals per 1000 square meter,2.427143988
SKQ202412S-DBO4.6n,SKQ202412S-DBO4.6n-Propebela arctica,8/18/2024,17:57:17,71.853275,-162.14913,Benthos,"Plumb-staff beam trawl,  2.26m opening, 7-mm mesh net, 4-mm cod end liner",Propebela arctica,Species,urn:lsid:marinespecies.org:taxname:367571,"A. Adams, 1855",Animalia,Mollusca,Gastropoda,Neogastropoda,Mangeliidae,Propebela,abundance,Individuals per 1000 square meter,2.427143988
SKQ202412S-DBO4.6n,SKQ202412S-DBO4.6n-Propebela nobilis,8/18/2024,17:57:17,71.853275,-162.14913,Benthos,"Plumb-staff beam trawl,  2.26m opening, 7-mm mesh net, 4-mm cod end liner",Propebela nobilis,Species,urn:lsid:marinespecies.org:taxname:160450,"Møller, 1842",Animalia,Mollusca,Gastropoda,Neogastropoda,Mangeliidae,Propebela,abundance,Individuals per 1000 square meter,4.854287976
SKQ202412S-DBO4.6n,SKQ202412S-DBO4.6n-Rhachotropis aculeata,8/18/2024,17:57:17,71.853275,-162.14913,Benthos,"Plumb-staff beam trawl,  2.26m opening, 7-mm mesh net, 4-mm cod end liner",Rhachotropis aculeata,Species,urn:lsid:marinespecies.org:taxname:102224,"Lepechin, 1780",Animalia,Arthropoda,Malacostraca,Amphipoda,Eusiridae,Rhachotropis,abundance,Individuals per 1000 square meter,2.427143988
SKQ202412S-DBO4.6n,SKQ202412S-DBO4.6n-Serripes groenlandica,8/18/2024,17:57:17,71.853275,-162.14913,Benthos,"Plumb-staff beam trawl,  2.26m opening, 7-mm mesh net, 4-mm cod end liner",Serripes groenlandica,Species,urn:lsid:marinespecies.org:taxname:582749,"Mohr, 1786",Animalia,Mollusca,Bivalvia,Cardiida,Cardiidae,Serripes,abundance,Individuals per 1000 square meter,2.427143988
SKQ202412S-DBO4.6n,SKQ202412S-DBO4.6n-Sertularia robusta,8/18/2024,17:57:17,71.853275,-162.14913,Benthos,"Plumb-staff beam trawl,  2.26m opening, 7-mm mesh net, 4-mm cod end liner",Sertularia robusta,Species,urn:lsid:marinespecies.org:taxname:117923,"Clark, 1877",Animalia,Cnidaria,Hydrozoa,Leptothecata,Sertulariidae,Sertularia,abundance,Individuals per 1000 square meter,2.427143988
SKQ202412S-DBO4.6n,SKQ202412S-DBO4.6n-Solariella obscura,8/18/2024,17:57:17,71.853275,-162.14913,Benthos,"Plumb-staff beam trawl,  2.26m opening, 7-mm mesh net, 4-mm cod end liner",Solariella obscura,Species,urn:lsid:marinespecies.org:taxname:141840,"Couthouy, 1838",Animalia,Mollusca,Gastropoda,Trochida,Solariellidae,Solariella,abundance,Individuals per 1000 square meter,33.98001583
SKQ202412S-DBO4.6n,SKQ202412S-DBO4.6n-Stegocephalidae,8/18/2024,17:57:17,71.853275,-162.14913,Benthos,"Plumb-staff beam trawl,  2.26m opening, 7-mm mesh net, 4-mm cod end liner",Stegocephalidae,Family,urn:lsid:marinespecies.org:taxname:101408,"Dana, 1852",Animalia,Arthropoda,Malacostraca,Amphipoda,Stegocephalidae,n/a,abundance,Individuals per 1000 square meter,2.427143988
SKQ202412S-DBO4.6n,SKQ202412S-DBO4.6n-Stegophiura nodosa,8/18/2024,17:57:17,71.853275,-162.14913,Benthos,"Plumb-staff beam trawl,  2.26m opening, 7-mm mesh net, 4-mm cod end liner",Stegophiura nodosa,Species,urn:lsid:marinespecies.org:taxname:124943,"Lütken, 1855",Animalia,Echinodermata,Ophiuroidea,Ophiurida,Ophiopyrgidae,Stegophiura,abundance,Individuals per 1000 square meter,131.0657753
SKQ202412S-DBO4.6n,SKQ202412S-DBO4.6n-Tachyrhynchus erosus,8/18/2024,17:57:17,71.853275,-162.14913,Benthos,"Plumb-staff beam trawl,  2.26m opening, 7-mm mesh net, 4-mm cod end liner",Tachyrhynchus erosus,Species,urn:lsid:marinespecies.org:taxname:196391,"Couthouy, 1838",Animalia,Mollusca,Gastropoda,Caenogastropoda incertae sedis,Turritellidae,Tachyrhynchus,abundance,Individuals per 1000 square meter,2.427143988
SKQ202412S-DBO4.6n,SKQ202412S-DBO4.6n-Travisia,8/18/2024,17:57:17,71.853275,-162.14913,Benthos,"Plumb-staff beam trawl,  2.26m opening, 7-mm mesh net, 4-mm cod end liner",Travisia,Genus,urn:lsid:marinespecies.org:taxname:129417,"Johnston, 1840",Animalia,Annelida,Polychaeta,n/a,Travisiidae,Travisia,abundance,Individuals per 1000 square meter,4.854287976
SKQ202412S-DBO4.2n,SKQ202412S-DBO4.2n-Acanthonotozoma,8/20/2024,8:14:30,71.326221,-160.667857,Benthos,"Plumb-staff beam trawl,  2.26m opening, 7-mm mesh net, 4-mm cod end liner",Acanthonotozoma,Genus,urn:lsid:marinespecies.org:taxname:101443,"Boeck, 1876",Animalia,Arthropoda,Malacostraca,Amphipoda,Acanthonotozomatidae,Acanthonotozoma,abundance,Individuals per 1000 square meter,5.156320414
SKQ202412S-DBO4.2n,SKQ202412S-DBO4.2n-Admete solida,8/20/2024,8:14:30,71.326221,-160.667857,Benthos,"Plumb-staff beam trawl,  2.26m opening, 7-mm mesh net, 4-mm cod end liner",Admete solida,Species,urn:lsid:marinespecies.org:taxname:576338,"Aurivillius, 1885",Animalia,Mollusca,Gastropoda,Neogastropoda,Cancellariidae,Admete,abundance,Individuals per 1000 square meter,5.156320414
SKQ202412S-DBO4.2n,SKQ202412S-DBO4.2n-Anonyx,8/20/2024,8:14:30,71.326221,-160.667857,Benthos,"Plumb-staff beam trawl,  2.26m opening, 7-mm mesh net, 4-mm cod end liner",Anonyx,Genus,urn:lsid:marinespecies.org:taxname:101592,"Krøyer, 1838",Animalia,Arthropoda,Malacostraca,Amphipoda,Uristidae,Anonyx,abundance,Individuals per 1000 square meter,15.46896124
SKQ202412S-DBO4.2n,SKQ202412S-DBO4.2n-Argis,8/20/2024,8:14:30,71.326221,-160.667857,Benthos,"Plumb-staff beam trawl,  2.26m opening, 7-mm mesh net, 4-mm cod end liner",Argis,Genus,urn:lsid:marinespecies.org:taxname:107006,"Krøyer, 1843",Animalia,Arthropoda,Malacostraca,Decapoda,Crangonidae,Argis,abundance,Individuals per 1000 square meter,23.20344186
SKQ202412S-DBO4.2n,SKQ202412S-DBO4.2n-Ascidiacea,8/20/2024,8:14:30,71.326221,-160.667857,Benthos,"Plumb-staff beam trawl,  2.26m opening, 7-mm mesh net, 4-mm cod end liner",Ascidiacea,Class,urn:lsid:marinespecies.org:taxname:1839,"Blainville, 1824",Animalia,Chordata,Ascidiacea,n/a,n/a,n/a,abundance,Individuals per 1000 square meter,n/a
SKQ202412S-DBO4.2n,SKQ202412S-DBO4.2n-Brada villosa,8/20/2024,8:14:30,71.326221,-160.667857,Benthos,"Plumb-staff beam trawl,  2.26m opening, 7-mm mesh net, 4-mm cod end liner",Bradabyssa villosa,Species,urn:lsid:marinespecies.org:taxname:1355594,"Rathke, 1843",Animalia,Annelida,Polychaeta,Terebellida,Flabelligeridae,Bradabyssa,abundance,Individuals per 1000 square meter,10.31264083
SKQ202412S-DBO4.2n,SKQ202412S-DBO4.2n-Buccinum polare,8/20/2024,8:14:30,71.326221,-160.667857,Benthos,"Plumb-staff beam trawl,  2.26m opening, 7-mm mesh net, 4-mm cod end liner",Buccinum polare,Species,urn:lsid:marinespecies.org:taxname:138873,"Gray, 1839",Animalia,Mollusca,Gastropoda,Neogastropoda,Buccinidae,Buccinum,abundance,Individuals per 1000 square meter,2.578160207
SKQ202412S-DBO4.2n,SKQ202412S-DBO4.2n-Buccinum scalariforme,8/20/2024,8:14:30,71.326221,-160.667857,Benthos,"Plumb-staff beam trawl,  2.26m opening, 7-mm mesh net, 4-mm cod end liner",Buccinum scalariforme,Species,urn:lsid:marinespecies.org:taxname:138875,"Møller, 1842",Animalia,Mollusca,Gastropoda,Neogastropoda,Buccinidae,Buccinum,abundance,Individuals per 1000 square meter,2.578160207
SKQ202412S-DBO4.2n,SKQ202412S-DBO4.2n-Buccinum solenum,8/20/2024,8:14:30,71.326221,-160.667857,Benthos,"Plumb-staff beam trawl,  2.26m opening, 7-mm mesh net, 4-mm cod end liner",Buccinum terraenovae,Species,urn:lsid:marinespecies.org:taxname:490864,"Mörch, 1869",Animalia,Mollusca,Gastropoda,Neogastropoda,Buccinidae,Buccinum,abundance,Individuals per 1000 square meter,10.31264083
SKQ202412S-DBO4.2n,SKQ202412S-DBO4.2n-Calycidoris geuntheri,8/20/2024,8:14:30,71.326221,-160.667857,Benthos,"Plumb-staff beam trawl,  2.26m opening, 7-mm mesh net, 4-mm cod end liner",Calycidoris geuntheri,Species,urn:lsid:marinespecies.org:taxname:146756,"Abraham, 1876",Animalia,Mollusca,Gastropoda,Nudibranchia,Calycidorididae,Calycidoris,abundance,Individuals per 1000 square meter,5.156320414
SKQ202412S-DBO4.2n,SKQ202412S-DBO4.2n-Chionoecetes opilio,8/20/2024,8:14:30,71.326221,-160.667857,Benthos,"Plumb-staff beam trawl,  2.26m opening, 7-mm mesh net, 4-mm cod end liner",Chionoecetes opilio,Species,urn:lsid:marinespecies.org:taxname:107315,"Fabricius, 1788",Animalia,Arthropoda,Malacostraca,Decapoda,Oregoniidae,Chionoecetes,abundance,Individuals per 1000 square meter,33.51608269
SKQ202412S-DBO4.2n,SKQ202412S-DBO4.2n-Cistenides hyperborea,8/20/2024,8:14:30,71.326221,-160.667857,Benthos,"Plumb-staff beam trawl,  2.26m opening, 7-mm mesh net, 4-mm cod end liner",Cistenides hyperborea,Species,urn:lsid:marinespecies.org:taxname:157317,"Malmgren, 1866",Animalia,Annelida,Polychaeta,Terebellida,Pectinariidae,Cistenides,abundance,Individuals per 1000 square meter,5.156320414
SKQ202412S-DBO4.2n,SKQ202412S-DBO4.2n-Colus pubescens,8/20/2024,8:14:30,71.326221,-160.667857,Benthos,"Plumb-staff beam trawl,  2.26m opening, 7-mm mesh net, 4-mm cod end liner",Colus pubescens,Species,urn:lsid:marinespecies.org:taxname:160212,"A. E. Verrill, 1882",Animalia,Mollusca,Gastropoda,Neogastropoda,Colidae,Colus,abundance,Individuals per 1000 square meter,15.46896124
SKQ202412S-DBO4.2n,SKQ202412S-DBO4.2n-Crangon communis,8/20/2024,8:14:30,71.326221,-160.667857,Benthos,"Plumb-staff beam trawl,  2.26m opening, 7-mm mesh net, 4-mm cod end liner",Neocrangon communis,Species,urn:lsid:marinespecies.org:taxname:423552,"Rathbun, 1899",Animalia,Arthropoda,Malacostraca,Decapoda,Crangonidae,Neocrangon,abundance,Individuals per 1000 square meter,2.578160207
SKQ202412S-DBO4.2n,SKQ202412S-DBO4.2n-Crossaster papposus,8/20/2024,8:14:30,71.326221,-160.667857,Benthos,"Plumb-staff beam trawl,  2.26m opening, 7-mm mesh net, 4-mm cod end liner",Crossaster papposus,Species,urn:lsid:marinespecies.org:taxname:124154,"Linnaeus, 1767",Animalia,Echinodermata,Asteroidea,Valvatida,Solasteridae,Crossaster,abundance,Individuals per 1000 square meter,5.156320414
SKQ202412S-DBO4.2n,SKQ202412S-DBO4.2n-Cryptonatica affinis,8/20/2024,8:14:30,71.326221,-160.667857,Benthos,"Plumb-staff beam trawl,  2.26m opening, 7-mm mesh net, 4-mm cod end liner",Cryptonatica affinis,Species,urn:lsid:marinespecies.org:taxname:140525,"Gmelin, 1791",Animalia,Mollusca,Gastropoda,Littorinimorpha,Naticidae,Cryptonatica,abundance,Individuals per 1000 square meter,15.46896124
SKQ202412S-DBO4.2n,SKQ202412S-DBO4.2n-Cylichna alba,8/20/2024,8:14:30,71.326221,-160.667857,Benthos,"Plumb-staff beam trawl,  2.26m opening, 7-mm mesh net, 4-mm cod end liner",Cylichna alba,Species,urn:lsid:marinespecies.org:taxname:139474,"T. Brown, 1827",Animalia,Mollusca,Gastropoda,Cephalaspidea,Cylichnidae,Cylichna,abundance,Individuals per 1000 square meter,15.46896124
SKQ202412S-DBO4.2n,SKQ202412S-DBO4.2n-Eualus,8/20/2024,8:14:30,71.326221,-160.667857,Benthos,"Plumb-staff beam trawl,  2.26m opening, 7-mm mesh net, 4-mm cod end liner",Eualus,Genus,urn:lsid:marinespecies.org:taxname:106986,"Thallwitz, 1891",Animalia,Arthropoda,Malacostraca,Decapoda,Thoridae,Eualus,abundance,Individuals per 1000 square meter,20.62528166
SKQ202412S-DBO4.2n,SKQ202412S-DBO4.2n-Eupyrgus scaber,8/20/2024,8:14:30,71.326221,-160.667857,Benthos,"Plumb-staff beam trawl,  2.26m opening, 7-mm mesh net, 4-mm cod end liner",Eupyrgus scaber,Species,urn:lsid:marinespecies.org:taxname:124782,"Lütken, 1857",Animalia,Echinodermata,Holothuroidea,Molpadida,Eupyrgidae,Eupyrgus,abundance,Individuals per 1000 square meter,5.156320414
SKQ202412S-DBO4.2n,SKQ202412S-DBO4.2n-Euspira pallida,8/20/2024,8:14:30,71.326221,-160.667857,Benthos,"Plumb-staff beam trawl,  2.26m opening, 7-mm mesh net, 4-mm cod end liner",Euspira pallida,Species,urn:lsid:marinespecies.org:taxname:140536,"Broderip & G. B. Sowerby I, 1829",Animalia,Mollusca,Gastropoda,Littorinimorpha,Naticidae,Euspira,abundance,Individuals per 1000 square meter,5.156320414
SKQ202412S-DBO4.2n,SKQ202412S-DBO4.2n-Gattyana ciliata,8/20/2024,8:14:30,71.326221,-160.667857,Benthos,"Plumb-staff beam trawl,  2.26m opening, 7-mm mesh net, 4-mm cod end liner",Gattyana ciliata,Species,urn:lsid:marinespecies.org:taxname:254456,"Moore, 1902",Animalia,Annelida,Polychaeta,Phyllodocida,Polynoidae,Gattyana,abundance,Individuals per 1000 square meter,5.156320414
SKQ202412S-DBO4.2n,SKQ202412S-DBO4.2n-Gersemia rubiformis,8/20/2024,8:14:30,71.326221,-160.667857,Benthos,"Plumb-staff beam trawl,  2.26m opening, 7-mm mesh net, 4-mm cod end liner",Gersemia rubiformis,Species,urn:lsid:marinespecies.org:taxname:156103,"Ehrenberg, 1834",Animalia,Cnidaria,Octocorallia,Malacalcyonacea,Alcyoniidae,Gersemia,abundance,Individuals per 1000 square meter,n/a
SKQ202412S-DBO4.2n,SKQ202412S-DBO4.2n-Golfingia margaritacea,8/20/2024,8:14:30,71.326221,-160.667857,Benthos,"Plumb-staff beam trawl,  2.26m opening, 7-mm mesh net, 4-mm cod end liner",Golfingia margaritacea,Species,urn:lsid:marinespecies.org:taxname:175027,"Sars, 1851",Animalia,Annelida,n/a,Sipuncula,Golfingiidae,Golfingia,abundance,Individuals per 1000 square meter,51.56320414
SKQ202412S-DBO4.2n,SKQ202412S-DBO4.2n-Harmothoe imbricata,8/20/2024,8:14:30,71.326221,-160.667857,Benthos,"Plumb-staff beam trawl,  2.26m opening, 7-mm mesh net, 4-mm cod end liner",Harmothoe imbricata,Species,urn:lsid:marinespecies.org:taxname:130769,"Linnaeus, 1767",Animalia,Annelida,Polychaeta,Phyllodocida,Polynoidae,Harmothoe,abundance,Individuals per 1000 square meter,5.156320414
SKQ202412S-DBO4.2n,SKQ202412S-DBO4.2n-Hyas coarctatus,8/20/2024,8:14:30,71.326221,-160.667857,Benthos,"Plumb-staff beam trawl,  2.26m opening, 7-mm mesh net, 4-mm cod end liner",Hyas coarctatus,Species,urn:lsid:marinespecies.org:taxname:107323,"Leach, 1815",Animalia,Arthropoda,Malacostraca,Decapoda,Oregoniidae,Hyas,abundance,Individuals per 1000 square meter,2.578160207
SKQ202412S-DBO4.2n,SKQ202412S-DBO4.2n-Hydroidea,8/20/2024,8:14:30,71.326221,-160.667857,Benthos,"Plumb-staff beam trawl,  2.26m opening, 7-mm mesh net, 4-mm cod end liner",Hydrozoa,Class,urn:lsid:marinespecies.org:taxname:1337,"Owen, 1843",Animalia,Cnidaria,Hydrozoa,n/a,n/a,n/a,abundance,Individuals per 1000 square meter,n/a
SKQ202412S-DBO4.2n,SKQ202412S-DBO4.2n-Leptasterias groenlandica,8/20/2024,8:14:30,71.326221,-160.667857,Benthos,"Plumb-staff beam trawl,  2.26m opening, 7-mm mesh net, 4-mm cod end liner",Leptasterias groenlandica,Species,urn:lsid:marinespecies.org:taxname:369176,"Steenstrup in Lutken, 1857",Animalia,Echinodermata,Asteroidea,Forcipulatida,Asteriidae,Leptasterias,abundance,Individuals per 1000 square meter,41.25056331
SKQ202412S-DBO4.2n,SKQ202412S-DBO4.2n-Margarites,8/20/2024,8:14:30,71.326221,-160.667857,Benthos,"Plumb-staff beam trawl,  2.26m opening, 7-mm mesh net, 4-mm cod end liner",Margarites,Genus,urn:lsid:marinespecies.org:taxname:138592,"Leach, 1847",Animalia,Mollusca,Gastropoda,Trochida,Margaritidae,Margarites,abundance,Individuals per 1000 square meter,5.156320414
SKQ202412S-DBO4.2n,SKQ202412S-DBO4.2n-Musculus glacialis,8/20/2024,8:14:30,71.326221,-160.667857,Benthos,"Plumb-staff beam trawl,  2.26m opening, 7-mm mesh net, 4-mm cod end liner",Musculus glacialis,Species,urn:lsid:marinespecies.org:taxname:467467,"Leche, 1883",Animalia,Mollusca,Bivalvia,Mytilida,Mytilidae,Musculus,abundance,Individuals per 1000 square meter,5.156320414
SKQ202412S-DBO4.2n,SKQ202412S-DBO4.2n-Myriotrochus rinkii,8/20/2024,8:14:30,71.326221,-160.667857,Benthos,"Plumb-staff beam trawl,  2.26m opening, 7-mm mesh net, 4-mm cod end liner",Myriotrochus rinkii,Species,urn:lsid:marinespecies.org:taxname:124446,"Steenstrup, 1851",Animalia,Echinodermata,Holothuroidea,Apodida,Myriotrochidae,Myriotrochus,abundance,Individuals per 1000 square meter,3650.674853
SKQ202412S-DBO4.2n,SKQ202412S-DBO4.2n-Nemertea,8/20/2024,8:14:30,71.326221,-160.667857,Benthos,"Plumb-staff beam trawl,  2.26m opening, 7-mm mesh net, 4-mm cod end liner",Nemertea,Phylum,urn:lsid:marinespecies.org:taxname:152391,n/a,Animalia,Nemertea,n/a,n/a,n/a,n/a,abundance,Individuals per 1000 square meter,15.46896124
SKQ202412S-DBO4.2n,SKQ202412S-DBO4.2n-Neoiphinoe kroeyeri,8/20/2024,8:14:30,71.326221,-160.667857,Benthos,"Plumb-staff beam trawl,  2.26m opening, 7-mm mesh net, 4-mm cod end liner",Neoiphinoe kroeyeri,Species,urn:lsid:marinespecies.org:taxname:180996,"R. A. Philippi, 1849",Animalia,Mollusca,Gastropoda,Littorinimorpha,Capulidae,Neoiphinoe,abundance,Individuals per 1000 square meter,2.578160207
SKQ202412S-DBO4.2n,SKQ202412S-DBO4.2n-Neptunea heros,8/20/2024,8:14:30,71.326221,-160.667857,Benthos,"Plumb-staff beam trawl,  2.26m opening, 7-mm mesh net, 4-mm cod end liner",Neptunea heros,Species,urn:lsid:marinespecies.org:taxname:254479,"J. E. Gray, 1850",Animalia,Mollusca,Gastropoda,Neogastropoda,Buccinidae,Neptunea,abundance,Individuals per 1000 square meter,10.31264083
SKQ202412S-DBO4.2n,SKQ202412S-DBO4.2n-Nodulotrophon coronatus,8/20/2024,8:14:30,71.326221,-160.667857,Benthos,"Plumb-staff beam trawl,  2.26m opening, 7-mm mesh net, 4-mm cod end liner",Nodulotrophon coronatus,Species,urn:lsid:marinespecies.org:taxname:399228,"H. Adams & A. Adams, 1864",Animalia,Mollusca,Gastropoda,Neogastropoda,Muricidae,Nodulotrophon,abundance,Individuals per 1000 square meter,2.578160207
SKQ202412S-DBO4.2n,SKQ202412S-DBO4.2n-Nymphon,8/20/2024,8:14:30,71.326221,-160.667857,Benthos,"Plumb-staff beam trawl,  2.26m opening, 7-mm mesh net, 4-mm cod end liner",Nymphon,Genus,urn:lsid:marinespecies.org:taxname:134591,"Fabricius, 1794",Animalia,Arthropoda,Pycnogonida,Pantopoda,Nymphonidae,Nymphon,abundance,Individuals per 1000 square meter,10.31264083
SKQ202412S-DBO4.2n,SKQ202412S-DBO4.2n-Obseotoma tenuilirata,8/20/2024,8:14:30,71.326221,-160.667857,Benthos,"Plumb-staff beam trawl,  2.26m opening, 7-mm mesh net, 4-mm cod end liner",Obesotoma tenuilirata ,Species,urn:lsid:marinespecies.org:taxname:423564  ,"Dall, 1871",Animalia,Mollusca,Gastropoda,Neogastropoda,Mangeliidae,Obesotoma,abundance,Individuals per 1000 square meter,10.31264083
SKQ202412S-DBO4.2n,SKQ202412S-DBO4.2n-Ocnus glacialis,8/20/2024,8:14:30,71.326221,-160.667857,Benthos,"Plumb-staff beam trawl,  2.26m opening, 7-mm mesh net, 4-mm cod end liner",Ocnus glacialis,Species,urn:lsid:marinespecies.org:taxname:124641,"Ljungman, 1879",Animalia,Echinodermata,Holothuroidea,Dendrochirotida,Cucumariidae,Ocnus,abundance,Individuals per 1000 square meter,1191.110016
SKQ202412S-DBO4.2n,SKQ202412S-DBO4.2n-Ophiura sarsiii,8/20/2024,8:14:30,71.326221,-160.667857,Benthos,"Plumb-staff beam trawl,  2.26m opening, 7-mm mesh net, 4-mm cod end liner",Ophiura sarsiii,Species,urn:lsid:marinespecies.org:taxname:124934,"Lütken, 1855",Animalia,Echinodermata,Ophiuroidea,Ophiurida,Ophiuridae,Ophiura,abundance,Individuals per 1000 square meter,2918.477354
SKQ202412S-DBO4.2n,SKQ202412S-DBO4.2n-Pelonaia corrugata,8/20/2024,8:14:30,71.326221,-160.667857,Benthos,"Plumb-staff beam trawl,  2.26m opening, 7-mm mesh net, 4-mm cod end liner",Pelonaia corrugata,Species,urn:lsid:marinespecies.org:taxname:103894,"Goodsir & Forbes, 1841",Animalia,Chordata,Ascidiacea,Stolidobranchia,Styelidae,Pelonaia,abundance,Individuals per 1000 square meter,5.156320414
SKQ202412S-DBO4.2n,SKQ202412S-DBO4.2n-Phyllodoce groenlandica,8/20/2024,8:14:30,71.326221,-160.667857,Benthos,"Plumb-staff beam trawl,  2.26m opening, 7-mm mesh net, 4-mm cod end liner",Phyllodoce groenlandica,Species,urn:lsid:marinespecies.org:taxname:334506,"Örsted, 1842",Animalia,Annelida,Polychaeta,Phyllodocida,Phyllodocidae,Phyllodoce,abundance,Individuals per 1000 square meter,20.62528166
SKQ202412S-DBO4.2n,SKQ202412S-DBO4.2n-Priapulus caudatus,8/20/2024,8:14:30,71.326221,-160.667857,Benthos,"Plumb-staff beam trawl,  2.26m opening, 7-mm mesh net, 4-mm cod end liner",Priapulus caudatus,Species,urn:lsid:marinespecies.org:taxname:101160,"Lamarck, 1816",Animalia,Priapulida,n/a,Priapulomorpha,Priapulidae,Priapulus,abundance,Individuals per 1000 square meter,2.578160207
SKQ202412S-DBO4.2n,SKQ202412S-DBO4.2n-Pteraster obscurus,8/20/2024,8:14:30,71.326221,-160.667857,Benthos,"Plumb-staff beam trawl,  2.26m opening, 7-mm mesh net, 4-mm cod end liner",Pteraster obscurus,Species,urn:lsid:marinespecies.org:taxname:124149,"Perrier, 1891",Animalia,Echinodermata,Asteroidea,Velatida,Pterasteridae,Pteraster,abundance,Individuals per 1000 square meter,2.578160207
SKQ202412S-DBO4.2n,SKQ202412S-DBO4.2n-Pyrulofusus deformis,8/20/2024,8:14:30,71.326221,-160.667857,Benthos,"Plumb-staff beam trawl,  2.26m opening, 7-mm mesh net, 4-mm cod end liner",Pyrulofusus deformis,Species,urn:lsid:marinespecies.org:taxname:254378,"Reeve, 1847",Animalia,Mollusca,Gastropoda,Neogastropoda,Buccinidae,Pyrulofusus,abundance,Individuals per 1000 square meter,2.578160207
SKQ202412S-DBO4.2n,SKQ202412S-DBO4.2n-Socarnes bidenticulatus,8/20/2024,8:14:30,71.326221,-160.667857,Benthos,"Plumb-staff beam trawl,  2.26m opening, 7-mm mesh net, 4-mm cod end liner",Socarnes bidenticulatus,Species,urn:lsid:marinespecies.org:taxname:102722,"Spence Bate, 1858",Animalia,Arthropoda,Malacostraca,Amphipoda,Lysianassidae,Socarnes,abundance,Individuals per 1000 square meter,10.31264083
SKQ202412S-DBO4.2n,SKQ202412S-DBO4.2n-Solariella obscura,8/20/2024,8:14:30,71.326221,-160.667857,Benthos,"Plumb-staff beam trawl,  2.26m opening, 7-mm mesh net, 4-mm cod end liner",Solariella obscura,Species,urn:lsid:marinespecies.org:taxname:141840,"Couthouy, 1838",Animalia,Mollusca,Gastropoda,Trochida,Solariellidae,Solariella,abundance,Individuals per 1000 square meter,15.46896124
SKQ202412S-DBO4.2n,SKQ202412S-DBO4.2n-Spirontocaris,8/20/2024,8:14:30,71.326221,-160.667857,Benthos,"Plumb-staff beam trawl,  2.26m opening, 7-mm mesh net, 4-mm cod end liner",Spirontocaris,Genus,urn:lsid:marinespecies.org:taxname:106994,"Spence Bate, 1888",Animalia,Arthropoda,Malacostraca,Decapoda,Thoridae,Spirontocaris,abundance,Individuals per 1000 square meter,2.578160207
SKQ202412S-DBO4.2n,SKQ202412S-DBO4.2n-Synidotea bicuspida,8/20/2024,8:14:30,71.326221,-160.667857,Benthos,"Plumb-staff beam trawl,  2.26m opening, 7-mm mesh net, 4-mm cod end liner",Synidotea bicuspida,Species,urn:lsid:marinespecies.org:taxname:156445,"Owen, 1839",Animalia,Arthropoda,Malacostraca,Isopoda,Idoteidae,Synidotea,abundance,Individuals per 1000 square meter,10.31264083
SKQ202412S-DBO4.2n,SKQ202412S-DBO4.2n-Tachyrhynchus erosus,8/20/2024,8:14:30,71.326221,-160.667857,Benthos,"Plumb-staff beam trawl,  2.26m opening, 7-mm mesh net, 4-mm cod end liner",Tachyrhynchus erosus,Species,urn:lsid:marinespecies.org:taxname:196391,"Couthouy, 1838",Animalia,Mollusca,Gastropoda,Caenogastropoda incertae sedis,Turritellidae,Tachyrhynchus,abundance,Individuals per 1000 square meter,15.46896124
SKQ202412S-DBO4.2n,SKQ202412S-DBO4.2n-Trichotropis bicarinata,8/20/2024,8:14:30,71.326221,-160.667857,Benthos,"Plumb-staff beam trawl,  2.26m opening, 7-mm mesh net, 4-mm cod end liner",Trichotropis bicarinata,Species,urn:lsid:marinespecies.org:taxname:160421,"G. B. Sowerby I, 1825",Animalia,Mollusca,Gastropoda,Littorinimorpha,Capulidae,Trichotropis,abundance,Individuals per 1000 square meter,20.62528166
SKQ202412S-DBO5.3,SKQ202412S-DBO5.3-Abietinaria,8/21/2024,1:29:19,71.327936,-157.334999,Benthos,"Plumb-staff beam trawl,  2.26m opening, 7-mm mesh net, 4-mm cod end liner",Abietinaria,Genus,urn:lsid:marinespecies.org:taxname:117225,"Kirchenpauer, 1884",Animalia,Cnidaria,Hydrozoa,Leptothecata,Sertulariidae,Abietinaria,abundance,Individuals per 1000 square meter,n/a
SKQ202412S-DBO5.3,SKQ202412S-DBO5.3-Admete solida,8/21/2024,1:29:19,71.327936,-157.334999,Benthos,"Plumb-staff beam trawl,  2.26m opening, 7-mm mesh net, 4-mm cod end liner",Admete solida,Species,urn:lsid:marinespecies.org:taxname:576338,"Aurivillius, 1885",Animalia,Mollusca,Gastropoda,Neogastropoda,Cancellariidae,Admete,abundance,Individuals per 1000 square meter,19.49754306
SKQ202412S-DBO5.3,SKQ202412S-DBO5.3-Alcyonidium gelatinosum,8/21/2024,1:29:19,71.327936,-157.334999,Benthos,"Plumb-staff beam trawl,  2.26m opening, 7-mm mesh net, 4-mm cod end liner",Alcyonidium gelatinosum,Species,urn:lsid:marinespecies.org:taxname:111600,"Linnaeus, 1761",Animalia,Bryozoa,Gymnolaemata,Ctenostomatida,Alcyonidiidae,Alcyonidium,abundance,Individuals per 1000 square meter,n/a
SKQ202412S-DBO5.3,SKQ202412S-DBO5.3-Amicula vestita,8/21/2024,1:29:19,71.327936,-157.334999,Benthos,"Plumb-staff beam trawl,  2.26m opening, 7-mm mesh net, 4-mm cod end liner",Amicula amiculata,Species,urn:lsid:marinespecies.org:taxname:386339,"Pallas, 1788",Animalia,Mollusca,Polyplacophora,Chitonida,Mopaliidae,Amicula,abundance,Individuals per 1000 square meter,38.99508611
SKQ202412S-DBO5.3,SKQ202412S-DBO5.3-Actiniaria,8/21/2024,1:29:19,71.327936,-157.334999,Benthos,"Plumb-staff beam trawl,  2.26m opening, 7-mm mesh net, 4-mm cod end liner",Actiniaria,Order,urn:lsid:marinespecies.org:taxname:1360,"Hertwig, 1882",Animalia,Cnidaria,Hexacorallia,Actiniaria,n/a,n/a,abundance,Individuals per 1000 square meter,19.49754306
SKQ202412S-DBO5.3,SKQ202412S-DBO5.3-Anonyx,8/21/2024,1:29:19,71.327936,-157.334999,Benthos,"Plumb-staff beam trawl,  2.26m opening, 7-mm mesh net, 4-mm cod end liner",Anonyx,Genus,urn:lsid:marinespecies.org:taxname:101592,"Krøyer, 1838",Animalia,Arthropoda,Malacostraca,Amphipoda,Uristidae,Anonyx,abundance,Individuals per 1000 square meter,331.4582319
SKQ202412S-DBO5.3,SKQ202412S-DBO5.3-Argis,8/21/2024,1:29:19,71.327936,-157.334999,Benthos,"Plumb-staff beam trawl,  2.26m opening, 7-mm mesh net, 4-mm cod end liner",Argis,Genus,urn:lsid:marinespecies.org:taxname:107006,"Krøyer, 1843",Animalia,Arthropoda,Malacostraca,Decapoda,Crangonidae,Argis,abundance,Individuals per 1000 square meter,38.99508611
SKQ202412S-DBO5.3,SKQ202412S-DBO5.3-Ariadnaria borealis,8/21/2024,1:29:19,71.327936,-157.334999,Benthos,"Plumb-staff beam trawl,  2.26m opening, 7-mm mesh net, 4-mm cod end liner",Ariadnaria borealis,Species,urn:lsid:marinespecies.org:taxname:714762,"Broderip & G. B. Sowerby I, 1829",Animalia,Mollusca,Gastropoda,Littorinimorpha,Capulidae,Ariadnaria,abundance,Individuals per 1000 square meter,19.49754306
SKQ202412S-DBO5.3,SKQ202412S-DBO5.3-Balanus nubilis,8/21/2024,1:29:19,71.327936,-157.334999,Benthos,"Plumb-staff beam trawl,  2.26m opening, 7-mm mesh net, 4-mm cod end liner",Balanus nubilus,Species,urn:lsid:marinespecies.org:taxname:594745,"Darwin, 1854",Animalia,Arthropoda,Thecostraca,Balanomorpha,Balanidae,Balanus,abundance,Individuals per 1000 square meter,19.49754306
SKQ202412S-DBO5.3,SKQ202412S-DBO5.3-Boltenia ovifera,8/21/2024,1:29:19,71.327936,-157.334999,Benthos,"Plumb-staff beam trawl,  2.26m opening, 7-mm mesh net, 4-mm cod end liner",Boltenia ovifera,Species,urn:lsid:marinespecies.org:taxname:103815,"Linnaeus, 1767",Animalia,Chordata,Ascidiacea,Stolidobranchia,Pyuridae,Boltenia,abundance,Individuals per 1000 square meter,38.99508611
SKQ202412S-DBO5.3,SKQ202412S-DBO5.3-Bryozoa hard lobed,8/21/2024,1:29:19,71.327936,-157.334999,Benthos,"Plumb-staff beam trawl,  2.26m opening, 7-mm mesh net, 4-mm cod end liner",Bryozoa hard lobed,Phylum,urn:lsid:marinespecies.org:taxname:146142,n/a,Animalia,Bryozoa,n/a,n/a,n/a,n/a,abundance,Individuals per 1000 square meter,n/a
SKQ202412S-DBO5.3,SKQ202412S-DBO5.3-Bryozoa moose antler,8/21/2024,1:29:19,71.327936,-157.334999,Benthos,"Plumb-staff beam trawl,  2.26m opening, 7-mm mesh net, 4-mm cod end liner",Bryozoa moose antler,Phylum,urn:lsid:marinespecies.org:taxname:146142,n/a,Animalia,Bryozoa,n/a,n/a,n/a,n/a,abundance,Individuals per 1000 square meter,n/a
SKQ202412S-DBO5.3,SKQ202412S-DBO5.3-Buccinum scalariforme,8/21/2024,1:29:19,71.327936,-157.334999,Benthos,"Plumb-staff beam trawl,  2.26m opening, 7-mm mesh net, 4-mm cod end liner",Buccinum scalariforme,Species,urn:lsid:marinespecies.org:taxname:138875,"Møller, 1842",Animalia,Mollusca,Gastropoda,Neogastropoda,Buccinidae,Buccinum,abundance,Individuals per 1000 square meter,19.49754306
SKQ202412S-DBO5.3,SKQ202412S-DBO5.3-Chelyosoma maclaeyanum,8/21/2024,1:29:19,71.327936,-157.334999,Benthos,"Plumb-staff beam trawl,  2.26m opening, 7-mm mesh net, 4-mm cod end liner",Chelyosoma maclaeyanum,Species,urn:lsid:marinespecies.org:taxname:103740,"Broderip & Sowerby, 1830",Animalia,Chordata,Ascidiacea,Phlebobranchia,Corellidae,Chelyosoma,abundance,Individuals per 1000 square meter,97.48771528
SKQ202412S-DBO5.3,SKQ202412S-DBO5.3-Crangon dalli,8/21/2024,1:29:19,71.327936,-157.334999,Benthos,"Plumb-staff beam trawl,  2.26m opening, 7-mm mesh net, 4-mm cod end liner",Crangon dalli,Species,urn:lsid:marinespecies.org:taxname:254486,"Rathbun, 1902",Animalia,Arthropoda,Malacostraca,Decapoda,Crangonidae,Crangon,abundance,Individuals per 1000 square meter,3.249590509
SKQ202412S-DBO5.3,SKQ202412S-DBO5.3-Distaplia alaskensis,8/21/2024,1:29:19,71.327936,-157.334999,Benthos,"Plumb-staff beam trawl,  2.26m opening, 7-mm mesh net, 4-mm cod end liner",Distaplia alaskensis,Species,urn:lsid:marinespecies.org:taxname:250424,"Lambert & Sanamyan, 2001",Animalia,Chordata,Ascidiacea,Aplousobranchia,Holozoidae,Distaplia,abundance,Individuals per 1000 square meter,77.99017222
SKQ202412S-DBO5.3,SKQ202412S-DBO5.3-Eualus gaimardii ,8/21/2024,1:29:19,71.327936,-157.334999,Benthos,"Plumb-staff beam trawl,  2.26m opening, 7-mm mesh net, 4-mm cod end liner",Eualus gaimardii ,Species,urn:lsid:marinespecies.org:taxname:107504,"H. Milne Edwards, 1837",Animalia,Arthropoda,Malacostraca,Decapoda,Thoridae,Eualus,abundance,Individuals per 1000 square meter,35.7454956
SKQ202412S-DBO5.3,SKQ202412S-DBO5.3-Eualus macilentus,8/21/2024,1:29:19,71.327936,-157.334999,Benthos,"Plumb-staff beam trawl,  2.26m opening, 7-mm mesh net, 4-mm cod end liner",Eualus macilentus,Species,urn:lsid:marinespecies.org:taxname:158359,"Krøyer, 1841",Animalia,Arthropoda,Malacostraca,Decapoda,Thoridae,Eualus,abundance,Individuals per 1000 square meter,12.99836204
SKQ202412S-DBO5.3,SKQ202412S-DBO5.3-Eusirus cuspidatus,8/21/2024,1:29:19,71.327936,-157.334999,Benthos,"Plumb-staff beam trawl,  2.26m opening, 7-mm mesh net, 4-mm cod end liner",Eusirus cuspidatus,Species,urn:lsid:marinespecies.org:taxname:102199,"Krøyer, 1845",Animalia,Arthropoda,Malacostraca,Amphipoda,Eusiridae,Eusirus,abundance,Individuals per 1000 square meter,77.99017222
SKQ202412S-DBO5.3,SKQ202412S-DBO5.3-Euspira pallida,8/21/2024,1:29:19,71.327936,-157.334999,Benthos,"Plumb-staff beam trawl,  2.26m opening, 7-mm mesh net, 4-mm cod end liner",Euspira pallida,Species,urn:lsid:marinespecies.org:taxname:140536,"Broderip & G. B. Sowerby I, 1829",Animalia,Mollusca,Gastropoda,Littorinimorpha,Naticidae,Euspira,abundance,Individuals per 1000 square meter,19.49754306
SKQ202412S-DBO5.3,SKQ202412S-DBO5.3-Platyhelminthes,8/21/2024,1:29:19,71.327936,-157.334999,Benthos,"Plumb-staff beam trawl,  2.26m opening, 7-mm mesh net, 4-mm cod end liner",Platyhelminthes,Phylum,urn:lsid:marinespecies.org:taxname:793,"Minot, 1876",Animalia,Platyhelminthes,n/a,n/a,n/a,n/a,abundance,Individuals per 1000 square meter,38.99508611
SKQ202412S-DBO5.3,SKQ202412S-DBO5.3-Gattyana ciliata,8/21/2024,1:29:19,71.327936,-157.334999,Benthos,"Plumb-staff beam trawl,  2.26m opening, 7-mm mesh net, 4-mm cod end liner",Gattyana ciliata,Species,urn:lsid:marinespecies.org:taxname:254456,"Moore, 1902",Animalia,Annelida,Polychaeta,Phyllodocida,Polynoidae,Gattyana,abundance,Individuals per 1000 square meter,19.49754306
SKQ202412S-DBO5.3,SKQ202412S-DBO5.3-Gersemia rubiformis,8/21/2024,1:29:19,71.327936,-157.334999,Benthos,"Plumb-staff beam trawl,  2.26m opening, 7-mm mesh net, 4-mm cod end liner",Gersemia rubiformis,Species,urn:lsid:marinespecies.org:taxname:156103,"Ehrenberg, 1834",Animalia,Cnidaria,Octocorallia,Malacalcyonacea,Alcyoniidae,Gersemia,abundance,Individuals per 1000 square meter,n/a
SKQ202412S-DBO5.3,SKQ202412S-DBO5.3-Henricia tumida,8/21/2024,1:29:19,71.327936,-157.334999,Benthos,"Plumb-staff beam trawl,  2.26m opening, 7-mm mesh net, 4-mm cod end liner",Henricia tumida,Species,urn:lsid:marinespecies.org:taxname:369147,"Verrill, 1909",Animalia,Echinodermata,Asteroidea,Spinulosida,Echinasteridae,Henricia,abundance,Individuals per 1000 square meter,58.49262917
SKQ202412S-DBO5.3,SKQ202412S-DBO5.3-Leptasterias groenlandica,8/21/2024,1:29:19,71.327936,-157.334999,Benthos,"Plumb-staff beam trawl,  2.26m opening, 7-mm mesh net, 4-mm cod end liner",Leptasterias groenlandica,Species,urn:lsid:marinespecies.org:taxname:369176,"Steenstrup in Lutken, 1857",Animalia,Echinodermata,Asteroidea,Forcipulatida,Asteriidae,Leptasterias,abundance,Individuals per 1000 square meter,97.48771528
SKQ202412S-DBO5.3,SKQ202412S-DBO5.3-Maldanidae,8/21/2024,1:29:19,71.327936,-157.334999,Benthos,"Plumb-staff beam trawl,  2.26m opening, 7-mm mesh net, 4-mm cod end liner",Maldanidae,Family,urn:lsid:marinespecies.org:taxname:923,"Malmgren, 1867",Animalia,Annelida,Polychaeta,n/a,Maldanidae,n/a,abundance,Individuals per 1000 square meter,19.49754306
SKQ202412S-DBO5.3,SKQ202412S-DBO5.3-Margarites costalis,8/21/2024,1:29:19,71.327936,-157.334999,Benthos,"Plumb-staff beam trawl,  2.26m opening, 7-mm mesh net, 4-mm cod end liner",Margarites costalis,Species,urn:lsid:marinespecies.org:taxname:141819,"A. Gould, 1841",Animalia,Mollusca,Gastropoda,Trochida,Margaritidae,Margarites,abundance,Individuals per 1000 square meter,38.99508611
SKQ202412S-DBO5.3,SKQ202412S-DBO5.3-Molgula retortiformis,8/21/2024,1:29:19,71.327936,-157.334999,Benthos,"Plumb-staff beam trawl,  2.26m opening, 7-mm mesh net, 4-mm cod end liner",Molgula retortiformis,Species,urn:lsid:marinespecies.org:taxname:103796,"Verrill, 1871",Animalia,Chordata,Ascidiacea,Stolidobranchia,Molgulidae,Molgula,abundance,Individuals per 1000 square meter,19.49754306
SKQ202412S-DBO5.3,SKQ202412S-DBO5.3-Myriotrochus rinkii,8/21/2024,1:29:19,71.327936,-157.334999,Benthos,"Plumb-staff beam trawl,  2.26m opening, 7-mm mesh net, 4-mm cod end liner",Myriotrochus rinkii,Species,urn:lsid:marinespecies.org:taxname:124446,"Steenstrup, 1851",Animalia,Echinodermata,Holothuroidea,Apodida,Myriotrochidae,Myriotrochus,abundance,Individuals per 1000 square meter,5907.755546
SKQ202412S-DBO5.3,SKQ202412S-DBO5.3-Nereis pelagica,8/21/2024,1:29:19,71.327936,-157.334999,Benthos,"Plumb-staff beam trawl,  2.26m opening, 7-mm mesh net, 4-mm cod end liner",Nereis pelagica,Species,urn:lsid:marinespecies.org:taxname:130404,"Linnaeus, 1758",Animalia,Annelida,Polychaeta,Phyllodocida,Nereididae,Nereis,abundance,Individuals per 1000 square meter,19.49754306
SKQ202412S-DBO5.3,SKQ202412S-DBO5.3-Ocnus glacialis,8/21/2024,1:29:19,71.327936,-157.334999,Benthos,"Plumb-staff beam trawl,  2.26m opening, 7-mm mesh net, 4-mm cod end liner",Ocnus glacialis,Species,urn:lsid:marinespecies.org:taxname:124641,"Ljungman, 1879",Animalia,Echinodermata,Holothuroidea,Dendrochirotida,Cucumariidae,Ocnus,abundance,Individuals per 1000 square meter,14291.69906
SKQ202412S-DBO5.3,SKQ202412S-DBO5.3-Onchidiopsis,8/21/2024,1:29:19,71.327936,-157.334999,Benthos,"Plumb-staff beam trawl,  2.26m opening, 7-mm mesh net, 4-mm cod end liner",Onchidiopsis,Genus,urn:lsid:marinespecies.org:taxname:138628,"Bergh, 1853",Animalia,Mollusca,Gastropoda,Littorinimorpha,Velutinidae,Onchidiopsis,abundance,Individuals per 1000 square meter,19.49754306
SKQ202412S-DBO5.3,SKQ202412S-DBO5.3-Ophiopholis aculeata,8/21/2024,1:29:19,71.327936,-157.334999,Benthos,"Plumb-staff beam trawl,  2.26m opening, 7-mm mesh net, 4-mm cod end liner",Ophiopholis aculeata,Species,urn:lsid:marinespecies.org:taxname:125125,"Linnaeus, 1767",Animalia,Echinodermata,Ophiuroidea,Amphilepidida,Ophiopholidae,Ophiopholis,abundance,Individuals per 1000 square meter,19.49754306
SKQ202412S-DBO5.3,SKQ202412S-DBO5.3-Ophiura robusta,8/21/2024,1:29:19,71.327936,-157.334999,Benthos,"Plumb-staff beam trawl,  2.26m opening, 7-mm mesh net, 4-mm cod end liner",Ophiura robusta,Species,urn:lsid:marinespecies.org:taxname:124933,"Ayres, 1852",Animalia,Echinodermata,Ophiuroidea,Ophiurida,Ophiuridae,Ophiura,abundance,Individuals per 1000 square meter,38.99508611
SKQ202412S-DBO5.3,SKQ202412S-DBO5.3-Ophiura sarsiii,8/21/2024,1:29:19,71.327936,-157.334999,Benthos,"Plumb-staff beam trawl,  2.26m opening, 7-mm mesh net, 4-mm cod end liner",Ophiura sarsiii,Species,urn:lsid:marinespecies.org:taxname:124934,"Lütken, 1855",Animalia,Echinodermata,Ophiuroidea,Ophiurida,Ophiuridae,Ophiura,abundance,Individuals per 1000 square meter,175.4778875
SKQ202412S-DBO5.3,SKQ202412S-DBO5.3-Pagurus trigonocheirus,8/21/2024,1:29:19,71.327936,-157.334999,Benthos,"Plumb-staff beam trawl,  2.26m opening, 7-mm mesh net, 4-mm cod end liner",Pagurus trigonocheirus,Species,urn:lsid:marinespecies.org:taxname:254490,"Stimpson, 1858",Animalia,Arthropoda,Malacostraca,Decapoda,Paguridae,Pagurus,abundance,Individuals per 1000 square meter,116.9852583
SKQ202412S-DBO5.3,SKQ202412S-DBO5.3-Pandalus borealis eous,8/21/2024,1:29:19,71.327936,-157.334999,Benthos,"Plumb-staff beam trawl,  2.26m opening, 7-mm mesh net, 4-mm cod end liner",Pandalus borealis eous,Species,urn:lsid:marinespecies.org:taxname:515463,"Makarov, 1935",Animalia,Arthropoda,Malacostraca,Decapoda,Pandalidae,Pandalus,abundance,Individuals per 1000 square meter,155.9803444
SKQ202412S-DBO5.3,SKQ202412S-DBO5.3-Plicifusus kroeyeri,8/21/2024,1:29:19,71.327936,-157.334999,Benthos,"Plumb-staff beam trawl,  2.26m opening, 7-mm mesh net, 4-mm cod end liner",Plicifusus kroeyeri,Species,urn:lsid:marinespecies.org:taxname:491269,"Møller, 1842",Animalia,Mollusca,Gastropoda,Neogastropoda,Buccinidae,Plicifusus,abundance,Individuals per 1000 square meter,19.49754306
SKQ202412S-DBO5.3,SKQ202412S-DBO5.3-Psolus peronii,8/21/2024,1:29:19,71.327936,-157.334999,Benthos,"Plumb-staff beam trawl,  2.26m opening, 7-mm mesh net, 4-mm cod end liner",Psolus peronii,Species,urn:lsid:marinespecies.org:taxname:529651,"Bell, 1883",Animalia,Echinodermata,Holothuroidea,Dendrochirotida,Psolidae,Psolus,abundance,Individuals per 1000 square meter,71.4909912
SKQ202412S-DBO5.3,SKQ202412S-DBO5.3-Pyrulofusus deformis,8/21/2024,1:29:19,71.327936,-157.334999,Benthos,"Plumb-staff beam trawl,  2.26m opening, 7-mm mesh net, 4-mm cod end liner",Pyrulofusus deformis,Species,urn:lsid:marinespecies.org:taxname:254378,"Reeve, 1847",Animalia,Mollusca,Gastropoda,Neogastropoda,Buccinidae,Pyrulofusus,abundance,Individuals per 1000 square meter,19.49754306
SKQ202412S-DBO5.3,SKQ202412S-DBO5.3-Sclerocrangon boreas,8/21/2024,1:29:19,71.327936,-157.334999,Benthos,"Plumb-staff beam trawl,  2.26m opening, 7-mm mesh net, 4-mm cod end liner",Sclerocrangon boreas,Species,urn:lsid:marinespecies.org:taxname:107568,"Phipps, 1774",Animalia,Arthropoda,Malacostraca,Decapoda,Crangonidae,Sclerocrangon,abundance,Individuals per 1000 square meter,61.74221968
SKQ202412S-DBO5.3,SKQ202412S-DBO5.3-Sertularia robusta,8/21/2024,1:29:19,71.327936,-157.334999,Benthos,"Plumb-staff beam trawl,  2.26m opening, 7-mm mesh net, 4-mm cod end liner",Sertularia robusta,Species,urn:lsid:marinespecies.org:taxname:117923,"Clark, 1877",Animalia,Cnidaria,Hydrozoa,Leptothecata,Sertulariidae,Sertularia,abundance,Individuals per 1000 square meter,58.49262917
SKQ202412S-DBO5.3,SKQ202412S-DBO5.3-Solariella obscura,8/21/2024,1:29:19,71.327936,-157.334999,Benthos,"Plumb-staff beam trawl,  2.26m opening, 7-mm mesh net, 4-mm cod end liner",Solariella obscura,Species,urn:lsid:marinespecies.org:taxname:141840,"Couthouy, 1838",Animalia,Mollusca,Gastropoda,Trochida,Solariellidae,Solariella,abundance,Individuals per 1000 square meter,19.49754306
SKQ202412S-DBO5.3,SKQ202412S-DBO5.3-Stegocephalidae,8/21/2024,1:29:19,71.327936,-157.334999,Benthos,"Plumb-staff beam trawl,  2.26m opening, 7-mm mesh net, 4-mm cod end liner",Stegocephalidae,Family,urn:lsid:marinespecies.org:taxname:101408,"Dana, 1852",Animalia,Arthropoda,Malacostraca,Amphipoda,Stegocephalidae,n/a,abundance,Individuals per 1000 square meter,97.48771528
SKQ202412S-DBO5.3,SKQ202412S-DBO5.3-Stegophiura nodosa,8/21/2024,1:29:19,71.327936,-157.334999,Benthos,"Plumb-staff beam trawl,  2.26m opening, 7-mm mesh net, 4-mm cod end liner",Stegophiura nodosa,Species,urn:lsid:marinespecies.org:taxname:124943,"Lütken, 1855",Animalia,Echinodermata,Ophiuroidea,Ophiurida,Ophiopyrgidae,Stegophiura,abundance,Individuals per 1000 square meter,77.99017222
SKQ202412S-DBO5.3,SKQ202412S-DBO5.3-Strongylocentrotus pallidus,8/21/2024,1:29:19,71.327936,-157.334999,Benthos,"Plumb-staff beam trawl,  2.26m opening, 7-mm mesh net, 4-mm cod end liner",Strongylocentrotus pallidus,Species,urn:lsid:marinespecies.org:taxname:124324,"Sars G.O., 1872",Animalia,Echinodermata,Echinoidea,Camarodonta,Strongylocentrotidae,Strongylocentrotus,abundance,Individuals per 1000 square meter,32.49590509
SKQ202412S-DBO5.3,SKQ202412S-DBO5.3-Tachyrhynchus erosus,8/21/2024,1:29:19,71.327936,-157.334999,Benthos,"Plumb-staff beam trawl,  2.26m opening, 7-mm mesh net, 4-mm cod end liner",Tachyrhynchus erosus,Species,urn:lsid:marinespecies.org:taxname:196391,"Couthouy, 1838",Animalia,Mollusca,Gastropoda,Caenogastropoda incertae sedis,Turritellidae,Tachyrhynchus,abundance,Individuals per 1000 square meter,19.49754306
SKQ202412S-DBO5.3,SKQ202412S-DBO5.3-Tritonia,8/21/2024,1:29:19,71.327936,-157.334999,Benthos,"Plumb-staff beam trawl,  2.26m opening, 7-mm mesh net, 4-mm cod end liner",Tritonia,Genus,urn:lsid:marinespecies.org:taxname:138580,"Cuvier, 1797",Animalia,Mollusca,Gastropoda,Nudibranchia,Tritoniidae,Tritonia,abundance,Individuals per 1000 square meter,19.49754306
SKQ202412S-DBO5.3,SKQ202412S-DBO5.3-Velutina velutina,8/21/2024,1:29:19,71.327936,-157.334999,Benthos,"Plumb-staff beam trawl,  2.26m opening, 7-mm mesh net, 4-mm cod end liner",Velutina velutina,Species,urn:lsid:marinespecies.org:taxname:141905,"O. F. Müller, 1776",Animalia,Mollusca,Gastropoda,Littorinimorpha,Velutinidae ,Velutina ,abundance,Individuals per 1000 square meter,19.49754306
SKQ202412S-DBO5.7,SKQ202412S-DBO5.7-Alcyonidium gelatinosum,8/21/2024,8:34:06,71.496738,-157.689295,Benthos,"Plumb-staff beam trawl,  2.26m opening, 7-mm mesh net, 4-mm cod end liner",Alcyonidium gelatinosum,Species,urn:lsid:marinespecies.org:taxname:111600,"Linnaeus, 1761",Animalia,Bryozoa,Gymnolaemata,Ctenostomatida,Alcyonidiidae,Alcyonidium,abundance,Individuals per 1000 square meter,n/a
SKQ202412S-DBO5.7,SKQ202412S-DBO5.7-Anonyx,8/21/2024,8:34:06,71.496738,-157.689295,Benthos,"Plumb-staff beam trawl,  2.26m opening, 7-mm mesh net, 4-mm cod end liner",Anonyx,Genus,urn:lsid:marinespecies.org:taxname:101592,"Krøyer, 1838",Animalia,Arthropoda,Malacostraca,Amphipoda,Uristidae,Anonyx,abundance,Individuals per 1000 square meter,124.1040836
SKQ202412S-DBO5.7,SKQ202412S-DBO5.7-Argis,8/21/2024,8:34:06,71.496738,-157.689295,Benthos,"Plumb-staff beam trawl,  2.26m opening, 7-mm mesh net, 4-mm cod end liner",Argis,Genus,urn:lsid:marinespecies.org:taxname:107006,"Krøyer, 1843",Animalia,Arthropoda,Malacostraca,Decapoda,Crangonidae,Argis,abundance,Individuals per 1000 square meter,24.1313496
SKQ202412S-DBO5.7,SKQ202412S-DBO5.7-Boreotrophon truncatus,8/21/2024,8:34:06,71.496738,-157.689295,Benthos,"Plumb-staff beam trawl,  2.26m opening, 7-mm mesh net, 4-mm cod end liner",Boreotrophon truncatus,Species,urn:lsid:marinespecies.org:taxname:146733,"Strøm, 1768",Animalia,Mollusca,Gastropoda,Neogastropoda,Muricidae,Boreotrophon,abundance,Individuals per 1000 square meter,62.05204182
SKQ202412S-DBO5.7,SKQ202412S-DBO5.7-Buccinum angulosum,8/21/2024,8:34:06,71.496738,-157.689295,Benthos,"Plumb-staff beam trawl,  2.26m opening, 7-mm mesh net, 4-mm cod end liner",Buccinum angulosum,Species,urn:lsid:marinespecies.org:taxname:138858,"Gray, 1839",Animalia,Mollusca,Gastropoda,Neogastropoda,Buccinidae,Buccinum,abundance,Individuals per 1000 square meter,6.894671313
SKQ202412S-DBO5.7,SKQ202412S-DBO5.7-Calycidoris geuntheri,8/21/2024,8:34:06,71.496738,-157.689295,Benthos,"Plumb-staff beam trawl,  2.26m opening, 7-mm mesh net, 4-mm cod end liner",Calycidoris geuntheri,Species,urn:lsid:marinespecies.org:taxname:146756,"Abraham, 1876",Animalia,Mollusca,Gastropoda,Nudibranchia,Calycidorididae,Calycidoris,abundance,Individuals per 1000 square meter,62.05204182
SKQ202412S-DBO5.7,SKQ202412S-DBO5.7-Chionoecetes opilio,8/21/2024,8:34:06,71.496738,-157.689295,Benthos,"Plumb-staff beam trawl,  2.26m opening, 7-mm mesh net, 4-mm cod end liner",Chionoecetes opilio,Species,urn:lsid:marinespecies.org:taxname:107315,"Fabricius, 1788",Animalia,Arthropoda,Malacostraca,Decapoda,Oregoniidae,Chionoecetes,abundance,Individuals per 1000 square meter,72.39404879
SKQ202412S-DBO5.7,SKQ202412S-DBO5.7-Crossaster papposus,8/21/2024,8:34:06,71.496738,-157.689295,Benthos,"Plumb-staff beam trawl,  2.26m opening, 7-mm mesh net, 4-mm cod end liner",Crossaster papposus,Species,urn:lsid:marinespecies.org:taxname:124154,"Linnaeus, 1767",Animalia,Echinodermata,Asteroidea,Valvatida,Solasteridae,Crossaster,abundance,Individuals per 1000 square meter,3.447335656
SKQ202412S-DBO5.7,SKQ202412S-DBO5.7-Cryptonatica affinis,8/21/2024,8:34:06,71.496738,-157.689295,Benthos,"Plumb-staff beam trawl,  2.26m opening, 7-mm mesh net, 4-mm cod end liner",Cryptonatica affinis,Species,urn:lsid:marinespecies.org:taxname:140525,"Gmelin, 1791",Animalia,Mollusca,Gastropoda,Littorinimorpha,Naticidae,Cryptonatica,abundance,Individuals per 1000 square meter,62.05204182
SKQ202412S-DBO5.7,SKQ202412S-DBO5.7-Eualus gaimardii ,8/21/2024,8:34:06,71.496738,-157.689295,Benthos,"Plumb-staff beam trawl,  2.26m opening, 7-mm mesh net, 4-mm cod end liner",Eualus gaimardii ,Species,urn:lsid:marinespecies.org:taxname:107504,"H. Milne Edwards, 1837",Animalia,Arthropoda,Malacostraca,Decapoda,Thoridae,Eualus,abundance,Individuals per 1000 square meter,55.1573705
SKQ202412S-DBO5.7,SKQ202412S-DBO5.7-Eucratea loricata,8/21/2024,8:34:06,71.496738,-157.689295,Benthos,"Plumb-staff beam trawl,  2.26m opening, 7-mm mesh net, 4-mm cod end liner",Eucratea loricata,Species,urn:lsid:marinespecies.org:taxname:111361,"Linnaeus, 1758",Animalia,Bryozoa,Gymnolaemata,Cheilostomatida,Eucrateidae,Eucratea,abundance,Individuals per 1000 square meter,n/a
SKQ202412S-DBO5.7,SKQ202412S-DBO5.7-Eusirus cuspidatus,8/21/2024,8:34:06,71.496738,-157.689295,Benthos,"Plumb-staff beam trawl,  2.26m opening, 7-mm mesh net, 4-mm cod end liner",Eusirus cuspidatus,Species,urn:lsid:marinespecies.org:taxname:102199,"Krøyer, 1845",Animalia,Arthropoda,Malacostraca,Amphipoda,Eusiridae,Eusirus,abundance,Individuals per 1000 square meter,62.05204182
SKQ202412S-DBO5.7,SKQ202412S-DBO5.7-Gattyana amondensi,8/21/2024,8:34:06,71.496738,-157.689295,Benthos,"Plumb-staff beam trawl,  2.26m opening, 7-mm mesh net, 4-mm cod end liner",Gattyana amondensi,Species,urn:lsid:marinespecies.org:taxname:130748,"Malmgren, 1867",Animalia,Annelida,Polychaeta,Phyllodocida,Polynoidae,Gattyana,abundance,Individuals per 1000 square meter,62.05204182
SKQ202412S-DBO5.7,SKQ202412S-DBO5.7-Gattyana ciliata,8/21/2024,8:34:06,71.496738,-157.689295,Benthos,"Plumb-staff beam trawl,  2.26m opening, 7-mm mesh net, 4-mm cod end liner",Gattyana ciliata,Species,urn:lsid:marinespecies.org:taxname:254456,"Moore, 1902",Animalia,Annelida,Polychaeta,Phyllodocida,Polynoidae,Gattyana,abundance,Individuals per 1000 square meter,186.1561254
SKQ202412S-DBO5.7,SKQ202412S-DBO5.7-Gersemia rubiformis,8/21/2024,8:34:06,71.496738,-157.689295,Benthos,"Plumb-staff beam trawl,  2.26m opening, 7-mm mesh net, 4-mm cod end liner",Gersemia rubiformis,Species,urn:lsid:marinespecies.org:taxname:156103,"Ehrenberg, 1834",Animalia,Cnidaria,Octocorallia,Malacalcyonacea,Alcyoniidae,Gersemia,abundance,Individuals per 1000 square meter,n/a
SKQ202412S-DBO5.7,SKQ202412S-DBO5.7-Golfingia margaritacea,8/21/2024,8:34:06,71.496738,-157.689295,Benthos,"Plumb-staff beam trawl,  2.26m opening, 7-mm mesh net, 4-mm cod end liner",Golfingia margaritacea,Species,urn:lsid:marinespecies.org:taxname:175027,"Sars, 1851",Animalia,Annelida,n/a,Sipuncula,Golfingiidae,Golfingia,abundance,Individuals per 1000 square meter,62.05204182
SKQ202412S-DBO5.7,SKQ202412S-DBO5.7-Heteropora,8/21/2024,8:34:06,71.496738,-157.689295,Benthos,"Plumb-staff beam trawl,  2.26m opening, 7-mm mesh net, 4-mm cod end liner",Heteropora,Genus,urn:lsid:marinespecies.org:taxname:248342,"de Blainville, 1830",Animalia,Bryozoa,Stenolaemata,Cyclostomatida,Heteroporidae,Heteropora,abundance,Individuals per 1000 square meter,n/a
SKQ202412S-DBO5.7,SKQ202412S-DBO5.7-Hyas coarctatus,8/21/2024,8:34:06,71.496738,-157.689295,Benthos,"Plumb-staff beam trawl,  2.26m opening, 7-mm mesh net, 4-mm cod end liner",Hyas coarctatus,Species,urn:lsid:marinespecies.org:taxname:107323,"Leach, 1815",Animalia,Arthropoda,Malacostraca,Decapoda,Oregoniidae,Hyas,abundance,Individuals per 1000 square meter,248.2081673
SKQ202412S-DBO5.7,SKQ202412S-DBO5.7-Musculus glacialis,8/21/2024,8:34:06,71.496738,-157.689295,Benthos,"Plumb-staff beam trawl,  2.26m opening, 7-mm mesh net, 4-mm cod end liner",Musculus glacialis,Species,urn:lsid:marinespecies.org:taxname:467467,"Leche, 1883",Animalia,Mollusca,Bivalvia,Mytilida,Mytilidae,Musculus,abundance,Individuals per 1000 square meter,62.05204182
SKQ202412S-DBO5.7,SKQ202412S-DBO5.7-Nemertea,8/21/2024,8:34:06,71.496738,-157.689295,Benthos,"Plumb-staff beam trawl,  2.26m opening, 7-mm mesh net, 4-mm cod end liner",Nemertea,Phylum,urn:lsid:marinespecies.org:taxname:152391,n/a,Animalia,Nemertea,n/a,n/a,n/a,n/a,abundance,Individuals per 1000 square meter,248.2081673
SKQ202412S-DBO5.7,SKQ202412S-DBO5.7-Nymphon,8/21/2024,8:34:06,71.496738,-157.689295,Benthos,"Plumb-staff beam trawl,  2.26m opening, 7-mm mesh net, 4-mm cod end liner",Nymphon,Genus,urn:lsid:marinespecies.org:taxname:134591,"Fabricius, 1794",Animalia,Arthropoda,Pycnogonida,Pantopoda,Nymphonidae,Nymphon,abundance,Individuals per 1000 square meter,62.05204182
SKQ202412S-DBO5.7,SKQ202412S-DBO5.7-Obesotoma,8/21/2024,8:34:06,71.496738,-157.689295,Benthos,"Plumb-staff beam trawl,  2.26m opening, 7-mm mesh net, 4-mm cod end liner",Obesotoma,Genus,urn:lsid:marinespecies.org:taxname:137825,"Bartsch, 1941",Animalia,Mollusca,Gastropoda,Neogastropoda,Mangeliidae,Obesotoma,abundance,Individuals per 1000 square meter,62.05204182
SKQ202412S-DBO5.7,SKQ202412S-DBO5.7-Ophiacantha bidentata,8/21/2024,8:34:06,71.496738,-157.689295,Benthos,"Plumb-staff beam trawl,  2.26m opening, 7-mm mesh net, 4-mm cod end liner",Ophiacantha bidentata,Species,urn:lsid:marinespecies.org:taxname:124978,"Bruzelius, 1805",Animalia,Echinodermata,Ophiuroidea,Ophiacanthida,Ophiacanthidae,Ophiacantha,abundance,Individuals per 1000 square meter,372.3122509
SKQ202412S-DBO5.7,SKQ202412S-DBO5.7-Ophiura robusta,8/21/2024,8:34:06,71.496738,-157.689295,Benthos,"Plumb-staff beam trawl,  2.26m opening, 7-mm mesh net, 4-mm cod end liner",Ophiura robusta,Species,urn:lsid:marinespecies.org:taxname:124933,"Ayres, 1852",Animalia,Echinodermata,Ophiuroidea,Ophiurida,Ophiuridae,Ophiura,abundance,Individuals per 1000 square meter,124.1040836
SKQ202412S-DBO5.7,SKQ202412S-DBO5.7-Ophiura sarsiii,8/21/2024,8:34:06,71.496738,-157.689295,Benthos,"Plumb-staff beam trawl,  2.26m opening, 7-mm mesh net, 4-mm cod end liner",Ophiura sarsiii,Species,urn:lsid:marinespecies.org:taxname:124934,"Lütken, 1855",Animalia,Echinodermata,Ophiuroidea,Ophiurida,Ophiuridae,Ophiura,abundance,Individuals per 1000 square meter,29971.1362
SKQ202412S-DBO5.7,SKQ202412S-DBO5.7-Pagurus capillatus,8/21/2024,8:34:06,71.496738,-157.689295,Benthos,"Plumb-staff beam trawl,  2.26m opening, 7-mm mesh net, 4-mm cod end liner",Pagurus capillatus,Species,urn:lsid:marinespecies.org:taxname:254489,"Benedict, 1892",Animalia,Arthropoda,Malacostraca,Decapoda,Paguridae,Pagurus,abundance,Individuals per 1000 square meter,62.05204182
SKQ202412S-DBO5.7,SKQ202412S-DBO5.7-Phyllodoce groenlandica,8/21/2024,8:34:06,71.496738,-157.689295,Benthos,"Plumb-staff beam trawl,  2.26m opening, 7-mm mesh net, 4-mm cod end liner",Phyllodoce groenlandica,Species,urn:lsid:marinespecies.org:taxname:334506,"Örsted, 1842",Animalia,Annelida,Polychaeta,Phyllodocida,Phyllodocidae,Phyllodoce,abundance,Individuals per 1000 square meter,62.05204182
SKQ202412S-DBO5.7,SKQ202412S-DBO5.7-Plicifusus kroeyeri,8/21/2024,8:34:06,71.496738,-157.689295,Benthos,"Plumb-staff beam trawl,  2.26m opening, 7-mm mesh net, 4-mm cod end liner",Plicifusus kroeyeri,Species,urn:lsid:marinespecies.org:taxname:491269,"Møller, 1842",Animalia,Mollusca,Gastropoda,Neogastropoda,Buccinidae,Plicifusus,abundance,Individuals per 1000 square meter,3.447335656
SKQ202412S-DBO5.7,SKQ202412S-DBO5.7-Socarnes bidenticulatus,8/21/2024,8:34:06,71.496738,-157.689295,Benthos,"Plumb-staff beam trawl,  2.26m opening, 7-mm mesh net, 4-mm cod end liner",Socarnes bidenticulatus,Species,urn:lsid:marinespecies.org:taxname:102722,"Spence Bate, 1858",Animalia,Arthropoda,Malacostraca,Amphipoda,Lysianassidae,Socarnes,abundance,Individuals per 1000 square meter,124.1040836
SKQ202412S-DBO5.7,SKQ202412S-DBO5.7-Solariella obscura,8/21/2024,8:34:06,71.496738,-157.689295,Benthos,"Plumb-staff beam trawl,  2.26m opening, 7-mm mesh net, 4-mm cod end liner",Solariella obscura,Species,urn:lsid:marinespecies.org:taxname:141840,"Couthouy, 1838",Animalia,Mollusca,Gastropoda,Trochida,Solariellidae,Solariella,abundance,Individuals per 1000 square meter,62.05204182
SKQ202412S-DBO5.7,SKQ202412S-DBO5.7-Solaster,8/21/2024,8:34:06,71.496738,-157.689295,Benthos,"Plumb-staff beam trawl,  2.26m opening, 7-mm mesh net, 4-mm cod end liner",Solaster,Genus,urn:lsid:marinespecies.org:taxname:123338,"Forbes, 1839",Animalia,Echinodermata,Asteroidea,Valvatida,Solasteridae,Solaster,abundance,Individuals per 1000 square meter,3.447335656
SKQ202412S-DBO5.7,SKQ202412S-DBO5.7-Stegocephalidae,8/21/2024,8:34:06,71.496738,-157.689295,Benthos,"Plumb-staff beam trawl,  2.26m opening, 7-mm mesh net, 4-mm cod end liner",Stegocephalidae,Family,urn:lsid:marinespecies.org:taxname:101408,"Dana, 1852",Animalia,Arthropoda,Malacostraca,Amphipoda,Stegocephalidae,n/a,abundance,Individuals per 1000 square meter,62.05204182
SKQ202412S-DBO5.7,SKQ202412S-DBO5.7-Stomphia,8/21/2024,8:34:06,71.496738,-157.689295,Benthos,"Plumb-staff beam trawl,  2.26m opening, 7-mm mesh net, 4-mm cod end liner",Stomphia,Genus,urn:lsid:marinespecies.org:taxname:100716,"Gosse, 1859",Animalia,Cnidaria,Hexacorallia,Actiniaria,Actinostolidae,Stomphia,abundance,Individuals per 1000 square meter,124.1040836
SKQ202412S-DBO5.7,SKQ202412S-DBO5.7-Styela rustica,8/21/2024,8:34:06,71.496738,-157.689295,Benthos,"Plumb-staff beam trawl,  2.26m opening, 7-mm mesh net, 4-mm cod end liner",Styela rustica,Species,urn:lsid:marinespecies.org:taxname:103937,"Linnaeus, 1767",Animalia,Chordata,Ascidiacea,Stolidobranchia,Styelidae,Styela,abundance,Individuals per 1000 square meter,62.05204182
SKQ202412S-DBO5.7,SKQ202412S-DBO5.7-Synidotea bicuspida,8/21/2024,8:34:06,71.496738,-157.689295,Benthos,"Plumb-staff beam trawl,  2.26m opening, 7-mm mesh net, 4-mm cod end liner",Synidotea bicuspida,Species,urn:lsid:marinespecies.org:taxname:156445,"Owen, 1839",Animalia,Arthropoda,Malacostraca,Isopoda,Idoteidae,Synidotea,abundance,Individuals per 1000 square meter,248.2081673
SKQ202412S-DBO5.7,SKQ202412S-DBO5.7-Tachyrhynchus erosus,8/21/2024,8:34:06,71.496738,-157.689295,Benthos,"Plumb-staff beam trawl,  2.26m opening, 7-mm mesh net, 4-mm cod end liner",Tachyrhynchus erosus,Species,urn:lsid:marinespecies.org:taxname:196391,"Couthouy, 1838",Animalia,Mollusca,Gastropoda,Caenogastropoda incertae sedis,Turritellidae,Tachyrhynchus,abundance,Individuals per 1000 square meter,62.05204182
